// $Id: glcd_font_knob_icons.c 43 2008-09-30 23:30:38Z tk $
// converted with 'convpix_c.pl glcd_font_knob_icons.xpm -icons 12 -height 24'

#include <mios32.h>

  // $Id: glcd_font_tiny.c 43 2008-09-30 23:30:38Z tk $
  // converted with 'convpix_16bit_c.pl glcd_font_small.xpm'
  const u8 GLCD_FONT_16BIT_PIX[] = {
    12, 12, 0, 12, // width, height, X0 offset, char offset
    // converted with 'convpix_16bit_c.pl glcd_font_16bit_pix.xpm'
    0x00,0x00,0x00,0x00,0x00,0x00,0x00,0x00,0x00,0x00,0x00,0x00,0x00,0x00,0x00,0x00,0x00,0x00,0x00,0x00,0x00,0x00,0x00,0x00,0x00,0x00,0x00,0x00,0x00,0x00,0x00,0x00,
    0x00,0x00,0x00,0x00,0x00,0x00,0x00,0x00,0x00,0x00,0x00,0x00,0x00,0x00,0x00,0x00,0x00,0x00,0x00,0x00,0x00,0x00,0x00,0x00,0x00,0x00,0x00,0x00,0x00,0x00,0x00,0x00,
    0x00,0x00,0x00,0x00,0x00,0x00,0x00,0x00,0x00,0x00,0x00,0x00,0x00,0x00,0x00,0x00,0x00,0x00,0x00,0x00,0x00,0x00,0x00,0x00,0x00,0x00,0x00,0x00,0x00,0x00,0x00,0x00,
    0x00,0x00,0x00,0x00,0x00,0x00,0x00,0x00,0x00,0x00,0x00,0x00,0x00,0x00,0x00,0x00,0x00,0x00,0x00,0x00,0x00,0x00,0x00,0x00,0x00,0x00,0x00,0x00,0x00,0x00,0x00,0x00,
    0x00,0x00,0x00,0x00,0x00,0x00,0x00,0x00,0x00,0x00,0x00,0x00,0x00,0x00,0x00,0x00,0x00,0x00,0x00,0x00,0x00,0x00,0x00,0x00,0x00,0x00,0x00,0x00,0x00,0x00,0x00,0x00,
    0x00,0x00,0x00,0x00,0x00,0x00,0x00,0x00,0x00,0x00,0x00,0x00,0x00,0x00,0x00,0x00,0x00,0x00,0x00,0x00,0x00,0x00,0x00,0x00,0x00,0x00,0x00,0x00,0x00,0x00,0x00,0x00,
    0x00,0x00,0x00,0x00,0x00,0x00,0x00,0x00,0x00,0x00,0x00,0x00,0x00,0x00,0x00,0x00,0x00,0x00,0x00,0x00,0x00,0x00,0x00,0x00,0x00,0x00,0x00,0x00,0x00,0x00,0x00,0x00,
    0x00,0x00,0x00,0x00,0x00,0x00,0x00,0x00,0x00,0x00,0x00,0x00,0x00,0x00,0x00,0x00,0x00,0x00,0x00,0x00,0x00,0x00,0x00,0x00,0x00,0x00,0x00,0x00,0x00,0x00,0x00,0x00,
    0x00,0x00,0x00,0x00,0x00,0x00,0x00,0x00,0x00,0x00,0x00,0x00,0x00,0x00,0x00,0x00,0x00,0x00,0x00,0x00,0x00,0x00,0x00,0x00,0x00,0x00,0x00,0x00,0x00,0x00,0x00,0x00,
    0x00,0x00,0x00,0x00,0x00,0x00,0x00,0x00,0x00,0x00,0x00,0x00,0x00,0x00,0x00,0x00,0x00,0x00,0x00,0x00,0x00,0x00,0x00,0x00,0x00,0x00,0x00,0x00,0x00,0x00,0x00,0x00,
    0x00,0x00,0x00,0x00,0x00,0x00,0x00,0x00,0x00,0x00,0x00,0x00,0x00,0x00,0x00,0x00,0x00,0x00,0x00,0x00,0x00,0x00,0x00,0x00,0x00,0x00,0x00,0x00,0x00,0x00,0x00,0x00,
    0x00,0x00,0x00,0x00,0x00,0x00,0x00,0x00,0x00,0x00,0x00,0x00,0x00,0x00,0x00,0x00,0x00,0x00,0x00,0x00,0x00,0x00,0x00,0x00,0x00,0x00,0x00,0x00,0x00,0x00,0x00,0x00,
    0x00,0x00,0x00,0x00,0x00,0x00,0x00,0x00,0x00,0x00,0x00,0x00,0x00,0x00,0x00,0x00,0x00,0x00,0x00,0x00,0x00,0x00,0x00,0x00,0x00,0x00,0x00,0x00,0x00,0x00,0x00,0x00,
    0x00,0x00,0x00,0x00,0x00,0x00,0x00,0x00,0x00,0x00,0x00,0x00,0x00,0x00,0x00,0x00,0x00,0x00,0x00,0x00,0x00,0x00,0x00,0x00,0x00,0x00,0x00,0x00,0x00,0x00,0x00,0x00,
    0x00,0x00,0x00,0x00,0x00,0x00,0x00,0x00,0x00,0x00,0x00,0x00,0x00,0x00,0x00,0x00,0x00,0x00,0x00,0x00,0x00,0x00,0x00,0x00,0x00,0x00,0x00,0x00,0x00,0x00,0x00,0x00,
    0x00,0x00,0x00,0x00,0x00,0x00,0x00,0x00,0x00,0x00,0x00,0x00,0x00,0x00,0x00,0x00,0x00,0x00,0x00,0x00,0x00,0x00,0x00,0x00,0x00,0x00,0x00,0x00,0x00,0x00,0x00,0x00,
    0x00,0x00,0x00,0x00,0x00,0x00,0x00,0x00,0x00,0x00,0x00,0x00,0x00,0x00,0x00,0x00,0x00,0x00,0x00,0x00,0x00,0x00,0x00,0x00,0x00,0x00,0x00,0x00,0x00,0x00,0x00,0x00,
    0x00,0x00,0x00,0x00,0x00,0x00,0x00,0x00,0x00,0x00,0x00,0x00,0x00,0x00,0x00,0x00,0x00,0x00,0x00,0x00,0x00,0x00,0x00,0x00,0x00,0x00,0x00,0x00,0x00,0x00,0x00,0x00,
    0x00,0x00,0x00,0x00,0x00,0x00,0x00,0x00,0x00,0x00,0x00,0x00,0x00,0x00,0x00,0x00,0x00,0x00,0x00,0x00,0x00,0x00,0x00,0x00,0x00,0x00,0x00,0x00,0x00,0x00,0x00,0x00,
    0x00,0x00,0x00,0x00,0x00,0x00,0x00,0x00,0x00,0x00,0x00,0x00,0x00,0x00,0x00,0x00,0x00,0x00,0x00,0x00,0x00,0x00,0x00,0x00,0x00,0x00,0x00,0x00,0x00,0x00,0x00,0x00,
    0x00,0x00,0x00,0x00,0x00,0x00,0x00,0x00,0x00,0x00,0x00,0x00,0x00,0x00,0x00,0x00,0x00,0x00,0x00,0x00,0x00,0x00,0x00,0x00,0x00,0x00,0x00,0x00,0x00,0x00,0x00,0x00,
    0x00,0x00,0x00,0x00,0x00,0x00,0x00,0x00,0x00,0x00,0x00,0x00,0x00,0x00,0x00,0x00,0x00,0x00,0x00,0x00,0x00,0x00,0x00,0x00,0x00,0x00,0x00,0x00,0x00,0x00,0x00,0x00,
    0x00,0x00,0x00,0x00,0x00,0x00,0x00,0x00,0x00,0x00,0x00,0x00,0x00,0x00,0x00,0x00,0x00,0x00,0x00,0x00,0x00,0x00,0x00,0x00,0x00,0x00,0x00,0x00,0x00,0x00,0x00,0x00,
    0x00,0x00,0x00,0x00,0x00,0x00,0x00,0x00,0x00,0x00,0x00,0x00,0x00,0x00,0x00,0x00,0x00,0x00,0x00,0x00,0x00,0x00,0x00,0x00,0x00,0x00,0x00,0x00,0x00,0x00,0x00,0x00,
    0x00,0x00,0x00,0x00,0x00,0x00,0x00,0x00,0x00,0x00,0x00,0x00,0x00,0x00,0x00,0x00,0x00,0x00,0x00,0x00,0x00,0x00,0x00,0x00,0x00,0x00,0x00,0x00,0x00,0x00,0x00,0x00,
    0x00,0x00,0x00,0x00,0x00,0x00,0x00,0x00,0x00,0x00,0x00,0x00,0x00,0x00,0x00,0x00,0x00,0x00,0x00,0x00,0x00,0x00,0x00,0x00,0x00,0x00,0x00,0x00,0x00,0x00,0x00,0x00,
    0x00,0x00,0x00,0x00,0x00,0x00,0x00,0x00,0x00,0x00,0x00,0x00,0x00,0x00,0x00,0x00,0x00,0x00,0x00,0x00,0x00,0x00,0x00,0x00,0x00,0x00,0x00,0x00,0x00,0x00,0x00,0x00,
    0x00,0x00,0x00,0x00,0x00,0x00,0x00,0x00,0x00,0x00,0x00,0x00,0x00,0x00,0x00,0x00,0x00,0x00,0x00,0x00,0x00,0x00,0x00,0x00,0x00,0x00,0x00,0x00,0x00,0x00,0x00,0x00,
    0x00,0x00,0x00,0x00,0x00,0x00,0x00,0x00,0x00,0x00,0x00,0x00,0x00,0x00,0x00,0x00,0x00,0x00,0x00,0x00,0x00,0x00,0x00,0x00,0x00,0x00,0x00,0x00,0x00,0x00,0x00,0x00,
    0x00,0x00,0x00,0x00,0x00,0x00,0x00,0x00,0x00,0x00,0x00,0x00,0x00,0x00,0x00,0x00,0x00,0x00,0x00,0x00,0x00,0x00,0x00,0x00,0x00,0x00,0x00,0x00,0x00,0x00,0x00,0x00,
    0x00,0x00,0x00,0x00,0x00,0x00,0x00,0x00,0x00,0x00,0x00,0x00,0x00,0x00,0x00,0x00,0x00,0x00,0x00,0x00,0x00,0x00,0x00,0x00,0x00,0x00,0x00,0x00,0x00,0x00,0x00,0x00,
    0x00,0x00,0x00,0x00,0x00,0x00,0x00,0x00,0x00,0x00,0x00,0x00,0x00,0x00,0x00,0x00,0x00,0x00,0x00,0x00,0x00,0x00,0x00,0x00,0x00,0x00,0x00,0x00,0x00,0x00,0x00,0x00,
    0x00,0x00,0x00,0x00,0x00,0x00,0x00,0x00,0x00,0x00,0x00,0x00,0x00,0x00,0x00,0x00,0x00,0x00,0x00,0x00,0x00,0x00,0x00,0x00,0x00,0x00,0x00,0x00,0x00,0x00,0x00,0x00,
    0x00,0x00,0x00,0x00,0x00,0x00,0x00,0x00,0x00,0x00,0x00,0x00,0x00,0x00,0x00,0x00,0x00,0x00,0x00,0x00,0x00,0x00,0x00,0x00,0x00,0x00,0x00,0x00,0x00,0x00,0x00,0x00,
    0x00,0x00,0x00,0x00,0x00,0x00,0x00,0x00,0x00,0x00,0x00,0x00,0x00,0x00,0x00,0x00,0x00,0x00,0x00,0x00,0x00,0x00,0x00,0x00,0x00,0x00,0x00,0x00,0x00,0x00,0x00,0x00,
    0x00,0x00,0x00,0x00,0x00,0x00,0x00,0x00,0x00,0x00,0x00,0x00,0x00,0x00,0x00,0x00,0x00,0x00,0x00,0x00,0x00,0x00,0x00,0x00,0x00,0x00,0x00,0x00,0x00,0x00,0x00,0x00,
    0x00,0x00,0x00,0x00,0x00,0x00,0x00,0x00,0x00,0x00,0x00,0x00,0x00,0x00,0x00,0x00,0x00,0x00,0x00,0x00,0x00,0x00,0x00,0x00,0x00,0x00,0x00,0x00,0x00,0x00,0x00,0x00,
    0x00,0x00,0x00,0x00,0x00,0x00,0x00,0x00,0x00,0x00,0x00,0x00,0x00,0x00,0x00,0x00,0x00,0x00,0x00,0x00,0x00,0x00,0x00,0x00,0x00,0x00,0x00,0x00,0x00,0x00,0x00,0x00,
    0x00,0x00,0x00,0x00,0x00,0x00,0x00,0x00,0x00,0x00,0x00,0x00,0x00,0x00,0x00,0x00,0x00,0x00,0x00,0x00,0x00,0x00,0x00,0x00,0x00,0x00,0x00,0x00,0x00,0x00,0x00,0x00,
    0x00,0x00,0x00,0x00,0x00,0x00,0x00,0x00,0x00,0x00,0x00,0x00,0x00,0x00,0x00,0x00,0x00,0x00,0x00,0x00,0x00,0x00,0x00,0x00,0x00,0x00,0x00,0x00,0x00,0x00,0x00,0x00,
    0x00,0x00,0x00,0x00,0x00,0x00,0x00,0x00,0x00,0x00,0x00,0x00,0x00,0x00,0x00,0x00,0x00,0x00,0x00,0x00,0x00,0x00,0x00,0x00,0x00,0x00,0x00,0x00,0x00,0x00,0x00,0x00,
    0x00,0x00,0x00,0x00,0x00,0x00,0x00,0x00,0x00,0x00,0x00,0x00,0x00,0x00,0x00,0x00,0x00,0x00,0x00,0x00,0x00,0x00,0x00,0x00,0x00,0x00,0x00,0x00,0x00,0x00,0x00,0x00,
    0x00,0x00,0x00,0x00,0x00,0x00,0x00,0x00,0x00,0x00,0x00,0x00,0x00,0x00,0x00,0x00,0x00,0x00,0x00,0x00,0x00,0x00,0x00,0x00,0x00,0x00,0x00,0x00,0x00,0x00,0x00,0x00,
    0x00,0x00,0x00,0x00,0x00,0x00,0x00,0x00,0x00,0x00,0x00,0x00,0x00,0x00,0x00,0x00,0x00,0x00,0x00,0x00,0x00,0x00,0x00,0x00,0x00,0x00,0x00,0x00,0x00,0x00,0x00,0x00,
    0x00,0x00,0x00,0x00,0x00,0x00,0x00,0x00,0x00,0x00,0x00,0x00,0x00,0x00,0x00,0x00,0x00,0x00,0x00,0x00,0x00,0x00,0x00,0x00,0x00,0x00,0x00,0x00,0x00,0x00,0x00,0x00,
    0x00,0x00,0x00,0x00,0x00,0x00,0x00,0x00,0x00,0x00,0x00,0x00,0x00,0x00,0x00,0x00,0x00,0x00,0x00,0x00,0x00,0x00,0x00,0x00,0x00,0x00,0x00,0x00,0x00,0x00,0x00,0x00,
    0x00,0x00,0x00,0x00,0x00,0x00,0x00,0x00,0x00,0x00,0x00,0x00,0x00,0x00,0x00,0x00,0x00,0x00,0x00,0x00,0x00,0x00,0x00,0x00,0x00,0x00,0x00,0x00,0x00,0x00,0x00,0x00,
    0x00,0x00,0x00,0x00,0x00,0x00,0x00,0x00,0x00,0x00,0x00,0x00,0x00,0x00,0x00,0x00,0x00,0x00,0x00,0x00,0x00,0x00,0x00,0x00,0x00,0x00,0x00,0x00,0x00,0x00,0x00,0x00,
    0x00,0x00,0x00,0x00,0x00,0x00,0x00,0x00,0x00,0x00,0x00,0x00,0x00,0x00,0x00,0x00,0x00,0x00,0x00,0x00,0x00,0x00,0x00,0x00,0x00,0x00,0x00,0x00,0x00,0x00,0x00,0x00,
    0x00,0x00,0x00,0x00,0x00,0x00,0x00,0x00,0x00,0x00,0x00,0x00,0x00,0x00,0x00,0x00,0x00,0x00,0x00,0x00,0x00,0x00,0x00,0x00,0x00,0x00,0x00,0x00,0x00,0x00,0x00,0x00,
    0x00,0x00,0x00,0x00,0x00,0x00,0x00,0x00,0x00,0x00,0x00,0x00,0x00,0x00,0x00,0x00,0x00,0x00,0x00,0x00,0x00,0x00,0x00,0x00,0x00,0x00,0x00,0x00,0x00,0x00,0x00,0x00,
    0x00,0x00,0x00,0x00,0x00,0x00,0x00,0x00,0x00,0x00,0x00,0x00,0x00,0x00,0x00,0x00,0x00,0x00,0x00,0x00,0x00,0x00,0x00,0x00,0x00,0x00,0x00,0x00,0x00,0x00,0x00,0x00,
    0x00,0x00,0x00,0x00,0x00,0x00,0x00,0x00,0x00,0x00,0x00,0x00,0x00,0x00,0x00,0x00,0x00,0x00,0x00,0x00,0x00,0x00,0x00,0x00,0x00,0x00,0x00,0x00,0x00,0x00,0x00,0x00,
    0x00,0x00,0x00,0x00,0x00,0x00,0x00,0x00,0x00,0x00,0x00,0x00,0x00,0x00,0x00,0x00,0x00,0x00,0x00,0x00,0x00,0x00,0x00,0x00,0x00,0x00,0x00,0x00,0x00,0x00,0x00,0x00,
    0x00,0x00,0x00,0x00,0x00,0x00,0x00,0x00,0x00,0x00,0x00,0x00,0x00,0x00,0x00,0x00,0x00,0x00,0x00,0x00,0x00,0x00,0x00,0x00,0x00,0x00,0x00,0x00,0x00,0x00,0x00,0x00,
    0x00,0x00,0x00,0x00,0x00,0x00,0x00,0x00,0x00,0x00,0x00,0x00,0x00,0x00,0x00,0x00,0x00,0x00,0x00,0x00,0x00,0x00,0x00,0x00,0x00,0x00,0x00,0x00,0x00,0x00,0x00,0x00,
    0x00,0x00,0x00,0x00,0x00,0x00,0x00,0x00,0x00,0x00,0x00,0x00,0x00,0x00,0x00,0x00,0x00,0x00,0x00,0x00,0x00,0x00,0x00,0x00,0x00,0x00,0x00,0x00,0x00,0x00,0x00,0x00,
    0x00,0x00,0x00,0x00,0x00,0x00,0x00,0x00,0x00,0x00,0x00,0x00,0x00,0x00,0x00,0x00,0x00,0x00,0x00,0x00,0x00,0x00,0x00,0x00,0x00,0x00,0x00,0x00,0x00,0x00,0x00,0x00,
    0x00,0x00,0x00,0x00,0x00,0x00,0x00,0x00,0x00,0x00,0x00,0x00,0x00,0x00,0x00,0x00,0x00,0x00,0x00,0x00,0x00,0x00,0x00,0x00,0x00,0x00,0x00,0x00,0x00,0x00,0x00,0x00,
    0x00,0x00,0x00,0x00,0x00,0x00,0x00,0x00,0x00,0x00,0x00,0x00,0x00,0x00,0x00,0x00,0x00,0x00,0x00,0x00,0x00,0x00,0x00,0x00,0x00,0x00,0x00,0x00,0x00,0x00,0x00,0x00,
    0x00,0x00,0x00,0x00,0x00,0x00,0x00,0x00,0x00,0x00,0x00,0x00,0x00,0x00,0x00,0x00,0x00,0x00,0x00,0x00,0x00,0x00,0x00,0x00,0x00,0x00,0x00,0x00,0x00,0x00,0x00,0x00,
    0x00,0x00,0x00,0x00,0x00,0x00,0x00,0x00,0x00,0x00,0x00,0x00,0x00,0x00,0x00,0x00,0x00,0x00,0x00,0x00,0x00,0x00,0x00,0x00,0x00,0x00,0x00,0x00,0x00,0x00,0x00,0x00,
    0x00,0x00,0x00,0x00,0x00,0x00,0x00,0x00,0x00,0x00,0x00,0x00,0x00,0x00,0x00,0x00,0x00,0x00,0x00,0x00,0x00,0x00,0x00,0x00,0x00,0x00,0x00,0x00,0x00,0x00,0x00,0x00,
    0x00,0x00,0x00,0x00,0x00,0x00,0x00,0x00,0x00,0x00,0x00,0x00,0x00,0x00,0x00,0x00,0x00,0x00,0x00,0x00,0x00,0x00,0x00,0x00,0x00,0x00,0x00,0x00,0x00,0x00,0x00,0x00,
    0x00,0x00,0x00,0x00,0x00,0x00,0x00,0x00,0x00,0x00,0x00,0x00,0x00,0x00,0x00,0x00,0x00,0x00,0x00,0x00,0x00,0x00,0x00,0x00,0x00,0x00,0x00,0x00,0x00,0x00,0x00,0x00,
    0x00,0x00,0x00,0x00,0x00,0x00,0x00,0x00,0x00,0x00,0x00,0x00,0x00,0x00,0x00,0x00,0x00,0x00,0x00,0x00,0x00,0x00,0x00,0x00,0x00,0x00,0x00,0x00,0x00,0x00,0x00,0x00,
    0x00,0x00,0x00,0x00,0x00,0x00,0x00,0x00,0x00,0x00,0x00,0x00,0x00,0x00,0x00,0x00,0x00,0x00,0x00,0x00,0x00,0x00,0x00,0x00,0x00,0x00,0x00,0x00,0x00,0x00,0x00,0x00,
    0x00,0x00,0x00,0x00,0x00,0x00,0x00,0x00,0x00,0x00,0x00,0x00,0x00,0x00,0x00,0x00,0x00,0x00,0x00,0x00,0x00,0x00,0x00,0x00,0x00,0x00,0x00,0x00,0x00,0x00,0x00,0x00,
    0x00,0x00,0x00,0x00,0x00,0x00,0x00,0x00,0x00,0x00,0x00,0x00,0x00,0x00,0x00,0x00,0x00,0x00,0x00,0x00,0x00,0x00,0x00,0x00,0x00,0x00,0x00,0x00,0x00,0x00,0x00,0x00,
    0x00,0x00,0x00,0x00,0x00,0x00,0x00,0x00,0x00,0x00,0x00,0x00,0x00,0x00,0x00,0x00,0x00,0x00,0x00,0x00,0x00,0x00,0x00,0x00,0x00,0x00,0x00,0x00,0x00,0x00,0x00,0x00,
    0x00,0x00,0x00,0x00,0x00,0x00,0x00,0x00,0x00,0x00,0x00,0x00,0x00,0x00,0x00,0x00,0x00,0x00,0x00,0x00,0x00,0x00,0x00,0x00,0x00,0x00,0x00,0x00,0x00,0x00,0x00,0x00,
    0x00,0x00,0x00,0x00,0x00,0x00,0x00,0x00,0x00,0x00,0x00,0x00,0x00,0x00,0x00,0x00,0x00,0x00,0x00,0x00,0x00,0x00,0x00,0x00,0x00,0x00,0x00,0x00,0x00,0x00,0x00,0x00,
    0x00,0x00,0x00,0x00,0x00,0x00,0x00,0x00,0x00,0x00,0x00,0x00,0x00,0x00,0x00,0x00,0x00,0x00,0x00,0x00,0x00,0x00,0x00,0x00,0x00,0x00,0x00,0x00,0x00,0x00,0x00,0x00,
    0x00,0x00,0x00,0x00,0x00,0x00,0x00,0x00,0x00,0x00,0x00,0x00,0x00,0x00,0x00,0x00,0x00,0x00,0x00,0x00,0x00,0x00,0x00,0x00,0x00,0x00,0x00,0x00,0x00,0x00,0x00,0x00,
    0x00,0x00,0x00,0x00,0x00,0x00,0x00,0x00,0x00,0x00,0x00,0x00,0x00,0x00,0x00,0x00,0x00,0x00,0x00,0x00,0x00,0x00,0x00,0x00,0x00,0x00,0x00,0x00,0x00,0x00,0x00,0x00,
    0x00,0x00,0x00,0x00,0x00,0x00,0x00,0x00,0x00,0x00,0x00,0x00,0x00,0x00,0x00,0x00,0x00,0x00,0x00,0x00,0x00,0x00,0x00,0x00,0x00,0x00,0x00,0x00,0x00,0x00,0x00,0x00,
    0x00,0x00,0x00,0x00,0x00,0x00,0x00,0x00,0x00,0x00,0x00,0x00,0x00,0x00,0x00,0x00,0x00,0x00,0x00,0x00,0x00,0x00,0x00,0x00,0x00,0x00,0x00,0x00,0x00,0x00,0x00,0x00,
    0x00,0x00,0x00,0x00,0x00,0x00,0x00,0x00,0x00,0x00,0x00,0x00,0x00,0x00,0x00,0x00,0x00,0x00,0x00,0x00,0x00,0x00,0x00,0x00,0x00,0x00,0x00,0x00,0x00,0x00,0x00,0x00,
    0x00,0x00,0x00,0x00,0x00,0x00,0x00,0x00,0x00,0x00,0x00,0x00,0x00,0x00,0x00,0x00,0x00,0x00,0x00,0x00,0x00,0x00,0x00,0x00,0x00,0x00,0x00,0x00,0x00,0x00,0x00,0x00,
    0x00,0x00,0x00,0x00,0x00,0x00,0x00,0x00,0x00,0x00,0x00,0x00,0x00,0x00,0x00,0x00,0x00,0x00,0x00,0x00,0x00,0x00,0x00,0x00,0x00,0x00,0x00,0x00,0x00,0x00,0x00,0x00,
    0x00,0x00,0x00,0x00,0x00,0x00,0x00,0x00,0x00,0x00,0x00,0x00,0x00,0x00,0x00,0x00,0x00,0x00,0x00,0x00,0x00,0x00,0x00,0x00,0x00,0x00,0x00,0x00,0x00,0x00,0x00,0x00,
    0x00,0x00,0x00,0x00,0x00,0x00,0x00,0x00,0x00,0x00,0x00,0x00,0x00,0x00,0x00,0x00,0x00,0x00,0x00,0x00,0x00,0x00,0x00,0x00,0x00,0x00,0x00,0x00,0x00,0x00,0x00,0x00,
    0x00,0x00,0x00,0x00,0x00,0x00,0x00,0x00,0x00,0x00,0x00,0x00,0x00,0x00,0x00,0x00,0x00,0x00,0x00,0x00,0x00,0x00,0x00,0x00,0x00,0x00,0x00,0x00,0x00,0x00,0x00,0x00,
    0x00,0x00,0x00,0x00,0x00,0x00,0x00,0x00,0x00,0x00,0x00,0x00,0x00,0x00,0x00,0x00,0x00,0x00,0x00,0x00,0x00,0x00,0x00,0x00,0x00,0x00,0x00,0x00,0x00,0x00,0x00,0x00,
    0x00,0x00,0x00,0x00,0x00,0x00,0x00,0x00,0x00,0x00,0x00,0x00,0x00,0x00,0x00,0x00,0x00,0x00,0x00,0x00,0x00,0x00,0x00,0x00,0x00,0x00,0x00,0x00,0x00,0x00,0x00,0x00,
    0x00,0x00,0x00,0x00,0x00,0x00,0x00,0x00,0x00,0x00,0x00,0x00,0x00,0x00,0x00,0x00,0x00,0x00,0x00,0x00,0x00,0x00,0x00,0x00,0x00,0x00,0x00,0x00,0x00,0x00,0x00,0x00,
    0x00,0x00,0x00,0x00,0x00,0x00,0x00,0x00,0x00,0x00,0x00,0x00,0x00,0x00,0x00,0x00,0x00,0x00,0x00,0x00,0x00,0x00,0x00,0x00,0x00,0x00,0x00,0x00,0x00,0x00,0x00,0x00,
    0x00,0x00,0x00,0x00,0x00,0x00,0x00,0x00,0x00,0x00,0x00,0x00,0x00,0x00,0x00,0x00,0x00,0x00,0x00,0x00,0x00,0x00,0x00,0x00,0x00,0x00,0x00,0x00,0x00,0x00,0x00,0x00,
    0x00,0x00,0x00,0x00,0x00,0x00,0x00,0x00,0x00,0x00,0x00,0x00,0x00,0x00,0x00,0x00,0x00,0x00,0x00,0x00,0x00,0x00,0x00,0x00,0x00,0x00,0x00,0x00,0x00,0x00,0x00,0x00,
    0x00,0x00,0x00,0x00,0x00,0x00,0x00,0x00,0x00,0x00,0x00,0x00,0x00,0x00,0x00,0x00,0x00,0x00,0x00,0x00,0x00,0x00,0x00,0x00,0x00,0x00,0x00,0x00,0x00,0x00,0x00,0x00,
    0x00,0x00,0x00,0x00,0x00,0x00,0x00,0x00,0x00,0x00,0x00,0x00,0x00,0x00,0x00,0x00,0x00,0x00,0x00,0x00,0x00,0x00,0x00,0x00,0x00,0x00,0x00,0x00,0x00,0x00,0x00,0x00,
    0x00,0x00,0x00,0x00,0x00,0x00,0x00,0x00,0x00,0x00,0x00,0x00,0x00,0x00,0x00,0x00,0x00,0x00,0x00,0x00,0x00,0x00,0x00,0x00,0x00,0x00,0x00,0x00,0x00,0x00,0x00,0x00,
    0x00,0x00,0x00,0x00,0x00,0x00,0x00,0x00,0x00,0x00,0x00,0x00,0x00,0x00,0x00,0x00,0x00,0x00,0x00,0x00,0x00,0x00,0x00,0x00,0x00,0x00,0x00,0x00,0x00,0x00,0x00,0x00,
    0x00,0x00,0x00,0x00,0x00,0x00,0x00,0x00,0x00,0x00,0x00,0x00,0x00,0x00,0x00,0x00,0x00,0x00,0x00,0x00,0x00,0x00,0x00,0x00,0x00,0x00,0x00,0x00,0x00,0x00,0x00,0x00,
    0x00,0x00,0x00,0x00,0x00,0x00,0x00,0x00,0x00,0x00,0x00,0x00,0x00,0x00,0x00,0x00,0x00,0x00,0x00,0x00,0x00,0x00,0x00,0x00,0x00,0x00,0x00,0x00,0x00,0x00,0x00,0x00,
    0x00,0x00,0x00,0x00,0x00,0x00,0x00,0x00,0x00,0x00,0x00,0x00,0x00,0x00,0x00,0x00,0x00,0x00,0x00,0x00,0x00,0x00,0x00,0x00,0x00,0x00,0x00,0x00,0x00,0x00,0x00,0x00,
    0x00,0x00,0x00,0x00,0x00,0x00,0x00,0x00,0x00,0x00,0x00,0x00,0x00,0x00,0x00,0x00,0x00,0x00,0x00,0x00,0x00,0x00,0x00,0x00,0x00,0x00,0x00,0x00,0x00,0x00,0x00,0x00,
    0x00,0x00,0x00,0x00,0x00,0x00,0x00,0x00,0x00,0x00,0x00,0x00,0x00,0x00,0x00,0x00,0x00,0x00,0x00,0x00,0x00,0x00,0x00,0x00,0x00,0x00,0x00,0x00,0x00,0x00,0x00,0x00,
    0x00,0x00,0x00,0x00,0x00,0x00,0x00,0x00,0x00,0x00,0x00,0x00,0x00,0x00,0x00,0x00,0x00,0x00,0x00,0x00,0x00,0x00,0x00,0x00,0x00,0x00,0x00,0x00,0x00,0x00,0x00,0x00,
    0x00,0x00,0x00,0x00,0x00,0x00,0x00,0x00,0x00,0x00,0x00,0x00,0x00,0x00,0x00,0x00,0x00,0x00,0x00,0x00,0x00,0x00,0x00,0x00,0x00,0x00,0x00,0x00,0x00,0x00,0x00,0x00,
    0x00,0x00,0x00,0x00,0x00,0x00,0x00,0x00,0x00,0x00,0x00,0x00,0x00,0x00,0x00,0x00,0x00,0x00,0x00,0x00,0x00,0x00,0x00,0x00,0x00,0x00,0x00,0x00,0x00,0x00,0x00,0x00,
    0x00,0x00,0x00,0x00,0x00,0x00,0x00,0x00,0x00,0x00,0x00,0x00,0x00,0x00,0x00,0x00,0x00,0x00,0x00,0x00,0x00,0x00,0x00,0x00,0x00,0x00,0x00,0x00,0x00,0x00,0x00,0x00,
    0x00,0x00,0x00,0x00,0x00,0x00,0x00,0x00,0x00,0x00,0x00,0x00,0x00,0x00,0x00,0x00,0x00,0x00,0x00,0x00,0x00,0x00,0x00,0x00,0x00,0x00,0x00,0x00,0x00,0x00,0x00,0x00,
    0x00,0x00,0x00,0x00,0x00,0x00,0x00,0x00,0x00,0x00,0x00,0x00,0x00,0x00,0x00,0x00,0x00,0x00,0x00,0x00,0x00,0x00,0x00,0x00,0x00,0x00,0x00,0x00,0x00,0x00,0x00,0x00,
    0x00,0x00,0x00,0x00,0x00,0x00,0x00,0x00,0x00,0x00,0x00,0x00,0x00,0x00,0x00,0x00,0x00,0x00,0x00,0x00,0x00,0x00,0x00,0x00,0x00,0x00,0x00,0x00,0x00,0x00,0x00,0x00,
    0x00,0x00,0x00,0x00,0x00,0x00,0x00,0x00,0x00,0x00,0x00,0x00,0x00,0x00,0x00,0x00,0x00,0x00,0x00,0x00,0x00,0x00,0x00,0x00,0x00,0x00,0x00,0x00,0x00,0x00,0x00,0x00,
    0x00,0x00,0x00,0x00,0x00,0x00,0x00,0x00,0x00,0x00,0x00,0x00,0x00,0x00,0x00,0x00,0x00,0x00,0x00,0x00,0x00,0x00,0x00,0x00,0x00,0x00,0x00,0x00,0x00,0x00,0x00,0x00,
    0x00,0x00,0x00,0x00,0x00,0x00,0x00,0x00,0x00,0x00,0x00,0x00,0x00,0x00,0x00,0x00,0x00,0x00,0x00,0x00,0x00,0x00,0x00,0x00,0x00,0x00,0x00,0x00,0x00,0x00,0x00,0x00,
    0x00,0x00,0x00,0x00,0x00,0x00,0x00,0x00,0x00,0x00,0x00,0x00,0x00,0x00,0x00,0x00,0x00,0x00,0x00,0x00,0x00,0x00,0x00,0x00,0x00,0x00,0x00,0x00,0x00,0x00,0x00,0x00,
    0x00,0x00,0x00,0x00,0x00,0x00,0x00,0x00,0x00,0x00,0x00,0x00,0x00,0x00,0x00,0x00,0x00,0x00,0x00,0x00,0x00,0x00,0x00,0x00,0x00,0x00,0x00,0x00,0x00,0x00,0x00,0x00,
    0x00,0x00,0x00,0x00,0x00,0x00,0x00,0x00,0x00,0x00,0x00,0x00,0x00,0x00,0x00,0x00,0x00,0x00,0x00,0x00,0x00,0x00,0x00,0x00,0x00,0x00,0x00,0x00,0x00,0x00,0x00,0x00,
    0x00,0x00,0x00,0x00,0x00,0x00,0x00,0x00,0x00,0x00,0x00,0x00,0x00,0x00,0x00,0x00,0x00,0x00,0x00,0x00,0x00,0x00,0x00,0x00,0x00,0x00,0x00,0x00,0x00,0x00,0x00,0x00,
    0x00,0x00,0x00,0x00,0x00,0x00,0x00,0x00,0x00,0x00,0x00,0x00,0x00,0x00,0x00,0x00,0x00,0x00,0x00,0x00,0x00,0x00,0x00,0x00,0x00,0x00,0x00,0x00,0x00,0x00,0x00,0x00,
    0x00,0x00,0x00,0x00,0x00,0x00,0x00,0x00,0x00,0x00,0x00,0x00,0x00,0x00,0x00,0x00,0x00,0x00,0x00,0x00,0x00,0x00,0x00,0x00,0x00,0x00,0x00,0x00,0x00,0x00,0x00,0x00,
    0x00,0x00,0x00,0x00,0x00,0x00,0x00,0x00,0x00,0x00,0x00,0x00,0x00,0x00,0x00,0x00,0x00,0x00,0x00,0x00,0x00,0x00,0x00,0x00,0x00,0x00,0x00,0x00,0x00,0x00,0x00,0x00,
    0x00,0x00,0x00,0x00,0x00,0x00,0x00,0x00,0x00,0x00,0x00,0x00,0x00,0x00,0x00,0x00,0x00,0x00,0x00,0x00,0x00,0x00,0x00,0x00,0x00,0x00,0x00,0x00,0x00,0x00,0x00,0x00,
    0x00,0x00,0x00,0x00,0x00,0x00,0x00,0x00,0x00,0x00,0x00,0x00,0x00,0x00,0x00,0x00,0x00,0x00,0x00,0x00,0x00,0x00,0x00,0x00,0x00,0x00,0x00,0x00,0x00,0x00,0x00,0x00,
    0x00,0x00,0x00,0x00,0x00,0x00,0x00,0x00,0x00,0x00,0x00,0x00,0x00,0x00,0x00,0x00,0x00,0x00,0x00,0x00,0x00,0x00,0x00,0x00,0x00,0x00,0x00,0x00,0x00,0x00,0x00,0x00,
    0x00,0x00,0x00,0x00,0x00,0x00,0x00,0x00,0x00,0x00,0x00,0x00,0x00,0x00,0x00,0x00,0x00,0x00,0x00,0x00,0x00,0x00,0x00,0x00,0x00,0x00,0x00,0x00,0x00,0x00,0x00,0x00,
    0x00,0x00,0x00,0x00,0x00,0x00,0x00,0x00,0x00,0x00,0x00,0x00,0x00,0x00,0x00,0x00,0x00,0x00,0x00,0x00,0x00,0x00,0x00,0x00,0x00,0x00,0x00,0x00,0x00,0x00,0x00,0x00,
    0x00,0x00,0x00,0x00,0x00,0x00,0x00,0x00,0x00,0x00,0x00,0x00,0x00,0x00,0x00,0x00,0x00,0x00,0x00,0x00,0x00,0x00,0x00,0x00,0x00,0x00,0x00,0x00,0x00,0x00,0x00,0x00,
    0x00,0x00,0x00,0x00,0x00,0x00,0x00,0x00,0x00,0x00,0x00,0x00,0x00,0x00,0x00,0x00,0x00,0x00,0x00,0x00,0x00,0x00,0x00,0x00,0x00,0x00,0x00,0x00,0x00,0x00,0x00,0x00,
    0x00,0x00,0x00,0x00,0x00,0x00,0x00,0x00,0x00,0x00,0x00,0x00,0x00,0x00,0x00,0x00,0x00,0x00,0x00,0x00,0x00,0x00,0x00,0x00,0x00,0x00,0x00,0x00,0x00,0x00,0x00,0x00,
    0x00,0x00,0x00,0x00,0x00,0x00,0x00,0x00,0x00,0x00,0x00,0x00,0x00,0x00,0x00,0x00,0x00,0x00,0x00,0x00,0x00,0x00,0x00,0x00,0x00,0x00,0x00,0x00,0x00,0x00,0x00,0x00,
    0x00,0x00,0x00,0x00,0x00,0x00,0x00,0x00,0x00,0x00,0x00,0x00,0x00,0x00,0x00,0x00,0x00,0x00,0x00,0x00,0x00,0x00,0x00,0x00,0x00,0x00,0x00,0x00,0x00,0x00,0x00,0x00,
    0x00,0x00,0x00,0x00,0x00,0x00,0x00,0x00,0x00,0x00,0x00,0x00,0x00,0x00,0x00,0x00,0x00,0x00,0x00,0x00,0x00,0x00,0x00,0x00,0x00,0x00,0x00,0x00,0x00,0x00,0x00,0x00,
    0x00,0x00,0x00,0x00,0x00,0x00,0x00,0x00,0x00,0x00,0x00,0x00,0x00,0x00,0x00,0x00,0x00,0x00,0x00,0x00,0x00,0x00,0x00,0x00,0x00,0x00,0x00,0x00,0x00,0x00,0x00,0x00,
    0x00,0x00,0x00,0x00,0x00,0x00,0x00,0x00,0x00,0x00,0x00,0x00,0x00,0x00,0x00,0x00,0x00,0x00,0x00,0x00,0x00,0x00,0x00,0x00,0x00,0x00,0x00,0x00,0x00,0x00,0x00,0x00,
    0x00,0x00,0x00,0x00,0x00,0x00,0x00,0x00,0x00,0x00,0x00,0x00,0x00,0x00,0x00,0x00,0x00,0x00,0x00,0x00,0x00,0x00,0x00,0x00,0x00,0x00,0x00,0x00,0x00,0x00,0x00,0x00,
    0x00,0x00,0x00,0x00,0x00,0x00,0x00,0x00,0x00,0x00,0x00,0x00,0x00,0x00,0x00,0x00,0x00,0x00,0x00,0x00,0x00,0x00,0x00,0x00,0x00,0x00,0x00,0x00,0x00,0x00,0x00,0x00,
    0x00,0x00,0x00,0x00,0x00,0x00,0x00,0x00,0x00,0x00,0x00,0x00,0x00,0x00,0x00,0x00,0x00,0x00,0x00,0x00,0x00,0x00,0x00,0x00,0x00,0x00,0x00,0x00,0x00,0x00,0x00,0x00,
    0x00,0x00,0x00,0x00,0x00,0x00,0x00,0x00,0x00,0x00,0x00,0x00,0x00,0x00,0x00,0x00,0x00,0x00,0x00,0x00,0x00,0x00,0x00,0x00,0x00,0x00,0x00,0x00,0x00,0x00,0x00,0x00,
    0x00,0x00,0x00,0x00,0x00,0x00,0x00,0x00,0x00,0x00,0x00,0x00,0x00,0x00,0x00,0x00,0x00,0x00,0x00,0x00,0x00,0x00,0x00,0x00,0x00,0x00,0x00,0x00,0x00,0x00,0x00,0x00,
    0x00,0x00,0x00,0x00,0x00,0x00,0x00,0x00,0x00,0x00,0x00,0x00,0x00,0x00,0x00,0x00,0x00,0x00,0x00,0x00,0x00,0x00,0x00,0x00,0x00,0x00,0x00,0x00,0x00,0x00,0x00,0x00,
    0x00,0x00,0x00,0x00,0x00,0x00,0x00,0x00,0x00,0x00,0x00,0x00,0x00,0x00,0x00,0x00,0x00,0x00,0x00,0x00,0x00,0x00,0x00,0x00,0x00,0x00,0x00,0x00,0x00,0x00,0x00,0x00,
    0x00,0x00,0x00,0x00,0x00,0x00,0x00,0x00,0x00,0x00,0x00,0x00,0x00,0x00,0x00,0x00,0x00,0x00,0x00,0x00,0x00,0x00,0x00,0x00,0x00,0x00,0x00,0x00,0x00,0x00,0x00,0x00,
    0x00,0x00,0x00,0x00,0x00,0x00,0x00,0x00,0x00,0x00,0x00,0x00,0x00,0x00,0x00,0x00,0x00,0x00,0x00,0x00,0x00,0x00,0x00,0x00,0x00,0x00,0x00,0x00,0x00,0x00,0x00,0x00,
    0x00,0x00,0x00,0x00,0x00,0x00,0x00,0x00,0x00,0x00,0x00,0x00,0x00,0x00,0x00,0x00,0x00,0x00,0x00,0x00,0x00,0x00,0x00,0x00,0x00,0x00,0x00,0x00,0x00,0x00,0x00,0x00,
    0x00,0x00,0x00,0x00,0x00,0x00,0x00,0x00,0x00,0x00,0x00,0x00,0x00,0x00,0x00,0x00,0x00,0x00,0x00,0x00,0x00,0x00,0x00,0x00,0x00,0x00,0x00,0x00,0x00,0x00,0x00,0x00,
    0x00,0x00,0x00,0x00,0x00,0x00,0x00,0x00,0x00,0x00,0x00,0x00,0x00,0x00,0x00,0x00,0x00,0x00,0x00,0x00,0x00,0x00,0x00,0x00,0x00,0x00,0x00,0x00,0x00,0x00,0x00,0x00,
    0x00,0x00,0x00,0x00,0x00,0x00,0x00,0x00,0x00,0x00,0x00,0x00,0x00,0x00,0x00,0x00,0x00,0x00,0x00,0x00,0x00,0x00,0x00,0x00,0x00,0x00,0x00,0x00,0x00,0x00,0x00,0x00,
    0x00,0x00,0x00,0x00,0x00,0x00,0x00,0x00,0x00,0x00,0x00,0x00,0x00,0x00,0x00,0x00,0x00,0x00,0x00,0x00,0x00,0x00,0x00,0x00,0x00,0x00,0x00,0x00,0x00,0x00,0x00,0x00,
    0x00,0x00,0x00,0x00,0x00,0x00,0x00,0x00,0x00,0x00,0x00,0x00,0x00,0x00,0x00,0x00,0x00,0x00,0x00,0x00,0x00,0x00,0x00,0x00,0x00,0x00,0x00,0x00,0x00,0x00,0x00,0x00,
    0x00,0x00,0x00,0x00,0x00,0x00,0x00,0x00,0x00,0x00,0x00,0x00,0x00,0x00,0x00,0x00,0x00,0x00,0x00,0x00,0x00,0x00,0x00,0x00,0x00,0x00,0x00,0x00,0x00,0x00,0x00,0x00,
    0x00,0x00,0x00,0x00,0x00,0x00,0x00,0x00,0x00,0x00,0x00,0x00,0x00,0x00,0x00,0x00,0x00,0x00,0x00,0x00,0x00,0x00,0x00,0x00,0x00,0x00,0x00,0x00,0x00,0x00,0x00,0x00,
    0x00,0x00,0x00,0x00,0x00,0x00,0x00,0x00,0x00,0x00,0x00,0x00,0x00,0x00,0x00,0x00,0x00,0x00,0x00,0x00,0x00,0x00,0x00,0x00,0x00,0x00,0x00,0x00,0x00,0x00,0x00,0x00,
    0x00,0x00,0x00,0x00,0x00,0x00,0x00,0x00,0x00,0x00,0x00,0x00,0x00,0x00,0x00,0x00,0x00,0x00,0x00,0x00,0x00,0x00,0x00,0x00,0x00,0x00,0x00,0x00,0x00,0x00,0x00,0x00,
    0x00,0x00,0x00,0x00,0x00,0x00,0x00,0x00,0x00,0x00,0x00,0x00,0x00,0x00,0x00,0x00,0x00,0x00,0x00,0x00,0x00,0x00,0x00,0x00,0x00,0x00,0x00,0x00,0x00,0x00,0x00,0x00,
    0x00,0x00,0x00,0x00,0x00,0x00,0x00,0x00,0x00,0x00,0x00,0x00,0x00,0x00,0x00,0x00,0x00,0x00,0x00,0x00,0x00,0x00,0x00,0x00,0x00,0x00,0x00,0x00,0x00,0x00,0x00,0x00,
    0x00,0x00,0x00,0x00,0x00,0x00,0x00,0x00,0x00,0x00,0x00,0x00,0x00,0x00,0x00,0x00,0x00,0x00,0x00,0x00,0x00,0x00,0x00,0x00,0x00,0x00,0x00,0x00,0x00,0x00,0x00,0x00,
    0x00,0x00,0x00,0x00,0x00,0x00,0x00,0x00,0x00,0x00,0x00,0x00,0x00,0x00,0x00,0x00,0x00,0x00,0x00,0x00,0x00,0x00,0x00,0x00,0x00,0x00,0x00,0x00,0x00,0x00,0x00,0x00,
    0x00,0x00,0x00,0x00,0x00,0x00,0x00,0x00,0x00,0x00,0x00,0x00,0x00,0x00,0x00,0x00,0x00,0x00,0x00,0x00,0x00,0x00,0x00,0x00,0x00,0x00,0x00,0x00,0x00,0x00,0x00,0x00,
    0x00,0x00,0x00,0x00,0x00,0x00,0x00,0x00,0x00,0x00,0x00,0x00,0x00,0x00,0x00,0x00,0x00,0x00,0x00,0x00,0x00,0x00,0x00,0x00,0x00,0x00,0x00,0x00,0x00,0x00,0x00,0x00,
    0x00,0x00,0x00,0x00,0x00,0x00,0x00,0x00,0x00,0x00,0x00,0x00,0x00,0x00,0x00,0x00,0x00,0x00,0x00,0x00,0x00,0x00,0x00,0x00,0x00,0x00,0x00,0x00,0x00,0x00,0x00,0x00,
    0x00,0x00,0x00,0x00,0x00,0x00,0x00,0x00,0x00,0x00,0x00,0x00,0x00,0x00,0x00,0x00,0x00,0x00,0x00,0x00,0x00,0x00,0x00,0x00,0x00,0x00,0x00,0x00,0x00,0x00,0x00,0x00,
    0x00,0x00,0x00,0x00,0x00,0x00,0x00,0x00,0x00,0x00,0x00,0x00,0x00,0x00,0x00,0x00,0x00,0x00,0x00,0x00,0x00,0x00,0x00,0x00,0x00,0x00,0x00,0x00,0x00,0x00,0x00,0x00,
    0x00,0x00,0x00,0x00,0x00,0x00,0x00,0x00,0x00,0x00,0x00,0x00,0x00,0x00,0x00,0x00,0x00,0x00,0x00,0x00,0x00,0x00,0x00,0x00,0x00,0x00,0x00,0x00,0x00,0x00,0x00,0x00,
    0x00,0x00,0x00,0x00,0x00,0x00,0x00,0x00,0x00,0x00,0x00,0x00,0x00,0x00,0x00,0x00,0x00,0x00,0x00,0x00,0x00,0x00,0x00,0x00,0x00,0x00,0x00,0x00,0x00,0x00,0x00,0x00,
    0x00,0x00,0x00,0x00,0x00,0x00,0x00,0x00,0x00,0x00,0x00,0x00,0x00,0x00,0x00,0x00,0x00,0x00,0x00,0x00,0x00,0x00,0x00,0x00,0x00,0x00,0x00,0x00,0x00,0x00,0x00,0x00,
    0x00,0x00,0x00,0x00,0x00,0x00,0x00,0x00,0x00,0x00,0x00,0x00,0x00,0x00,0x00,0x00,0x00,0x00,0x00,0x00,0x00,0x00,0x00,0x00,0x00,0x00,0x00,0x00,0x00,0x00,0x00,0x00,
    0x00,0x00,0x00,0x00,0x00,0x00,0x00,0x00,0x00,0x00,0x00,0x00,0x00,0x00,0x00,0x00,0x00,0x00,0x00,0x00,0x00,0x00,0x00,0x00,0x00,0x00,0x00,0x00,0x00,0x00,0x00,0x00,
    0x00,0x00,0x00,0x00,0x00,0x00,0x00,0x00,0x00,0x00,0x00,0x00,0x00,0x00,0x00,0x00,0x00,0x00,0x00,0x00,0x00,0x00,0x00,0x00,0x00,0x00,0x00,0x00,0x00,0x00,0x00,0x00,
    0x00,0x00,0x00,0x00,0x00,0x00,0x00,0x00,0x00,0x00,0x00,0x00,0x00,0x00,0x00,0x00,0x00,0x00,0x00,0x00,0x00,0x00,0x00,0x00,0x00,0x00,0x00,0x00,0x00,0x00,0x00,0x00,
    0x00,0x00,0x00,0x00,0x00,0x00,0x00,0x00,0x00,0x00,0x00,0x00,0x00,0x00,0x00,0x00,0x00,0x00,0x00,0x00,0x00,0x00,0x00,0x00,0x00,0x00,0x00,0x00,0x00,0x00,0x00,0x00,
    0x00,0x00,0x00,0x00,0x00,0x00,0x00,0x00,0x00,0x00,0x00,0x00,0x00,0x00,0x00,0x00,0x00,0x00,0x00,0x00,0x00,0x00,0x00,0x00,0x00,0x00,0x00,0x00,0x00,0x00,0x00,0x00,
    0x00,0x00,0x00,0x00,0x00,0x00,0x00,0x00,0x00,0x00,0x00,0x00,0x00,0x00,0x00,0x00,0x00,0x00,0x00,0x00,0x00,0x00,0x00,0x00,0x00,0x00,0x00,0x00,0x00,0x00,0x00,0x00,
    0x00,0x00,0x00,0x00,0x00,0x00,0x00,0x00,0x00,0x00,0x00,0x00,0x00,0x00,0x00,0x00,0x00,0x00,0x00,0x00,0x00,0x00,0x00,0x00,0x00,0x00,0x00,0x00,0x00,0x00,0x00,0x00,
    0x00,0x00,0x00,0x00,0x00,0x00,0x00,0x00,0x00,0x00,0x00,0x00,0x00,0x00,0x00,0x00,0x00,0x00,0x00,0x00,0x00,0x00,0x00,0x00,0x00,0x00,0x00,0x00,0x00,0x00,0x00,0x00,
    0x00,0x00,0x00,0x00,0x00,0x00,0x00,0x00,0x00,0x00,0x00,0x00,0x00,0x00,0x00,0x00,0x00,0x00,0x00,0x00,0x00,0x00,0x00,0x00,0x00,0x00,0x00,0x00,0x00,0x00,0x00,0x00,
    0x00,0x00,0x00,0x00,0x00,0x00,0x00,0x00,0x00,0x00,0x00,0x00,0x00,0x00,0x00,0x00,0x00,0x00,0x00,0x00,0x00,0x00,0x00,0x00,0x00,0x00,0x00,0x00,0x00,0x00,0x00,0x00,
    0x00,0x00,0x00,0x00,0x00,0x00,0x00,0x00,0x00,0x00,0x00,0x00,0x00,0x00,0x00,0x00,0x00,0x00,0x00,0x00,0x00,0x00,0x00,0x00,0x00,0x00,0x00,0x00,0x00,0x00,0x00,0x00,
    0x00,0x00,0x00,0x00,0x00,0x00,0x00,0x00,0x00,0x00,0x00,0x00,0x00,0x00,0x00,0x00,0x00,0x00,0x00,0x00,0x00,0x00,0x00,0x00,0x00,0x00,0x00,0x00,0x00,0x00,0x00,0x00,
    0x00,0x00,0x00,0x00,0x00,0x00,0x00,0x00,0x00,0x00,0x00,0x00,0x00,0x00,0x00,0x00,0x00,0x00,0x00,0x00,0x00,0x00,0x00,0x00,0x00,0x00,0x00,0x00,0x00,0x00,0x00,0x00,
    0x00,0x00,0x00,0x00,0x00,0x00,0x00,0x00,0x00,0x00,0x00,0x00,0x00,0x00,0x00,0x00,0x00,0x00,0x00,0x00,0x00,0x00,0x00,0x00,0x00,0x00,0x00,0x00,0x00,0x00,0x00,0x00,
    0x00,0x00,0x00,0x00,0x00,0x00,0x00,0x00,0x00,0x00,0x00,0x00,0x00,0x00,0x00,0x00,0x00,0x00,0x00,0x00,0x00,0x00,0x00,0x00,0x00,0x00,0x00,0x00,0x00,0x00,0x00,0x00,
    0x00,0x00,0x00,0x00,0x00,0x00,0x00,0x00,0x00,0x00,0x00,0x00,0xff,0xff,0x00,0x00,0x00,0x00,0x00,0x00,0x00,0x00,0x00,0x00,0x00,0x00,0x00,0x00,0x00,0x00,0x00,0x00,
    0x00,0x00,0x00,0x00,0x00,0x00,0x00,0x00,0x00,0x00,0x00,0x00,0x00,0x00,0x00,0x00,0x00,0x00,0x00,0x00,0x00,0x00,0x00,0x00,0x00,0x00,0x00,0x00,0x00,0x00,0x00,0x00,
    0x00,0x00,0x00,0x00,0x00,0x00,0x00,0x00,0x00,0x00,0x00,0x00,0x00,0x00,0xff,0xff,0x00,0x00,0x00,0x00,0x00,0x00,0x00,0x00,0xff,0xff,0x00,0x00,0x00,0x00,0x00,0x00,
    0x00,0x00,0x00,0x00,0x00,0x00,0x00,0x00,0x00,0x00,0x00,0x00,0x00,0x00,0x00,0x00,0xff,0xff,0x00,0x00,0x00,0x00,0x00,0x00,0x00,0x00,0xff,0xff,0x00,0x00,0x00,0x00,
    0x00,0x00,0x00,0x00,0x00,0x00,0x00,0x00,0x00,0x00,0x00,0x00,0x00,0x00,0x00,0x00,0x00,0x00,0x00,0x00,0x00,0x00,0x00,0x00,0x00,0x00,0x00,0x00,0x00,0x00,0x00,0x00,
    0x00,0x00,0x00,0x00,0x00,0x00,0x00,0x00,0x00,0x00,0x00,0x00,0x00,0x00,0x00,0x00,0x00,0x00,0x00,0x00,0x00,0x00,0x00,0x00,0x00,0x00,0x00,0x00,0x00,0x00,0x00,0x00,
    0x00,0x00,0x00,0x00,0x00,0x00,0x00,0x00,0x00,0x00,0x00,0x00,0x00,0x00,0x00,0x00,0x00,0x00,0x00,0x00,0x00,0x00,0x00,0x00,0x00,0x00,0x00,0x00,0x00,0x00,0x00,0x00,
    0x00,0x00,0x00,0x00,0x00,0x00,0x00,0x00,0x00,0x00,0x00,0x00,0x00,0x00,0x00,0x00,0x00,0x00,0x00,0x00,0x00,0x00,0x00,0x00,0x00,0x00,0x00,0x00,0x00,0x00,0x00,0x00,
    0x00,0x00,0x00,0x00,0x00,0x00,0x00,0x00,0x00,0x00,0x00,0x00,0x00,0x00,0x00,0x00,0x00,0x00,0x00,0x00,0x00,0x00,0x00,0x00,0x00,0x00,0x00,0x00,0x00,0x00,0x00,0x00,
    0x00,0x00,0x00,0x00,0x00,0x00,0x00,0x00,0x00,0x00,0x00,0x00,0x00,0x00,0x00,0x00,0x00,0x00,0x00,0x00,0x00,0x00,0x00,0x00,0x00,0x00,0x00,0x00,0x00,0x00,0x00,0x00,
    0x00,0x00,0x00,0x00,0x00,0x00,0x00,0x00,0x00,0x00,0x00,0x00,0x00,0x00,0x00,0x00,0x00,0x00,0x00,0x00,0x00,0x00,0x00,0x00,0x00,0x00,0x00,0x00,0x00,0x00,0x00,0x00,
    0x00,0x00,0x00,0x00,0x00,0x00,0x00,0x00,0x00,0x00,0x00,0x00,0x00,0x00,0x00,0x00,0x00,0x00,0x00,0x00,0x00,0x00,0x00,0x00,0x00,0x00,0x00,0x00,0x00,0x00,0x00,0x00,
    0x00,0x00,0x00,0x00,0x00,0x00,0x00,0x00,0x00,0x00,0x00,0x00,0x00,0x00,0x00,0x00,0x00,0x00,0x00,0x00,0x00,0x00,0x00,0x00,0x00,0x00,0x00,0x00,0x00,0x00,0x00,0x00,
    0x00,0x00,0x00,0x00,0x00,0x00,0x00,0x00,0xff,0xff,0x00,0x00,0x00,0x00,0xff,0xff,0x00,0x00,0x00,0x00,0x00,0x00,0xff,0xff,0x00,0x00,0x00,0x00,0xff,0xff,0x00,0x00,
    0x00,0x00,0x00,0x00,0x00,0x00,0x00,0x00,0x00,0x00,0xff,0xff,0x00,0x00,0x00,0x00,0xff,0xff,0x00,0x00,0x00,0x00,0xff,0xff,0x00,0x00,0x00,0x00,0xff,0xff,0x00,0x00,
    0x00,0x00,0x00,0x00,0x00,0x00,0x00,0x00,0x00,0x00,0x00,0x00,0xff,0xff,0x00,0x00,0x00,0x00,0xff,0xff,0x00,0x00,0x00,0x00,0xff,0xff,0x00,0x00,0x00,0x00,0xff,0xff,
    0x00,0x00,0x00,0x00,0x00,0x00,0x00,0x00,0x00,0x00,0x00,0x00,0x00,0x00,0x00,0x00,0x00,0x00,0x00,0x00,0x00,0x00,0x00,0x00,0x00,0x00,0x00,0x00,0x00,0x00,0x00,0x00,
    0x00,0x00,0x00,0x00,0x00,0x00,0x00,0x00,0x00,0x00,0x00,0x00,0x00,0x00,0x00,0x00,0x00,0x00,0x00,0x00,0x00,0x00,0x00,0x00,0x00,0x00,0x00,0x00,0x00,0x00,0x00,0x00,
    0x00,0x00,0x00,0x00,0x00,0x00,0x00,0x00,0x00,0x00,0x00,0x00,0x00,0x00,0x00,0x00,0x00,0x00,0x00,0x00,0x00,0x00,0x00,0x00,0x00,0x00,0x00,0x00,0x00,0x00,0x00,0x00,
    0x00,0x00,0x00,0x00,0x00,0x00,0x00,0x00,0x00,0x00,0x00,0x00,0x00,0x00,0x00,0x00,0x00,0x00,0x00,0x00,0x00,0x00,0x00,0x00,0x00,0x00,0x00,0x00,0x00,0x00,0x00,0x00,
    0x00,0x00,0x00,0x00,0x00,0x00,0x00,0x00,0x00,0x00,0x00,0x00,0x00,0x00,0x00,0x00,0x00,0x00,0x00,0x00,0x00,0x00,0x00,0x00,0x00,0x00,0x00,0x00,0x00,0x00,0x00,0x00,
    0x00,0x00,0x00,0x00,0x00,0x00,0x00,0x00,0x00,0x00,0x00,0x00,0x00,0x00,0x00,0x00,0x00,0x00,0x00,0x00,0x00,0x00,0x00,0x00,0x00,0x00,0x00,0x00,0x00,0x00,0x00,0x00,
    0x00,0x00,0x00,0x00,0x00,0x00,0x00,0x00,0x00,0x00,0x00,0x00,0x00,0x00,0x00,0x00,0x00,0x00,0x00,0x00,0x00,0x00,0x00,0x00,0x00,0x00,0x00,0x00,0x00,0x00,0x00,0x00,
    0x00,0x00,0x00,0x00,0x00,0x00,0x00,0x00,0x00,0x00,0x00,0x00,0x00,0x00,0x00,0x00,0x00,0x00,0x00,0x00,0x00,0x00,0x00,0x00,0x00,0x00,0x00,0x00,0x00,0x00,0x00,0x00,
    0x00,0x00,0x00,0x00,0x00,0x00,0x00,0x00,0x00,0x00,0x00,0x00,0xff,0xff,0x00,0x00,0xff,0xff,0x00,0x00,0xff,0xff,0x00,0x00,0x00,0x00,0x00,0x00,0x00,0x00,0x00,0x00,
    0x00,0x00,0x00,0x00,0x00,0x00,0x00,0x00,0x00,0x00,0xff,0xff,0x00,0x00,0x00,0x00,0xff,0xff,0x00,0x00,0xff,0xff,0x00,0x00,0x00,0x00,0xff,0xff,0x00,0x00,0x00,0x00,
    0x00,0x00,0x00,0x00,0x00,0x00,0x00,0x00,0x00,0x00,0xff,0xff,0x00,0x00,0xff,0xff,0xff,0xff,0xff,0xff,0xff,0xff,0xff,0xff,0xff,0xff,0x00,0x00,0xff,0xff,0x00,0x00,
    0x00,0x00,0x00,0x00,0x00,0x00,0x00,0x00,0x00,0x00,0x00,0x00,0xff,0xff,0x00,0x00,0xff,0xff,0xff,0xff,0xff,0xff,0xff,0xff,0xff,0xff,0xff,0xff,0x00,0x00,0xff,0xff,
    0x00,0x00,0x00,0x00,0x00,0x00,0x00,0x00,0x00,0x00,0x00,0x00,0x00,0x00,0x00,0x00,0x00,0x00,0x00,0x00,0x00,0x00,0x00,0x00,0x00,0x00,0x00,0x00,0x00,0x00,0x00,0x00,
    0x00,0x00,0x00,0x00,0x00,0x00,0x00,0x00,0x00,0x00,0x00,0x00,0x00,0x00,0x00,0x00,0x00,0x00,0x00,0x00,0x00,0x00,0x00,0x00,0x00,0x00,0x00,0x00,0x00,0x00,0x00,0x00,
    0x00,0x00,0x00,0x00,0x00,0x00,0x00,0x00,0x00,0x00,0x00,0x00,0x00,0x00,0x00,0x00,0x00,0x00,0x00,0x00,0x00,0x00,0x00,0x00,0x00,0x00,0x00,0x00,0x00,0x00,0x00,0x00,
    0x00,0x00,0x00,0x00,0x00,0x00,0x00,0x00,0x00,0x00,0x00,0x00,0x00,0x00,0x00,0x00,0x00,0x00,0x00,0x00,0x00,0x00,0x00,0x00,0x00,0x00,0x00,0x00,0x00,0x00,0x00,0x00,
    0x00,0x00,0x00,0x00,0x00,0x00,0x00,0x00,0x00,0x00,0x00,0x00,0x00,0x00,0x00,0x00,0x00,0x00,0x00,0x00,0x00,0x00,0x00,0x00,0x00,0x00,0x00,0x00,0x00,0x00,0x00,0x00,
    0x00,0x00,0x00,0x00,0x00,0x00,0x00,0x00,0x00,0x00,0x00,0x00,0x00,0x00,0x00,0x00,0x00,0x00,0x00,0x00,0x00,0x00,0x00,0x00,0x00,0x00,0x00,0x00,0x00,0x00,0x00,0x00,
    0x00,0x00,0x00,0x00,0x00,0x00,0x00,0x00,0x00,0x00,0x00,0x00,0x00,0x00,0x00,0x00,0x00,0x00,0x00,0x00,0x00,0x00,0x00,0x00,0x00,0x00,0x00,0x00,0x00,0x00,0x00,0x00,
    0x00,0x00,0x00,0x00,0x00,0x00,0x00,0x00,0x00,0x00,0x00,0x00,0x00,0x00,0x00,0x00,0x00,0x00,0x00,0x00,0x00,0x00,0x00,0x00,0x00,0x00,0x00,0x00,0x00,0x00,0x00,0x00,
    0x00,0x00,0x00,0x00,0x00,0x00,0xff,0xff,0x00,0x00,0x00,0x00,0xff,0xff,0x00,0x00,0x00,0x00,0x00,0x00,0x00,0x00,0x00,0x00,0x00,0x00,0x00,0x00,0x00,0x00,0x00,0x00,
    0x00,0x00,0x00,0x00,0x00,0x00,0x00,0x00,0x00,0x00,0x00,0x00,0xff,0xff,0x00,0x00,0x00,0x00,0x00,0x00,0x00,0x00,0x00,0x00,0xff,0xff,0x00,0x00,0x00,0x00,0x00,0x00,
    0x00,0x00,0x00,0x00,0x00,0x00,0x00,0x00,0x00,0x00,0xff,0xff,0xff,0xff,0xff,0xff,0x00,0x00,0xff,0xff,0xff,0xff,0x00,0x00,0xff,0xff,0xff,0xff,0xff,0xff,0x00,0x00,
    0x00,0x00,0x00,0x00,0x00,0x00,0x00,0x00,0x00,0x00,0x00,0x00,0xff,0xff,0xff,0xff,0xff,0xff,0x00,0x00,0xff,0xff,0xff,0xff,0x00,0x00,0xff,0xff,0xff,0xff,0xff,0xff,
    0x00,0x00,0x00,0x00,0x00,0x00,0x00,0x00,0x00,0x00,0x00,0x00,0x00,0x00,0x00,0x00,0x00,0x00,0x00,0x00,0x00,0x00,0x00,0x00,0x00,0x00,0x00,0x00,0x00,0x00,0x00,0x00,
    0x00,0x00,0x00,0x00,0x00,0x00,0x00,0x00,0x00,0x00,0x00,0x00,0x00,0x00,0x00,0x00,0x00,0x00,0x00,0x00,0x00,0x00,0x00,0x00,0x00,0x00,0x00,0x00,0x00,0x00,0x00,0x00,
    0x00,0x00,0x00,0x00,0x00,0x00,0x00,0x00,0x00,0x00,0x00,0x00,0x00,0x00,0x00,0x00,0x00,0x00,0x00,0x00,0x00,0x00,0x00,0x00,0x00,0x00,0x00,0x00,0x00,0x00,0x00,0x00,
    0x00,0x00,0x00,0x00,0x00,0x00,0x00,0x00,0x00,0x00,0x00,0x00,0x00,0x00,0x00,0x00,0x00,0x00,0x00,0x00,0x00,0x00,0x00,0x00,0x00,0x00,0x00,0x00,0x00,0x00,0x00,0x00,
    0x00,0x00,0x00,0x00,0x00,0x00,0x00,0x00,0x00,0x00,0x00,0x00,0x00,0x00,0x00,0x00,0x00,0x00,0x00,0x00,0x00,0x00,0x00,0x00,0x00,0x00,0x00,0x00,0x00,0x00,0x00,0x00,
    0x00,0x00,0x00,0x00,0x00,0x00,0x00,0x00,0x00,0x00,0x00,0x00,0x00,0x00,0x00,0x00,0x00,0x00,0x00,0x00,0x00,0x00,0x00,0x00,0x00,0x00,0x00,0x00,0x00,0x00,0x00,0x00,
    0x00,0x00,0x00,0x00,0x00,0x00,0x00,0x00,0x00,0x00,0x00,0x00,0x00,0x00,0x00,0x00,0x00,0x00,0x00,0x00,0x00,0x00,0x00,0x00,0x00,0x00,0x00,0x00,0x00,0x00,0x00,0x00,
    0x00,0x00,0x00,0x00,0x00,0x00,0x00,0x00,0x00,0x00,0x00,0x00,0x00,0x00,0x00,0x00,0x00,0x00,0x00,0x00,0x00,0x00,0x00,0x00,0x00,0x00,0x00,0x00,0x00,0x00,0x00,0x00,
    0x00,0x00,0x00,0x00,0x00,0x00,0x00,0x00,0x00,0x00,0x00,0x00,0x00,0x00,0xff,0xff,0xff,0xff,0x00,0x00,0xff,0xff,0xff,0xff,0x00,0x00,0x00,0x00,0x00,0x00,0x00,0x00,
    0x00,0x00,0x00,0x00,0x00,0x00,0xff,0xff,0xff,0xff,0x00,0x00,0x00,0x00,0x00,0x00,0x00,0x00,0x00,0x00,0x00,0x00,0x00,0x00,0x00,0x00,0x00,0x00,0xff,0xff,0xff,0xff,
    0x00,0x00,0x00,0x00,0x00,0x00,0x00,0x00,0x00,0x00,0xff,0xff,0xff,0xff,0xff,0xff,0xff,0xff,0xff,0xff,0xff,0xff,0xff,0xff,0xff,0xff,0xff,0xff,0xff,0xff,0x00,0x00,
    0x00,0x00,0x00,0x00,0x00,0x00,0x00,0x00,0x00,0x00,0x00,0x00,0x00,0x00,0xff,0xff,0xff,0xff,0x00,0x00,0xff,0xff,0xff,0xff,0x00,0x00,0xff,0xff,0xff,0xff,0x00,0x00,
    0x00,0x00,0x00,0x00,0x00,0x00,0x00,0x00,0x00,0x00,0x00,0x00,0x00,0x00,0x00,0x00,0x00,0x00,0x00,0x00,0x00,0x00,0x00,0x00,0x00,0x00,0x00,0x00,0x00,0x00,0x00,0x00,
    0x00,0x00,0x00,0x00,0x00,0x00,0x00,0x00,0x00,0x00,0x00,0x00,0x00,0x00,0x00,0x00,0x00,0x00,0x00,0x00,0x00,0x00,0x00,0x00,0x00,0x00,0x00,0x00,0x00,0x00,0x00,0x00,
    0x00,0x00,0x00,0x00,0x00,0x00,0x00,0x00,0x00,0x00,0x00,0x00,0x00,0x00,0x00,0x00,0x00,0x00,0x00,0x00,0x00,0x00,0x00,0x00,0x00,0x00,0x00,0x00,0x00,0x00,0x00,0x00,
    0x00,0x00,0x00,0x00,0x00,0x00,0x00,0x00,0x00,0x00,0x00,0x00,0x00,0x00,0x00,0x00,0x00,0x00,0x00,0x00,0x00,0x00,0x00,0x00,0x00,0x00,0x00,0x00,0x00,0x00,0x00,0x00,
    0x00,0x00,0x00,0x00,0x00,0x00,0x00,0x00,0x00,0x00,0x00,0x00,0x00,0x00,0x00,0x00,0x00,0x00,0x00,0x00,0x00,0x00,0x00,0x00,0x00,0x00,0x00,0x00,0x00,0x00,0x00,0x00,
    0x00,0x00,0x00,0x00,0x00,0x00,0x00,0x00,0x00,0x00,0x00,0x00,0x00,0x00,0x00,0x00,0x00,0x00,0x00,0x00,0x00,0x00,0x00,0x00,0x00,0x00,0x00,0x00,0x00,0x00,0x00,0x00,
    0x00,0x00,0x00,0x00,0x00,0x00,0x00,0x00,0x00,0x00,0x00,0x00,0x00,0x00,0x00,0x00,0x00,0x00,0x00,0x00,0x00,0x00,0x00,0x00,0x00,0x00,0x00,0x00,0x00,0x00,0x00,0x00,
    0x00,0x00,0x00,0x00,0x00,0x00,0x00,0x00,0x00,0x00,0x00,0x00,0x00,0x00,0x00,0x00,0x00,0x00,0x00,0x00,0x00,0x00,0x00,0x00,0x00,0x00,0x00,0x00,0x00,0x00,0x00,0x00,
    0x00,0x00,0xff,0xff,0x00,0x00,0x00,0x00,0x00,0x00,0xff,0xff,0x00,0x00,0xff,0xff,0xff,0xff,0x00,0x00,0xff,0xff,0x00,0x00,0xff,0xff,0x00,0x00,0x00,0x00,0x00,0x00,
    0x00,0x00,0x00,0x00,0x00,0x00,0x00,0x00,0x00,0x00,0x00,0x00,0xff,0xff,0x00,0x00,0x00,0x00,0x00,0x00,0x00,0x00,0x00,0x00,0xff,0xff,0x00,0x00,0x00,0x00,0x00,0x00,
    0x00,0x00,0x00,0x00,0x00,0x00,0x00,0x00,0x00,0x00,0x00,0x00,0xff,0xff,0xff,0xff,0xff,0xff,0xff,0xff,0xff,0xff,0xff,0xff,0xff,0xff,0xff,0xff,0x00,0x00,0x00,0x00,
    0x00,0x00,0x00,0x00,0x00,0x00,0x00,0x00,0x00,0x00,0x00,0x00,0x00,0x00,0xff,0xff,0xff,0xff,0xff,0xff,0xff,0xff,0xff,0xff,0xff,0xff,0xff,0xff,0xff,0xff,0x00,0x00,
    0x00,0x00,0x00,0x00,0x00,0x00,0x00,0x00,0x00,0x00,0x00,0x00,0x00,0x00,0x00,0x00,0x00,0x00,0x00,0x00,0x00,0x00,0x00,0x00,0x00,0x00,0x00,0x00,0x00,0x00,0x00,0x00,
    0x00,0x00,0x00,0x00,0x00,0x00,0x00,0x00,0x00,0x00,0x00,0x00,0x00,0x00,0x00,0x00,0x00,0x00,0x00,0x00,0x00,0x00,0x00,0x00,0x00,0x00,0x00,0x00,0x00,0x00,0x00,0x00,
    0x00,0x00,0x00,0x00,0x00,0x00,0x00,0x00,0x00,0x00,0x00,0x00,0x00,0x00,0x00,0x00,0x00,0x00,0x00,0x00,0x00,0x00,0x00,0x00,0x00,0x00,0x00,0x00,0x00,0x00,0x00,0x00,
    0x00,0x00,0x00,0x00,0x00,0x00,0x00,0x00,0x00,0x00,0x00,0x00,0x00,0x00,0x00,0x00,0x00,0x00,0x00,0x00,0x00,0x00,0x00,0x00,0x00,0x00,0x00,0x00,0x00,0x00,0x00,0x00,
    0x00,0x00,0x00,0x00,0x00,0x00,0x00,0x00,0x00,0x00,0x00,0x00,0x00,0x00,0x00,0x00,0x00,0x00,0x00,0x00,0x00,0x00,0x00,0x00,0x00,0x00,0x00,0x00,0x00,0x00,0x00,0x00,
    0x00,0x00,0x00,0x00,0x00,0x00,0x00,0x00,0x00,0x00,0x00,0x00,0x00,0x00,0x00,0x00,0x00,0x00,0x00,0x00,0x00,0x00,0x00,0x00,0x00,0x00,0x00,0x00,0x00,0x00,0x00,0x00,
    0x00,0x00,0x00,0x00,0x00,0x00,0x00,0x00,0x00,0x00,0x00,0x00,0x00,0x00,0x00,0x00,0x00,0x00,0x00,0x00,0x00,0x00,0x00,0x00,0x00,0x00,0x00,0x00,0x00,0x00,0x00,0x00,
    0x00,0x00,0x00,0x00,0x00,0x00,0x00,0x00,0x00,0x00,0x00,0x00,0x00,0x00,0x00,0x00,0x00,0x00,0x00,0x00,0x00,0x00,0x00,0x00,0x00,0x00,0x00,0x00,0x00,0x00,0x00,0x00,
    0x00,0x00,0x00,0x00,0x00,0x00,0xff,0xff,0xff,0xff,0xff,0xff,0xff,0xff,0xff,0xff,0xff,0xff,0xff,0xff,0xff,0xff,0x00,0x00,0x00,0x00,0x00,0x00,0x00,0x00,0x00,0x00,
    0x00,0x00,0x00,0x00,0x00,0x00,0x00,0x00,0x00,0x00,0xff,0xff,0x00,0x00,0x00,0x00,0xff,0xff,0x00,0x00,0xff,0xff,0x00,0x00,0x00,0x00,0xff,0xff,0x00,0x00,0x00,0x00,
    0x00,0x00,0x00,0x00,0x00,0x00,0x00,0x00,0x00,0x00,0x00,0x00,0x00,0x00,0xff,0xff,0x00,0x00,0x00,0x00,0x00,0x00,0x00,0x00,0xff,0xff,0x00,0x00,0x00,0x00,0x00,0x00,
    0x00,0x00,0x00,0x00,0x00,0x00,0x00,0x00,0x00,0x00,0x00,0x00,0x00,0x00,0xff,0xff,0x00,0x00,0xff,0xff,0x00,0x00,0x00,0x00,0xff,0xff,0x00,0x00,0xff,0xff,0x00,0x00,
    0x00,0x00,0x00,0x00,0x00,0x00,0x00,0x00,0x00,0x00,0x00,0x00,0x00,0x00,0x00,0x00,0x00,0x00,0x00,0x00,0x00,0x00,0x00,0x00,0x00,0x00,0x00,0x00,0x00,0x00,0x00,0x00,
    0x00,0x00,0x00,0x00,0x00,0x00,0x00,0x00,0x00,0x00,0x00,0x00,0x00,0x00,0x00,0x00,0x00,0x00,0x00,0x00,0x00,0x00,0x00,0x00,0x00,0x00,0x00,0x00,0x00,0x00,0x00,0x00,
    0x00,0x00,0x00,0x00,0x00,0x00,0x00,0x00,0x00,0x00,0x00,0x00,0x00,0x00,0x00,0x00,0x00,0x00,0x00,0x00,0x00,0x00,0x00,0x00,0x00,0x00,0x00,0x00,0x00,0x00,0x00,0x00,
    0x00,0x00,0x00,0x00,0x00,0x00,0x00,0x00,0x00,0x00,0x00,0x00,0x00,0x00,0x00,0x00,0x00,0x00,0x00,0x00,0x00,0x00,0x00,0x00,0x00,0x00,0x00,0x00,0x00,0x00,0x00,0x00,
    0x00,0x00,0x00,0x00,0x00,0x00,0x00,0x00,0x00,0x00,0x00,0x00,0x00,0x00,0x00,0x00,0x00,0x00,0x00,0x00,0x00,0x00,0x00,0x00,0x00,0x00,0x00,0x00,0x00,0x00,0x00,0x00,
    0x00,0x00,0x00,0x00,0x00,0x00,0x00,0x00,0x00,0x00,0x00,0x00,0x00,0x00,0x00,0x00,0x00,0x00,0x00,0x00,0x00,0x00,0x00,0x00,0x00,0x00,0x00,0x00,0x00,0x00,0x00,0x00,
    0x00,0x00,0x00,0x00,0x00,0x00,0x00,0x00,0x00,0x00,0x00,0x00,0x00,0x00,0x00,0x00,0x00,0x00,0x00,0x00,0x00,0x00,0x00,0x00,0x00,0x00,0x00,0x00,0x00,0x00,0x00,0x00,
    0x00,0x00,0x00,0x00,0x00,0x00,0x00,0x00,0x00,0x00,0x00,0x00,0x00,0x00,0x00,0x00,0x00,0x00,0x00,0x00,0x00,0x00,0x00,0x00,0x00,0x00,0x00,0x00,0x00,0x00,0x00,0x00,
    0x00,0x00,0x00,0x00,0xff,0xff,0xff,0xff,0xff,0xff,0xff,0xff,0xff,0xff,0xff,0xff,0xff,0xff,0xff,0xff,0xff,0xff,0xff,0xff,0x00,0x00,0xff,0xff,0x00,0x00,0xff,0xff,
    0x00,0x00,0x00,0x00,0x00,0x00,0x00,0x00,0xff,0xff,0x00,0x00,0x00,0x00,0xff,0xff,0x00,0x00,0x00,0x00,0x00,0x00,0xff,0xff,0x00,0x00,0x00,0x00,0xff,0xff,0x00,0x00,
    0x00,0x00,0x00,0x00,0x00,0x00,0x00,0x00,0x00,0x00,0x00,0x00,0x00,0x00,0x00,0x00,0xff,0xff,0x00,0x00,0x00,0x00,0xff,0xff,0x00,0x00,0x00,0x00,0x00,0x00,0x00,0x00,
    0x00,0x00,0x00,0x00,0x00,0x00,0x00,0x00,0x00,0x00,0x00,0x00,0xff,0xff,0xff,0xff,0x00,0x00,0x00,0x00,0x00,0x00,0x00,0x00,0x00,0x00,0x00,0x00,0xff,0xff,0xff,0xff,
    0x00,0x00,0x00,0x00,0x00,0x00,0x00,0x00,0x00,0x00,0x00,0x00,0x00,0x00,0x00,0x00,0x00,0x00,0x00,0x00,0x00,0x00,0x00,0x00,0x00,0x00,0x00,0x00,0x00,0x00,0x00,0x00,
    0x00,0x00,0x00,0x00,0x00,0x00,0x00,0x00,0x00,0x00,0x00,0x00,0x00,0x00,0x00,0x00,0x00,0x00,0x00,0x00,0x00,0x00,0x00,0x00,0x00,0x00,0x00,0x00,0x00,0x00,0x00,0x00,
    0x00,0x00,0x00,0x00,0x00,0x00,0x00,0x00,0x00,0x00,0x00,0x00,0x00,0x00,0x00,0x00,0x00,0x00,0x00,0x00,0x00,0x00,0x00,0x00,0x00,0x00,0x00,0x00,0x00,0x00,0x00,0x00,
    0x00,0x00,0x00,0x00,0x00,0x00,0x00,0x00,0x00,0x00,0x00,0x00,0x00,0x00,0x00,0x00,0x00,0x00,0x00,0x00,0x00,0x00,0x00,0x00,0x00,0x00,0x00,0x00,0x00,0x00,0x00,0x00,
    0x00,0x00,0x00,0x00,0x00,0x00,0x00,0x00,0x00,0x00,0x00,0x00,0x00,0x00,0x00,0x00,0x00,0x00,0x00,0x00,0x00,0x00,0x00,0x00,0x00,0x00,0x00,0x00,0x00,0x00,0x00,0x00,
    0x00,0x00,0x00,0x00,0x00,0x00,0x00,0x00,0x00,0x00,0x00,0x00,0x00,0x00,0x00,0x00,0x00,0x00,0x00,0x00,0x00,0x00,0x00,0x00,0x00,0x00,0x00,0x00,0x00,0x00,0x00,0x00,
    0x00,0x00,0x00,0x00,0x00,0x00,0x00,0x00,0x00,0x00,0x00,0x00,0x00,0x00,0x00,0x00,0x00,0x00,0x00,0x00,0x00,0x00,0x00,0x00,0x00,0x00,0x00,0x00,0x00,0x00,0x00,0x00,
    0x00,0x00,0x00,0x00,0x00,0x00,0x00,0x00,0x00,0x00,0x00,0x00,0x00,0x00,0x00,0x00,0x00,0x00,0x00,0x00,0x00,0x00,0x00,0x00,0x00,0x00,0x00,0x00,0x00,0x00,0x00,0x00,
    0x00,0x00,0x00,0x00,0x00,0x00,0x00,0x00,0x00,0x00,0x00,0x00,0x00,0x00,0x00,0x00,0x00,0x00,0x00,0x00,0x00,0x00,0x00,0x00,0x00,0x00,0x00,0x00,0x00,0x00,0x00,0x00,
    0x00,0x00,0x00,0x00,0x00,0x00,0x00,0x00,0x00,0x00,0x00,0x00,0x00,0x00,0x00,0x00,0x00,0x00,0x00,0x00,0x00,0x00,0x00,0x00,0x00,0x00,0x00,0x00,0x00,0x00,0x00,0x00,
    0x00,0x00,0x00,0x00,0x00,0x00,0x00,0x00,0x00,0x00,0x00,0x00,0x00,0x00,0x00,0x00,0x00,0x00,0x00,0x00,0x00,0x00,0x00,0x00,0x00,0x00,0x00,0x00,0x00,0x00,0x00,0x00,
    0x00,0x00,0x00,0x00,0x00,0x00,0x00,0x00,0x00,0x00,0x00,0x00,0x00,0x00,0x00,0x00,0x00,0x00,0x00,0x00,0x00,0x00,0x00,0x00,0x00,0x00,0x00,0x00,0x00,0x00,0x00,0x00,
    0x00,0x00,0x00,0x00,0x00,0x00,0x00,0x00,0x00,0x00,0x00,0x00,0x00,0x00,0x00,0x00,0x00,0x00,0x00,0x00,0x00,0x00,0x00,0x00,0x00,0x00,0x00,0x00,0x00,0x00,0x00,0x00,
    0x00,0x00,0x00,0x00,0x00,0x00,0x00,0x00,0x00,0x00,0x00,0x00,0x00,0x00,0x00,0x00,0x00,0x00,0x00,0x00,0x00,0x00,0x00,0x00,0x00,0x00,0x00,0x00,0x00,0x00,0x00,0x00,
    0x00,0x00,0x00,0x00,0x00,0x00,0x00,0x00,0x00,0x00,0x00,0x00,0x00,0x00,0x00,0x00,0x00,0x00,0x00,0x00,0x00,0x00,0x00,0x00,0x00,0x00,0x00,0x00,0x00,0x00,0x00,0x00,
    0x00,0x00,0x00,0x00,0x00,0x00,0x00,0x00,0x00,0x00,0x00,0x00,0x00,0x00,0x00,0x00,0x00,0x00,0x00,0x00,0x00,0x00,0x00,0x00,0x00,0x00,0x00,0x00,0x00,0x00,0x00,0x00,
    0x00,0x00,0x00,0x00,0x00,0x00,0x00,0x00,0x00,0x00,0x00,0x00,0x00,0x00,0x00,0x00,0x00,0x00,0x00,0x00,0x00,0x00,0x00,0x00,0x00,0x00,0x00,0x00,0x00,0x00,0x00,0x00,
    0x00,0x00,0x00,0x00,0x00,0x00,0x00,0x00,0x00,0x00,0x00,0x00,0x00,0x00,0x00,0x00,0x00,0x00,0x00,0x00,0x00,0x00,0x00,0x00,0x00,0x00,0x00,0x00,0x00,0x00,0x00,0x00,
    0x00,0x00,0x00,0x00,0x00,0x00,0x00,0x00,0x00,0x00,0x00,0x00,0x00,0x00,0x00,0x00,0x00,0x00,0x00,0x00,0x00,0x00,0x00,0x00,0x00,0x00,0x00,0x00,0x00,0x00,0x00,0x00,
    0x00,0x00,0x00,0x00,0x00,0x00,0x00,0x00,0x00,0x00,0x00,0x00,0x00,0x00,0x00,0x00,0x00,0x00,0x00,0x00,0x00,0x00,0x00,0x00,0x00,0x00,0x00,0x00,0x00,0x00,0x00,0x00,
    0x00,0x00,0x00,0x00,0x00,0x00,0x00,0x00,0x00,0x00,0x00,0x00,0x00,0x00,0x00,0x00,0x00,0x00,0x00,0x00,0x00,0x00,0x00,0x00,0x00,0x00,0x00,0x00,0x00,0x00,0x00,0x00,
    0x00,0x00,0x00,0x00,0x00,0x00,0x00,0x00,0x00,0x00,0x00,0x00,0x00,0x00,0x00,0x00,0x00,0x00,0x00,0x00,0x00,0x00,0x00,0x00,0x00,0x00,0x00,0x00,0x00,0x00,0x00,0x00,
    0x00,0x00,0x00,0x00,0x00,0x00,0x00,0x00,0x00,0x00,0x00,0x00,0x00,0x00,0x00,0x00,0x00,0x00,0x00,0x00,0x00,0x00,0x00,0x00,0x00,0x00,0x00,0x00,0x00,0x00,0x00,0x00,
    0x00,0x00,0x00,0x00,0x00,0x00,0x00,0x00,0x00,0x00,0x00,0x00,0x00,0x00,0x00,0x00,0x00,0x00,0x00,0x00,0x00,0x00,0x00,0x00,0x00,0x00,0x00,0x00,0x00,0x00,0x00,0x00,
    0x00,0x00,0x00,0x00,0x00,0x00,0x00,0x00,0x00,0x00,0x00,0x00,0x00,0x00,0x00,0x00,0x00,0x00,0x00,0x00,0x00,0x00,0x00,0x00,0x00,0x00,0x00,0x00,0x00,0x00,0x00,0x00,
    0x00,0x00,0x00,0x00,0x00,0x00,0x00,0x00,0x00,0x00,0x00,0x00,0x00,0x00,0x00,0x00,0x00,0x00,0x00,0x00,0x00,0x00,0x00,0x00,0x00,0x00,0x00,0x00,0x00,0x00,0x00,0x00,
    0x00,0x00,0x00,0x00,0x00,0x00,0x00,0x00,0x00,0x00,0x00,0x00,0x00,0x00,0x00,0x00,0x00,0x00,0x00,0x00,0x00,0x00,0x00,0x00,0x00,0x00,0x00,0x00,0x00,0x00,0x00,0x00,
    0x00,0x00,0x00,0x00,0x00,0x00,0x00,0x00,0x00,0x00,0x00,0x00,0x00,0x00,0x00,0x00,0x00,0x00,0x00,0x00,0x00,0x00,0x00,0x00,0x00,0x00,0x00,0x00,0x00,0x00,0x00,0x00,
    0x00,0x00,0x00,0x00,0x00,0x00,0x00,0x00,0x00,0x00,0x00,0x00,0x00,0x00,0x00,0x00,0x00,0x00,0x00,0x00,0x00,0x00,0x00,0x00,0x00,0x00,0x00,0x00,0x00,0x00,0x00,0x00,
    0x00,0x00,0x00,0x00,0x00,0x00,0x00,0x00,0x00,0x00,0x00,0x00,0x00,0x00,0x00,0x00,0x00,0x00,0x00,0x00,0x00,0x00,0x00,0x00,0x00,0x00,0x00,0x00,0x00,0x00,0x00,0x00,
    0x00,0x00,0x00,0x00,0x00,0x00,0x00,0x00,0x00,0x00,0x00,0x00,0x00,0x00,0x00,0x00,0x00,0x00,0x00,0x00,0x00,0x00,0x00,0x00,0x00,0x00,0x00,0x00,0x00,0x00,0x00,0x00,
    0x00,0x00,0x00,0x00,0x00,0x00,0x00,0x00,0x00,0x00,0x00,0x00,0x00,0x00,0x00,0x00,0x00,0x00,0x00,0x00,0x00,0x00,0x00,0x00,0x00,0x00,0x00,0x00,0x00,0x00,0x00,0x00,
    0x00,0x00,0x00,0x00,0x00,0x00,0x00,0x00,0x00,0x00,0x00,0x00,0x00,0x00,0x00,0x00,0x00,0x00,0x00,0x00,0x00,0x00,0x00,0x00,0x00,0x00,0x00,0x00,0x00,0x00,0x00,0x00,
    0x00,0x00,0x00,0x00,0x00,0x00,0x00,0x00,0x00,0x00,0x00,0x00,0x00,0x00,0x00,0x00,0x00,0x00,0x00,0x00,0x00,0x00,0x00,0x00,0x00,0x00,0x00,0x00,0x00,0x00,0x00,0x00,
    0x00,0x00,0x00,0x00,0x00,0x00,0x00,0x00,0x00,0x00,0x00,0x00,0x00,0x00,0x00,0x00,0x00,0x00,0x00,0x00,0x00,0x00,0x00,0x00,0x00,0x00,0x00,0x00,0x00,0x00,0x00,0x00,
    0x00,0x00,0x00,0x00,0x00,0x00,0x00,0x00,0x00,0x00,0x00,0x00,0x00,0x00,0x00,0x00,0x00,0x00,0x00,0x00,0x00,0x00,0x00,0x00,0x00,0x00,0x00,0x00,0x00,0x00,0x00,0x00,
    0x00,0x00,0x00,0x00,0x00,0x00,0x00,0x00,0x00,0x00,0x00,0x00,0x00,0x00,0x00,0x00,0x00,0x00,0x00,0x00,0x00,0x00,0x00,0x00,0x00,0x00,0x00,0x00,0x00,0x00,0x00,0x00,
    0x00,0x00,0x00,0x00,0x00,0x00,0x00,0x00,0x00,0x00,0x00,0x00,0x00,0x00,0x00,0x00,0x00,0x00,0x00,0x00,0x00,0x00,0x00,0x00,0x00,0x00,0x00,0x00,0x00,0x00,0x00,0x00,
    0x00,0x00,0x00,0x00,0x00,0x00,0x00,0x00,0x00,0x00,0x00,0x00,0x00,0x00,0x00,0x00,0x00,0x00,0x00,0x00,0x00,0x00,0x00,0x00,0x00,0x00,0x00,0x00,0x00,0x00,0x00,0x00,
    0x00,0x00,0x00,0x00,0x00,0x00,0x00,0x00,0x00,0x00,0x00,0x00,0x00,0x00,0x00,0x00,0x00,0x00,0x00,0x00,0x00,0x00,0x00,0x00,0x00,0x00,0x00,0x00,0x00,0x00,0x00,0x00,
    0x00,0x00,0x00,0x00,0x00,0x00,0x00,0x00,0x00,0x00,0x00,0x00,0x00,0x00,0x00,0x00,0x00,0x00,0x00,0x00,0x00,0x00,0x00,0x00,0x00,0x00,0x00,0x00,0x00,0x00,0x00,0x00,
    0x00,0x00,0x00,0x00,0x00,0x00,0x00,0x00,0x00,0x00,0x00,0x00,0x00,0x00,0x00,0x00,0x00,0x00,0x00,0x00,0x00,0x00,0x00,0x00,0x00,0x00,0x00,0x00,0x00,0x00,0x00,0x00,
    0x00,0x00,0x00,0x00,0x00,0x00,0x00,0x00,0x00,0x00,0x00,0x00,0x00,0x00,0x00,0x00,0x00,0x00,0x00,0x00,0x00,0x00,0x00,0x00,0x00,0x00,0x00,0x00,0x00,0x00,0x00,0x00,
    0x00,0x00,0x00,0x00,0x00,0x00,0x00,0x00,0x00,0x00,0x00,0x00,0x00,0x00,0x00,0x00,0x00,0x00,0x00,0x00,0x00,0x00,0x00,0x00,0x00,0x00,0x00,0x00,0x00,0x00,0x00,0x00,
    0x00,0x00,0x00,0x00,0x00,0x00,0x00,0x00,0x00,0x00,0x00,0x00,0x00,0x00,0x00,0x00,0x00,0x00,0x00,0x00,0x00,0x00,0x00,0x00,0x00,0x00,0x00,0x00,0x00,0x00,0x00,0x00,
    0x00,0x00,0x00,0x00,0x00,0x00,0x00,0x00,0x00,0x00,0x00,0x00,0x00,0x00,0x00,0x00,0x00,0x00,0x00,0x00,0x00,0x00,0x00,0x00,0x00,0x00,0x00,0x00,0x00,0x00,0x00,0x00,
    0x00,0x00,0x00,0x00,0x00,0x00,0x00,0x00,0x00,0x00,0x00,0x00,0x00,0x00,0x00,0x00,0x00,0x00,0x00,0x00,0x00,0x00,0x00,0x00,0x00,0x00,0x00,0x00,0x00,0x00,0x00,0x00,
    0x00,0x00,0x00,0x00,0x00,0x00,0x00,0x00,0x00,0x00,0x00,0x00,0x00,0x00,0x00,0x00,0x00,0x00,0x00,0x00,0x00,0x00,0x00,0x00,0x00,0x00,0x00,0x00,0x00,0x00,0x00,0x00,
    0x00,0x00,0x00,0x00,0x00,0x00,0x00,0x00,0x00,0x00,0x00,0x00,0x00,0x00,0x00,0x00,0x00,0x00,0x00,0x00,0x00,0x00,0x00,0x00,0x00,0x00,0x00,0x00,0x00,0x00,0x00,0x00,
    0x00,0x00,0x00,0x00,0x00,0x00,0x00,0x00,0x00,0x00,0x00,0x00,0x00,0x00,0x00,0x00,0x00,0x00,0x00,0x00,0x00,0x00,0x00,0x00,0x00,0x00,0x00,0x00,0x00,0x00,0x00,0x00,
    0x00,0x00,0x00,0x00,0x00,0x00,0x00,0x00,0x00,0x00,0x00,0x00,0x00,0x00,0x00,0x00,0x00,0x00,0x00,0x00,0x00,0x00,0x00,0x00,0x00,0x00,0x00,0x00,0x00,0x00,0x00,0x00,
    0x00,0x00,0x00,0x00,0x00,0x00,0x00,0x00,0x00,0x00,0x00,0x00,0x00,0x00,0x00,0x00,0x00,0x00,0x00,0x00,0x00,0x00,0x00,0x00,0x00,0x00,0x00,0x00,0x00,0x00,0x00,0x00,
    0x00,0x00,0x00,0x00,0x00,0x00,0x00,0x00,0x00,0x00,0x00,0x00,0x00,0x00,0x00,0x00,0x00,0x00,0x00,0x00,0x00,0x00,0x00,0x00,0x00,0x00,0x00,0x00,0x00,0x00,0x00,0x00,
    0x00,0x00,0x00,0x00,0x00,0x00,0x00,0x00,0x00,0x00,0x00,0x00,0x00,0x00,0x00,0x00,0x00,0x00,0x00,0x00,0x00,0x00,0x00,0x00,0x00,0x00,0x00,0x00,0x00,0x00,0x00,0x00,
    0x00,0x00,0x00,0x00,0x00,0x00,0x00,0x00,0x00,0x00,0x00,0x00,0x00,0x00,0x00,0x00,0x00,0x00,0x00,0x00,0x00,0x00,0x00,0x00,0x00,0x00,0x00,0x00,0x00,0x00,0x00,0x00,
    0x00,0x00,0x00,0x00,0x00,0x00,0x00,0x00,0x00,0x00,0x00,0x00,0x00,0x00,0x00,0x00,0x00,0x00,0x00,0x00,0x00,0x00,0x00,0x00,0x00,0x00,0x00,0x00,0x00,0x00,0x00,0x00,
    0x00,0x00,0x00,0x00,0x00,0x00,0x00,0x00,0x00,0x00,0x00,0x00,0x00,0x00,0x00,0x00,0x00,0x00,0x00,0x00,0x00,0x00,0x00,0x00,0x00,0x00,0x00,0x00,0x00,0x00,0x00,0x00,
    0x00,0x00,0x00,0x00,0x00,0x00,0x00,0x00,0x00,0x00,0x00,0x00,0x00,0x00,0x00,0x00,0x00,0x00,0x00,0x00,0x00,0x00,0x00,0x00,0x00,0x00,0x00,0x00,0x00,0x00,0x00,0x00,
    0x00,0x00,0x00,0x00,0x00,0x00,0x00,0x00,0x00,0x00,0x00,0x00,0x00,0x00,0x00,0x00,0x00,0x00,0x00,0x00,0x00,0x00,0x00,0x00,0x00,0x00,0x00,0x00,0x00,0x00,0x00,0x00,
    0x00,0x00,0x00,0x00,0x00,0x00,0x00,0x00,0x00,0x00,0x00,0x00,0x00,0x00,0x00,0x00,0x00,0x00,0x00,0x00,0x00,0x00,0x00,0x00,0x00,0x00,0x00,0x00,0x00,0x00,0x00,0x00,
    0x00,0x00,0x00,0x00,0x00,0x00,0x00,0x00,0x00,0x00,0x00,0x00,0x00,0x00,0x00,0x00,0x00,0x00,0x00,0x00,0x00,0x00,0x00,0x00,0x00,0x00,0x00,0x00,0x00,0x00,0x00,0x00,
    0x00,0x00,0x00,0x00,0x00,0x00,0x00,0x00,0x00,0x00,0x00,0x00,0x00,0x00,0x00,0x00,0x00,0x00,0x00,0x00,0x00,0x00,0x00,0x00,0x00,0x00,0x00,0x00,0x00,0x00,0x00,0x00,
    0x00,0x00,0x00,0x00,0x00,0x00,0x00,0x00,0x00,0x00,0x00,0x00,0x00,0x00,0x00,0x00,0x00,0x00,0x00,0x00,0x00,0x00,0x00,0x00,0x00,0x00,0x00,0x00,0x00,0x00,0x00,0x00,
    0x00,0x00,0x00,0x00,0x00,0x00,0x00,0x00,0x00,0x00,0x00,0x00,0x00,0x00,0x00,0x00,0x00,0x00,0x00,0x00,0x00,0x00,0x00,0x00,0x00,0x00,0x00,0x00,0x00,0x00,0x00,0x00,
    0x00,0x00,0x00,0x00,0x00,0x00,0x00,0x00,0x00,0x00,0x00,0x00,0x00,0x00,0x00,0x00,0x00,0x00,0x00,0x00,0x00,0x00,0x00,0x00,0x00,0x00,0x00,0x00,0x00,0x00,0x00,0x00,
    0x00,0x00,0x00,0x00,0x00,0x00,0x00,0x00,0x00,0x00,0x00,0x00,0x00,0x00,0x00,0x00,0x00,0x00,0x00,0x00,0x00,0x00,0x00,0x00,0x00,0x00,0x00,0x00,0x00,0x00,0x00,0x00,
    0x00,0x00,0x00,0x00,0x00,0x00,0x00,0x00,0x00,0x00,0x00,0x00,0x00,0x00,0x00,0x00,0x00,0x00,0x00,0x00,0x00,0x00,0x00,0x00,0x00,0x00,0x00,0x00,0x00,0x00,0x00,0x00,
    0x00,0x00,0x00,0x00,0x00,0x00,0x00,0x00,0x00,0x00,0x00,0x00,0x00,0x00,0x00,0x00,0x00,0x00,0x00,0x00,0x00,0x00,0x00,0x00,0x00,0x00,0x00,0x00,0x00,0x00,0x00,0x00,
    0x00,0x00,0x00,0x00,0x00,0x00,0x00,0x00,0x00,0x00,0x00,0x00,0x00,0x00,0x00,0x00,0x00,0x00,0x00,0x00,0x00,0x00,0x00,0x00,0x00,0x00,0x00,0x00,0x00,0x00,0x00,0x00,
    0x00,0x00,0x00,0x00,0x00,0x00,0x00,0x00,0x00,0x00,0x00,0x00,0x00,0x00,0x00,0x00,0x00,0x00,0x00,0x00,0x00,0x00,0x00,0x00,0x00,0x00,0x00,0x00,0x00,0x00,0x00,0x00,
    0x00,0x00,0x00,0x00,0x00,0x00,0x00,0x00,0x00,0x00,0x00,0x00,0x00,0x00,0x00,0x00,0x00,0x00,0x00,0x00,0x00,0x00,0x00,0x00,0x00,0x00,0x00,0x00,0x00,0x00,0x00,0x00,
    0x00,0x00,0x00,0x00,0x00,0x00,0x00,0x00,0x00,0x00,0x00,0x00,0x00,0x00,0x00,0x00,0x00,0x00,0x00,0x00,0x00,0x00,0x00,0x00,0x00,0x00,0x00,0x00,0x00,0x00,0x00,0x00,
    0x00,0x00,0x00,0x00,0x00,0x00,0x00,0x00,0x00,0x00,0x00,0x00,0x00,0x00,0x00,0x00,0x00,0x00,0x00,0x00,0x00,0x00,0x00,0x00,0x00,0x00,0x00,0x00,0x00,0x00,0x00,0x00,
    0x00,0x00,0x00,0x00,0x00,0x00,0x00,0x00,0x00,0x00,0x00,0x00,0x00,0x00,0x00,0x00,0x00,0x00,0x00,0x00,0x00,0x00,0x00,0x00,0x00,0x00,0x00,0x00,0x00,0x00,0x00,0x00,
    0x00,0x00,0x00,0x00,0x00,0x00,0x00,0x00,0x00,0x00,0x00,0x00,0x00,0x00,0x00,0x00,0x00,0x00,0x00,0x00,0x00,0x00,0x00,0x00,0x00,0x00,0x00,0x00,0x00,0x00,0x00,0x00,
    0x00,0x00,0x00,0x00,0x00,0x00,0x00,0x00,0x00,0x00,0x00,0x00,0x00,0x00,0x00,0x00,0x00,0x00,0x00,0x00,0x00,0x00,0x00,0x00,0x00,0x00,0x00,0x00,0x00,0x00,0x00,0x00,
    0x00,0x00,0x00,0x00,0x00,0x00,0x00,0x00,0x00,0x00,0x00,0x00,0x00,0x00,0x00,0x00,0x00,0x00,0x00,0x00,0x00,0x00,0x00,0x00,0x00,0x00,0x00,0x00,0x00,0x00,0x00,0x00,
    0x00,0x00,0x00,0x00,0x00,0x00,0x00,0x00,0x00,0x00,0x00,0x00,0x00,0x00,0x00,0x00,0x00,0x00,0x00,0x00,0x00,0x00,0x00,0x00,0x00,0x00,0x00,0x00,0x00,0x00,0x00,0x00,
    0x00,0x00,0x00,0x00,0x00,0x00,0x00,0x00,0x00,0x00,0x00,0x00,0x00,0x00,0x00,0x00,0x00,0x00,0x00,0x00,0x00,0x00,0x00,0x00,0x00,0x00,0x00,0x00,0x00,0x00,0x00,0x00,
    0x00,0x00,0x00,0x00,0x00,0x00,0x00,0x00,0x00,0x00,0x00,0x00,0x00,0x00,0x00,0x00,0x00,0x00,0x00,0x00,0x00,0x00,0x00,0x00,0x00,0x00,0x00,0x00,0x00,0x00,0x00,0x00,
    0x00,0x00,0x00,0x00,0x00,0x00,0x00,0x00,0x00,0x00,0x00,0x00,0x00,0x00,0x00,0x00,0x00,0x00,0x00,0x00,0x00,0x00,0x00,0x00,0x00,0x00,0x00,0x00,0x00,0x00,0x00,0x00,
    0x00,0x00,0x00,0x00,0x00,0x00,0x00,0x00,0x00,0x00,0x00,0x00,0x00,0x00,0x00,0x00,0x00,0x00,0x00,0x00,0x00,0x00,0x00,0x00,0x00,0x00,0x00,0x00,0x00,0x00,0x00,0x00,
    0x00,0x00,0x00,0x00,0x00,0x00,0x00,0x00,0x00,0x00,0x00,0x00,0x00,0x00,0x00,0x00,0x00,0x00,0x00,0x00,0x00,0x00,0x00,0x00,0x00,0x00,0x00,0x00,0x00,0x00,0x00,0x00,
    0x00,0x00,0x00,0x00,0x00,0x00,0x00,0x00,0x00,0x00,0x00,0x00,0x00,0x00,0x00,0x00,0x00,0x00,0x00,0x00,0x00,0x00,0x00,0x00,0x00,0x00,0x00,0x00,0x00,0x00,0x00,0x00,
    0x00,0x00,0x00,0x00,0x00,0x00,0x00,0x00,0x00,0x00,0x00,0x00,0x00,0x00,0x00,0x00,0x00,0x00,0x00,0x00,0x00,0x00,0x00,0x00,0x00,0x00,0x00,0x00,0x00,0x00,0x00,0x00,
    0x00,0x00,0x00,0x00,0x00,0x00,0x00,0x00,0x00,0x00,0x00,0x00,0x00,0x00,0x00,0x00,0x00,0x00,0x00,0x00,0x00,0x00,0x00,0x00,0x00,0x00,0x00,0x00,0x00,0x00,0x00,0x00,
    0x00,0x00,0x00,0x00,0x00,0x00,0x00,0x00,0x00,0x00,0x00,0x00,0x00,0x00,0x00,0x00,0x00,0x00,0x00,0x00,0x00,0x00,0x00,0x00,0x00,0x00,0x00,0x00,0x00,0x00,0x00,0x00,
    0x00,0x00,0x00,0x00,0x00,0x00,0x00,0x00,0x00,0x00,0x00,0x00,0x00,0x00,0x00,0x00,0x00,0x00,0x00,0x00,0x00,0x00,0x00,0x00,0x00,0x00,0x00,0x00,0x00,0x00,0x00,0x00,
    0x00,0x00,0x00,0x00,0x00,0x00,0x00,0x00,0x00,0x00,0x00,0x00,0x00,0x00,0x00,0x00,0x00,0x00,0x00,0x00,0x00,0x00,0x00,0x00,0x00,0x00,0x00,0x00,0x00,0x00,0x00,0x00,
    0x00,0x00,0x00,0x00,0x00,0x00,0x00,0x00,0x00,0x00,0x00,0x00,0x00,0x00,0x00,0x00,0x00,0x00,0x00,0x00,0x00,0x00,0x00,0x00,0x00,0x00,0x00,0x00,0x00,0x00,0x00,0x00,
    0x00,0x00,0x00,0x00,0x00,0x00,0x00,0x00,0x00,0x00,0x00,0x00,0x00,0x00,0x00,0x00,0x00,0x00,0x00,0x00,0x00,0x00,0x00,0x00,0x00,0x00,0x00,0x00,0x00,0x00,0x00,0x00,
    0x00,0x00,0x00,0x00,0x00,0x00,0x00,0x00,0x00,0x00,0x00,0x00,0x00,0x00,0x00,0x00,0x00,0x00,0x00,0x00,0x00,0x00,0x00,0x00,0x00,0x00,0x00,0x00,0x00,0x00,0x00,0x00,
    0x00,0x00,0x00,0x00,0x00,0x00,0x00,0x00,0x00,0x00,0x00,0x00,0x00,0x00,0x00,0x00,0x00,0x00,0x00,0x00,0x00,0x00,0x00,0x00,0x00,0x00,0x00,0x00,0x00,0x00,0x00,0x00,
    0x00,0x00,0x00,0x00,0x00,0x00,0x00,0x00,0x00,0x00,0x00,0x00,0x00,0x00,0x00,0x00,0x00,0x00,0x00,0x00,0x00,0x00,0x00,0x00,0x00,0x00,0x00,0x00,0x00,0x00,0x00,0x00,
    0x00,0x00,0x00,0x00,0x00,0x00,0x00,0x00,0x00,0x00,0x00,0x00,0x00,0x00,0x00,0x00,0x00,0x00,0x00,0x00,0x00,0x00,0x00,0x00,0x00,0x00,0x00,0x00,0x00,0x00,0x00,0x00,
    0x00,0x00,0x00,0x00,0x00,0x00,0x00,0x00,0x00,0x00,0x00,0x00,0x00,0x00,0x00,0x00,0x00,0x00,0x00,0x00,0x00,0x00,0x00,0x00,0x00,0x00,0x00,0x00,0x00,0x00,0x00,0x00,
    0x00,0x00,0x00,0x00,0x00,0x00,0x00,0x00,0x00,0x00,0x00,0x00,0x00,0x00,0x00,0x00,0x00,0x00,0x00,0x00,0x00,0x00,0x00,0x00,0x00,0x00,0x00,0x00,0x00,0x00,0x00,0x00,
    0x00,0x00,0x00,0x00,0x00,0x00,0x00,0x00,0x00,0x00,0x00,0x00,0x00,0x00,0x00,0x00,0x00,0x00,0x00,0x00,0x00,0x00,0x00,0x00,0x00,0x00,0x00,0x00,0x00,0x00,0x00,0x00,
    0x00,0x00,0x00,0x00,0x00,0x00,0x00,0x00,0x00,0x00,0x00,0x00,0x00,0x00,0x00,0x00,0x00,0x00,0x00,0x00,0x00,0x00,0x00,0x00,0x00,0x00,0x00,0x00,0x00,0x00,0x00,0x00,
    0x00,0x00,0x00,0x00,0x00,0x00,0x00,0x00,0x00,0x00,0x00,0x00,0x00,0x00,0x00,0x00,0x00,0x00,0x00,0x00,0x00,0x00,0x00,0x00,0x00,0x00,0x00,0x00,0x00,0x00,0x00,0x00,
    0x00,0x00,0x00,0x00,0x00,0x00,0x00,0x00,0x00,0x00,0x00,0x00,0x00,0x00,0x00,0x00,0x00,0x00,0x00,0x00,0x00,0x00,0x00,0x00,0x00,0x00,0x00,0x00,0x00,0x00,0x00,0x00,
    0x00,0x00,0x00,0x00,0x00,0x00,0x00,0x00,0x00,0x00,0x00,0x00,0x00,0x00,0x00,0x00,0x00,0x00,0x00,0x00,0x00,0x00,0x00,0x00,0x00,0x00,0x00,0x00,0x00,0x00,0x00,0x00,
    0x00,0x00,0x00,0x00,0x00,0x00,0x00,0x00,0x00,0x00,0x00,0x00,0x00,0x00,0x00,0x00,0x00,0x00,0x00,0x00,0x00,0x00,0x00,0x00,0x00,0x00,0x00,0x00,0x00,0x00,0x00,0x00,
    0x00,0x00,0x00,0x00,0x00,0x00,0x00,0x00,0x00,0x00,0x00,0x00,0x00,0x00,0x00,0x00,0x00,0x00,0x00,0x00,0x00,0x00,0x00,0x00,0x00,0x00,0x00,0x00,0x00,0x00,0x00,0x00,
    0x00,0x00,0x00,0x00,0x00,0x00,0x00,0x00,0x00,0x00,0x00,0x00,0x00,0x00,0x00,0x00,0x00,0x00,0x00,0x00,0x00,0x00,0x00,0x00,0x00,0x00,0x00,0x00,0x00,0x00,0x00,0x00,
    0x00,0x00,0x00,0x00,0x00,0x00,0x00,0x00,0x00,0x00,0x00,0x00,0x00,0x00,0x00,0x00,0x00,0x00,0x00,0x00,0x00,0x00,0x00,0x00,0x00,0x00,0x00,0x00,0x00,0x00,0x00,0x00,
    0x00,0x00,0x00,0x00,0x00,0x00,0x00,0x00,0x00,0x00,0x00,0x00,0x00,0x00,0x00,0x00,0x00,0x00,0x00,0x00,0x00,0x00,0x00,0x00,0x00,0x00,0x00,0x00,0x00,0x00,0x00,0x00,
    0x00,0x00,0x00,0x00,0x00,0x00,0x00,0x00,0x00,0x00,0x00,0x00,0x00,0x00,0x00,0x00,0x00,0x00,0x00,0x00,0x00,0x00,0x00,0x00,0x00,0x00,0x00,0x00,0x00,0x00,0x00,0x00,
    0x00,0x00,0x00,0x00,0x00,0x00,0x00,0x00,0x00,0x00,0x00,0x00,0x00,0x00,0x00,0x00,0x00,0x00,0x00,0x00,0x00,0x00,0x00,0x00,0x00,0x00,0x00,0x00,0x00,0x00,0x00,0x00,
    0x00,0x00,0x00,0x00,0x00,0x00,0x00,0x00,0x00,0x00,0x00,0x00,0x00,0x00,0x00,0x00,0x00,0x00,0x00,0x00,0x00,0x00,0x00,0x00,0x00,0x00,0x00,0x00,0x00,0x00,0x00,0x00,
    0x00,0x00,0x00,0x00,0x00,0x00,0x00,0x00,0x00,0x00,0x00,0x00,0x00,0x00,0x00,0x00,0x00,0x00,0x00,0x00,0x00,0x00,0x00,0x00,0x00,0x00,0x00,0x00,0x00,0x00,0x00,0x00,
    0x00,0x00,0x00,0x00,0x00,0x00,0x00,0x00,0x00,0x00,0x00,0x00,0x00,0x00,0x00,0x00,0x00,0x00,0x00,0x00,0x00,0x00,0x00,0x00,0x00,0x00,0x00,0x00,0x00,0x00,0x00,0x00,
    0x00,0x00,0x00,0x00,0x00,0x00,0x00,0x00,0x00,0x00,0x00,0x00,0x00,0x00,0x00,0x00,0x00,0x00,0x00,0x00,0x00,0x00,0x00,0x00,0x00,0x00,0x00,0x00,0x00,0x00,0x00,0x00,
    0x00,0x00,0x00,0x00,0x00,0x00,0x00,0x00,0x00,0x00,0x00,0x00,0x00,0x00,0x00,0x00,0x00,0x00,0x00,0x00,0x00,0x00,0x00,0x00,0x00,0x00,0x00,0x00,0x00,0x00,0x00,0x00,
    0x00,0x00,0x00,0x00,0x00,0x00,0x00,0x00,0x00,0x00,0x00,0x00,0x00,0x00,0x00,0x00,0x00,0x00,0x00,0x00,0x00,0x00,0x00,0x00,0x00,0x00,0x00,0x00,0x00,0x00,0x00,0x00,
    0x00,0x00,0x00,0x00,0x00,0x00,0x00,0x00,0x00,0x00,0x00,0x00,0x00,0x00,0x00,0x00,0x00,0x00,0x00,0x00,0x00,0x00,0x00,0x00,0x00,0x00,0x00,0x00,0x00,0x00,0x00,0x00,
    0x00,0x00,0x00,0x00,0x00,0x00,0x00,0x00,0x00,0x00,0x00,0x00,0x00,0x00,0x00,0x00,0x00,0x00,0x00,0x00,0x00,0x00,0x00,0x00,0x00,0x00,0x00,0x00,0x00,0x00,0x00,0x00,
    0x00,0x00,0x00,0x00,0x00,0x00,0x00,0x00,0x00,0x00,0x00,0x00,0x00,0x00,0x00,0x00,0x00,0x00,0x00,0x00,0x00,0x00,0x00,0x00,0x00,0x00,0x00,0x00,0x00,0x00,0x00,0x00,
    0x00,0x00,0x00,0x00,0x00,0x00,0x00,0x00,0x00,0x00,0x00,0x00,0x00,0x00,0x00,0x00,0x00,0x00,0x00,0x00,0x00,0x00,0x00,0x00,0x00,0x00,0x00,0x00,0x00,0x00,0x00,0x00,
    0x00,0x00,0x00,0x00,0x00,0x00,0x00,0x00,0x00,0x00,0x00,0x00,0x00,0x00,0x00,0x00,0x00,0x00,0x00,0x00,0x00,0x00,0x00,0x00,0x00,0x00,0x00,0x00,0x00,0x00,0x00,0x00,
    0x00,0x00,0x00,0x00,0x00,0x00,0x00,0x00,0x00,0x00,0x00,0x00,0x00,0x00,0x00,0x00,0x00,0x00,0x00,0x00,0x00,0x00,0x00,0x00,0x00,0x00,0x00,0x00,0x00,0x00,0x00,0x00,
    0x00,0x00,0x00,0x00,0x00,0x00,0x00,0x00,0x00,0x00,0x00,0x00,0x00,0x00,0x00,0x00,0x00,0x00,0x00,0x00,0x00,0x00,0x00,0x00,0x00,0x00,0x00,0x00,0x00,0x00,0x00,0x00,
    0x00,0x00,0x00,0x00,0x00,0x00,0x00,0x00,0x00,0x00,0x00,0x00,0x00,0x00,0x00,0x00,0x00,0x00,0x00,0x00,0x00,0x00,0x00,0x00,0x00,0x00,0x00,0x00,0x00,0x00,0x00,0x00,
    0x00,0x00,0x00,0x00,0x00,0x00,0x00,0x00,0x00,0x00,0x00,0x00,0x00,0x00,0x00,0x00,0x00,0x00,0x00,0x00,0x00,0x00,0x00,0x00,0x00,0x00,0x00,0x00,0x00,0x00,0x00,0x00,
    0x00,0x00,0x00,0x00,0x00,0x00,0x00,0x00,0x00,0x00,0x00,0x00,0x00,0x00,0x00,0x00,0x00,0x00,0x00,0x00,0x00,0x00,0x00,0x00,0x00,0x00,0x00,0x00,0x00,0x00,0x00,0x00,
    0x00,0x00,0x00,0x00,0x00,0x00,0x00,0x00,0x00,0x00,0x00,0x00,0x00,0x00,0x00,0x00,0x00,0x00,0x00,0x00,0x00,0x00,0x00,0x00,0x00,0x00,0x00,0x00,0x00,0x00,0x00,0x00,
    0x00,0x00,0x00,0x00,0x00,0x00,0x00,0x00,0x00,0x00,0x00,0x00,0x00,0x00,0x00,0x00,0x00,0x00,0x00,0x00,0x00,0x00,0x00,0x00,0x00,0x00,0x00,0x00,0x00,0x00,0x00,0x00,
    0x00,0x00,0x00,0x00,0x00,0x00,0x00,0x00,0x00,0x00,0x00,0x00,0x00,0x00,0x00,0x00,0x00,0x00,0x00,0x00,0x00,0x00,0x00,0x00,0x00,0x00,0x00,0x00,0x00,0x00,0x00,0x00,
    0x00,0x00,0x00,0x00,0x00,0x00,0x00,0x00,0x00,0x00,0x00,0x00,0x00,0x00,0x00,0x00,0x00,0x00,0x00,0x00,0x00,0x00,0x00,0x00,0x00,0x00,0x00,0x00,0x00,0x00,0x00,0x00,
    0x00,0x00,0x00,0x00,0x00,0x00,0x00,0x00,0x00,0x00,0x00,0x00,0x00,0x00,0x00,0x00,0x00,0x00,0x00,0x00,0x00,0x00,0x00,0x00,0x00,0x00,0x00,0x00,0x00,0x00,0x00,0x00,
    0x00,0x00,0x00,0x00,0x00,0x00,0x00,0x00,0x00,0x00,0x00,0x00,0x00,0x00,0x00,0x00,0x00,0x00,0x00,0x00,0x00,0x00,0x00,0x00,0x00,0x00,0x00,0x00,0x00,0x00,0x00,0x00,
    0x00,0x00,0x00,0x00,0x00,0x00,0x00,0x00,0x00,0x00,0x00,0x00,0x00,0x00,0x00,0x00,0x00,0x00,0x00,0x00,0x00,0x00,0x00,0x00,0x00,0x00,0x00,0x00,0x00,0x00,0x00,0x00,
    0x00,0x00,0x00,0x00,0x00,0x00,0x00,0x00,0x00,0x00,0x00,0x00,0x00,0x00,0x00,0x00,0x00,0x00,0x00,0x00,0x00,0x00,0x00,0x00,0x00,0x00,0x00,0x00,0x00,0x00,0x00,0x00,
    0x00,0x00,0x00,0x00,0x00,0x00,0x00,0x00,0x00,0x00,0x00,0x00,0x00,0x00,0x00,0x00,0x00,0x00,0x00,0x00,0x00,0x00,0x00,0x00,0x00,0x00,0x00,0x00,0x00,0x00,0x00,0x00,
    0x00,0x00,0x00,0x00,0x00,0x00,0x00,0x00,0x00,0x00,0x00,0x00,0x00,0x00,0x00,0x00,0x00,0x00,0x00,0x00,0x00,0x00,0x00,0x00,0x00,0x00,0x00,0x00,0x00,0x00,0x00,0x00,
    0x00,0x00,0x00,0x00,0x00,0x00,0x00,0x00,0x00,0x00,0x00,0x00,0x00,0x00,0x00,0x00,0x00,0x00,0x00,0x00,0x00,0x00,0x00,0x00,0x00,0x00,0x00,0x00,0x00,0x00,0x00,0x00,
    0x00,0x00,0x00,0x00,0x00,0x00,0x00,0x00,0x00,0x00,0x00,0x00,0x00,0x00,0x00,0x00,0x00,0x00,0x00,0x00,0x00,0x00,0x00,0x00,0x00,0x00,0x00,0x00,0x00,0x00,0x00,0x00,
    0x00,0x00,0x00,0x00,0x00,0x00,0x00,0x00,0x00,0x00,0x00,0x00,0x00,0x00,0x00,0x00,0x00,0x00,0x00,0x00,0x00,0x00,0x00,0x00,0x00,0x00,0x00,0x00,0x00,0x00,0x00,0x00,
    0x00,0x00,0x00,0x00,0x00,0x00,0x00,0x00,0x00,0x00,0x00,0x00,0x00,0x00,0x00,0x00,0x00,0x00,0x00,0x00,0x00,0x00,0x00,0x00,0x00,0x00,0x00,0x00,0x00,0x00,0x00,0x00,
    0x00,0x00,0x00,0x00,0x00,0x00,0x00,0x00,0x00,0x00,0x00,0x00,0x00,0x00,0x00,0x00,0x00,0x00,0x00,0x00,0x00,0x00,0x00,0x00,0x00,0x00,0x00,0x00,0x00,0x00,0x00,0x00,
    0x00,0x00,0x00,0x00,0x00,0x00,0x00,0x00,0x00,0x00,0x00,0x00,0x00,0x00,0x00,0x00,0x00,0x00,0x00,0x00,0x00,0x00,0x00,0x00,0x00,0x00,0x00,0x00,0x00,0x00,0x00,0x00,
    0x00,0x00,0x00,0x00,0x00,0x00,0x00,0x00,0x00,0x00,0x00,0x00,0x00,0x00,0x00,0x00,0x00,0x00,0x00,0x00,0x00,0x00,0x00,0x00,0x00,0x00,0x00,0x00,0x00,0x00,0x00,0x00,
    0x00,0x00,0x00,0x00,0x00,0x00,0x00,0x00,0x00,0x00,0x00,0x00,0x00,0x00,0x00,0x00,0x00,0x00,0x00,0x00,0x00,0x00,0x00,0x00,0x00,0x00,0x00,0x00,0x00,0x00,0x00,0x00,
    0x00,0x00,0x00,0x00,0x00,0x00,0x00,0x00,0x00,0x00,0x00,0x00,0x00,0x00,0x00,0x00,0x00,0x00,0x00,0x00,0x00,0x00,0x00,0x00,0x00,0x00,0x00,0x00,0x00,0x00,0x00,0x00,
    0x00,0x00,0x00,0x00,0x00,0x00,0x00,0x00,0x00,0x00,0x00,0x00,0x00,0x00,0x00,0x00,0x00,0x00,0x00,0x00,0x00,0x00,0x00,0x00,0x00,0x00,0x00,0x00,0x00,0x00,0x00,0x00,
    0x00,0x00,0x00,0x00,0x00,0x00,0x00,0x00,0x00,0x00,0x00,0x00,0x00,0x00,0x00,0x00,0x00,0x00,0x00,0x00,0x00,0x00,0x00,0x00,0x00,0x00,0x00,0x00,0x00,0x00,0x00,0x00,
    0x00,0x00,0x00,0x00,0x00,0x00,0x00,0x00,0x00,0x00,0x00,0x00,0x00,0x00,0x00,0x00,0x00,0x00,0x00,0x00,0x00,0x00,0x00,0x00,0x00,0x00,0x00,0x00,0x00,0x00,0x00,0x00,
    0x00,0x00,0x00,0x00,0x00,0x00,0x00,0x00,0x00,0x00,0x00,0x00,0x00,0x00,0x00,0x00,0x00,0x00,0x00,0x00,0x00,0x00,0x00,0x00,0x00,0x00,0x00,0x00,0x00,0x00,0x00,0x00,
    0x00,0x00,0x00,0x00,0x00,0x00,0x00,0x00,0x00,0x00,0x00,0x00,0x00,0x00,0x00,0x00,0x00,0x00,0x00,0x00,0x00,0x00,0x00,0x00,0x00,0x00,0x00,0x00,0x00,0x00,0x00,0x00,
    0x00,0x00,0x00,0x00,0x00,0x00,0x00,0x00,0x00,0x00,0x00,0x00,0x00,0x00,0x00,0x00,0x00,0x00,0x00,0x00,0x00,0x00,0x00,0x00,0x00,0x00,0x00,0x00,0x00,0x00,0x00,0x00,
    0x00,0x00,0x00,0x00,0x00,0x00,0x00,0x00,0x00,0x00,0x00,0x00,0x00,0x00,0x00,0x00,0x00,0x00,0x00,0x00,0x00,0x00,0x00,0x00,0x00,0x00,0x00,0x00,0x00,0x00,0x00,0x00,
    0x00,0x00,0x00,0x00,0x00,0x00,0x00,0x00,0x00,0x00,0x00,0x00,0x00,0x00,0x00,0x00,0x00,0x00,0x00,0x00,0x00,0x00,0x00,0x00,0x00,0x00,0x00,0x00,0x00,0x00,0x00,0x00,
    0x00,0x00,0x00,0x00,0x00,0x00,0x00,0x00,0x00,0x00,0x00,0x00,0x00,0x00,0x00,0x00,0x00,0x00,0x00,0x00,0x00,0x00,0x00,0x00,0x00,0x00,0x00,0x00,0x00,0x00,0x00,0x00,
    0x00,0x00,0x00,0x00,0x00,0x00,0x00,0x00,0x00,0x00,0x00,0x00,0x00,0x00,0x00,0x00,0x00,0x00,0x00,0x00,0x00,0x00,0x00,0x00,0x00,0x00,0x00,0x00,0x00,0x00,0x00,0x00,
    0x00,0x00,0x00,0x00,0x00,0x00,0x00,0x00,0x00,0x00,0x00,0x00,0x00,0x00,0x00,0x00,0x00,0x00,0x00,0x00,0x00,0x00,0x00,0x00,0x00,0x00,0x00,0x00,0x00,0x00,0x00,0x00,
    0x00,0x00,0x00,0x00,0x00,0x00,0x00,0x00,0x00,0x00,0x00,0x00,0x00,0x00,0x00,0x00,0x00,0x00,0x00,0x00,0x00,0x00,0x00,0x00,0x00,0x00,0x00,0x00,0x00,0x00,0x00,0x00,
    0x00,0x00,0x00,0x00,0x00,0x00,0x00,0x00,0x00,0x00,0x00,0x00,0x00,0x00,0x00,0x00,0x00,0x00,0x00,0x00,0x00,0x00,0x00,0x00,0x00,0x00,0x00,0x00,0x00,0x00,0x00,0x00,
    0x00,0x00,0x00,0x00,0x00,0x00,0x00,0x00,0x00,0x00,0x00,0x00,0x00,0x00,0x00,0x00,0x00,0x00,0x00,0x00,0x00,0x00,0x00,0x00,0x00,0x00,0x00,0x00,0x00,0x00,0x00,0x00,
    0x00,0x00,0x00,0x00,0x00,0x00,0x00,0x00,0x00,0x00,0x00,0x00,0x00,0x00,0x00,0x00,0x00,0x00,0x00,0x00,0x00,0x00,0x00,0x00,0x00,0x00,0x00,0x00,0x00,0x00,0x00,0x00,
    0x00,0x00,0x00,0x00,0x00,0x00,0x00,0x00,0x00,0x00,0x00,0x00,0x00,0x00,0x00,0x00,0x00,0x00,0x00,0x00,0x00,0x00,0x00,0x00,0x00,0x00,0x00,0x00,0x00,0x00,0x00,0x00,
    0x00,0x00,0x00,0x00,0x00,0x00,0x00,0x00,0x00,0x00,0x00,0x00,0x00,0x00,0x00,0x00,0x00,0x00,0x00,0x00,0x00,0x00,0x00,0x00,0x00,0x00,0x00,0x00,0x00,0x00,0x00,0x00,
    0x00,0x00,0x00,0x00,0x00,0x00,0x00,0x00,0x00,0x00,0x00,0x00,0x00,0x00,0x00,0x00,0x00,0x00,0x00,0x00,0x00,0x00,0x00,0x00,0x00,0x00,0x00,0x00,0x00,0x00,0x00,0x00,
    0x00,0x00,0x00,0x00,0x00,0x00,0x00,0x00,0x00,0x00,0x00,0x00,0x00,0x00,0x00,0x00,0x00,0x00,0x00,0x00,0x00,0x00,0x00,0x00,0x00,0x00,0x00,0x00,0x00,0x00,0x00,0x00,
    0x00,0x00,0x00,0x00,0x00,0x00,0x00,0x00,0x00,0x00,0x00,0x00,0x00,0x00,0x00,0x00,0x00,0x00,0x00,0x00,0x00,0x00,0x00,0x00,0x00,0x00,0x00,0x00,0x00,0x00,0x00,0x00,
    0x00,0x00,0x00,0x00,0x00,0x00,0x00,0x00,0x00,0x00,0x00,0x00,0x00,0x00,0x00,0x00,0x00,0x00,0x00,0x00,0x00,0x00,0x00,0x00,0x00,0x00,0x00,0x00,0x00,0x00,0x00,0x00,
    0x00,0x00,0x00,0x00,0x00,0x00,0x00,0x00,0x00,0x00,0x00,0x00,0x00,0x00,0x00,0x00,0x00,0x00,0x00,0x00,0x00,0x00,0x00,0x00,0x00,0x00,0x00,0x00,0x00,0x00,0x00,0x00,
    0x00,0x00,0x00,0x00,0x00,0x00,0x00,0x00,0x00,0x00,0x00,0x00,0x00,0x00,0x00,0x00,0x00,0x00,0x00,0x00,0x00,0x00,0x00,0x00,0x00,0x00,0x00,0x00,0x00,0x00,0x00,0x00,
    0x00,0x00,0x00,0x00,0x00,0x00,0x00,0x00,0x00,0x00,0x00,0x00,0x00,0x00,0x00,0x00,0x00,0x00,0x00,0x00,0x00,0x00,0x00,0x00,0x00,0x00,0x00,0x00,0x00,0x00,0x00,0x00,
    0x00,0x00,0x00,0x00,0x00,0x00,0x00,0x00,0x00,0x00,0x00,0x00,0x00,0x00,0x00,0x00,0x00,0x00,0x00,0x00,0x00,0x00,0x00,0x00,0x00,0x00,0x00,0x00,0x00,0x00,0x00,0x00,
    0x00,0x00,0x00,0x00,0x00,0x00,0x00,0x00,0x00,0x00,0x00,0x00,0x00,0x00,0x00,0x00,0x00,0x00,0x00,0x00,0x00,0x00,0x00,0x00,0x00,0x00,0x00,0x00,0x00,0x00,0x00,0x00,
    0x00,0x00,0x00,0x00,0x00,0x00,0x00,0x00,0x00,0x00,0x00,0x00,0x00,0x00,0x00,0x00,0x00,0x00,0x00,0x00,0x00,0x00,0x00,0x00,0x00,0x00,0x00,0x00,0x00,0x00,0x00,0x00,
    0x00,0x00,0x00,0x00,0x00,0x00,0x00,0x00,0x00,0x00,0x00,0x00,0x00,0x00,0x00,0x00,0x00,0x00,0x00,0x00,0x00,0x00,0x00,0x00,0x00,0x00,0x00,0x00,0x00,0x00,0x00,0x00,
    0x00,0x00,0x00,0x00,0x00,0x00,0x00,0x00,0x00,0x00,0x00,0x00,0x00,0x00,0x00,0x00,0x00,0x00,0x00,0x00,0x00,0x00,0x00,0x00,0x00,0x00,0x00,0x00,0x00,0x00,0x00,0x00,
    0x00,0x00,0x00,0x00,0x00,0x00,0x00,0x00,0x00,0x00,0x00,0x00,0x00,0x00,0x00,0x00,0x00,0x00,0x00,0x00,0x00,0x00,0x00,0x00,0x00,0x00,0x00,0x00,0x00,0x00,0x00,0x00,
    0x00,0x00,0x00,0x00,0x00,0x00,0x00,0x00,0x00,0x00,0x00,0x00,0x00,0x00,0x00,0x00,0x00,0x00,0x00,0x00,0x00,0x00,0x00,0x00,0x00,0x00,0x00,0x00,0x00,0x00,0x00,0x00,
    0x00,0x00,0x00,0x00,0x00,0x00,0x00,0x00,0x00,0x00,0x00,0x00,0x00,0x00,0x00,0x00,0x00,0x00,0x00,0x00,0x00,0x00,0x00,0x00,0x00,0x00,0x00,0x00,0x00,0x00,0x00,0x00,
    0x00,0x00,0x00,0x00,0x00,0x00,0x00,0x00,0x00,0x00,0x00,0x00,0x00,0x00,0x00,0x00,0x00,0x00,0x00,0x00,0x00,0x00,0x00,0x00,0x00,0x00,0x00,0x00,0x00,0x00,0x00,0x00,
    0x00,0x00,0x00,0x00,0x00,0x00,0x00,0x00,0x00,0x00,0x00,0x00,0x00,0x00,0x00,0x00,0x00,0x00,0x00,0x00,0x00,0x00,0x00,0x00,0x00,0x00,0x00,0x00,0x00,0x00,0x00,0x00,
    0x00,0x00,0x00,0x00,0x00,0x00,0x00,0x00,0x00,0x00,0x00,0x00,0x00,0x00,0x00,0x00,0x00,0x00,0x00,0x00,0x00,0x00,0x00,0x00,0x00,0x00,0x00,0x00,0x00,0x00,0x00,0x00,
    0x00,0x00,0x00,0x00,0x00,0x00,0x00,0x00,0x00,0x00,0x00,0x00,0x00,0x00,0x00,0x00,0x00,0x00,0x00,0x00,0x00,0x00,0x00,0x00,0x00,0x00,0x00,0x00,0x00,0x00,0x00,0x00,
    0x00,0x00,0x00,0x00,0x00,0x00,0x00,0x00,0x00,0x00,0x00,0x00,0x00,0x00,0x00,0x00,0x00,0x00,0x00,0x00,0x00,0x00,0x00,0x00,0x00,0x00,0x00,0x00,0x00,0x00,0x00,0x00,
    0x00,0x00,0x00,0x00,0x52,0xaa,0x52,0xaa,0x52,0xaa,0x52,0xaa,0x52,0xaa,0x52,0xaa,0x52,0xaa,0x00,0x00,0x00,0x00,0x00,0x00,0x00,0x00,0x00,0x00,0x52,0xaa,0x52,0xaa,
    0x52,0xaa,0x52,0xaa,0x52,0xaa,0x52,0xaa,0x00,0x00,0x00,0x00,0x00,0x00,0x00,0x00,0x00,0x00,0x52,0xaa,0x52,0xaa,0x52,0xaa,0x52,0xaa,0x52,0xaa,0x52,0xaa,0x52,0xaa,
    0x52,0xaa,0x00,0x00,0x00,0x00,0x00,0x00,0x00,0x00,0x52,0xaa,0x52,0xaa,0x52,0xaa,0x52,0xaa,0x52,0xaa,0x52,0xaa,0x52,0xaa,0x52,0xaa,0x00,0x00,0x00,0x00,0x00,0x00,
    0x00,0x00,0x52,0xaa,0x52,0xaa,0x52,0xaa,0x52,0xaa,0x00,0x00,0x52,0xaa,0x52,0xaa,0x52,0xaa,0x52,0xaa,0x00,0x00,0x00,0x00,0x00,0x00,0x00,0x00,0x52,0xaa,0x52,0xaa,
    0x52,0xaa,0x52,0xaa,0x52,0xaa,0x52,0xaa,0x52,0xaa,0x52,0xaa,0x00,0x00,0x00,0x00,0x00,0x00,0x00,0x00,0x52,0xaa,0x52,0xaa,0x52,0xaa,0x52,0xaa,0x52,0xaa,0x52,0xaa,
    0x52,0xaa,0x52,0xaa,0x00,0x00,0x00,0x00,0x00,0x00,0x52,0xaa,0x52,0xaa,0x52,0xaa,0x52,0xaa,0x52,0xaa,0x52,0xaa,0x52,0xaa,0x52,0xaa,0x52,0xaa,0x00,0x00,0x00,0x00,
    0x00,0x00,0x00,0x00,0x52,0xaa,0x52,0xaa,0x52,0xaa,0x52,0xaa,0x52,0xaa,0x52,0xaa,0x52,0xaa,0x00,0x00,0x00,0x00,0x00,0x00,0x00,0x00,0x00,0x00,0x52,0xaa,0x52,0xaa,
    0x52,0xaa,0x52,0xaa,0x52,0xaa,0x52,0xaa,0x52,0xaa,0x00,0x00,0x00,0x00,0x00,0x00,0x00,0x00,0x00,0x00,0x00,0x00,0x52,0xaa,0x52,0xaa,0x52,0xaa,0x52,0xaa,0x00,0x00,
    0x00,0x00,0x00,0x00,0x00,0x00,0x00,0x00,0x00,0x00,0x00,0x00,0x00,0x00,0x00,0x00,0x00,0x00,0x00,0x00,0x00,0x00,0x00,0x00,0x00,0x00,0x00,0x00,0x00,0x00,0x00,0x00,
    0x00,0x00,0x00,0x00,0x00,0x00,0x00,0x00,0x00,0x00,0x00,0x00,0x00,0x00,0x00,0x00,0x00,0x00,0x00,0x00,0x00,0x00,0x00,0x00,0x00,0x00,0x00,0x00,0x00,0x00,0x00,0x00,
    0x00,0x00,0x00,0x00,0x00,0x00,0x00,0x00,0x00,0x00,0x00,0x00,0x00,0x00,0x00,0x00,0x00,0x00,0x00,0x00,0x00,0x00,0x00,0x00,0x00,0x00,0x00,0x00,0x00,0x00,0x00,0x00,
    0x00,0x00,0x00,0x00,0x00,0x00,0x00,0x00,0x00,0x00,0x00,0x00,0x00,0x00,0x00,0x00,0x00,0x00,0x00,0x00,0x00,0x00,0x00,0x00,0x00,0x00,0x00,0x00,0x00,0x00,0x00,0x00,
    0x00,0x00,0x52,0xaa,0x52,0xaa,0xff,0xff,0xff,0xff,0xff,0xff,0xff,0xff,0xff,0xff,0x52,0xaa,0x52,0xaa,0x00,0x00,0x00,0x00,0x00,0x00,0x52,0xaa,0x52,0xaa,0xff,0xff,
    0xff,0xff,0xff,0xff,0xff,0xff,0x52,0xaa,0x00,0x00,0x00,0x00,0x00,0x00,0x00,0x00,0x00,0x00,0x52,0xaa,0xff,0xff,0xff,0xff,0xff,0xff,0xff,0xff,0xff,0xff,0xff,0xff,
    0x52,0xaa,0x52,0xaa,0x00,0x00,0x00,0x00,0x00,0x00,0x52,0xaa,0xff,0xff,0xff,0xff,0xff,0xff,0xff,0xff,0xff,0xff,0xff,0xff,0x52,0xaa,0x52,0xaa,0x00,0x00,0x00,0x00,
    0x00,0x00,0x52,0xaa,0xff,0xff,0xff,0xff,0x52,0xaa,0x00,0x00,0x52,0xaa,0xff,0xff,0xff,0xff,0x52,0xaa,0x00,0x00,0x00,0x00,0x00,0x00,0x52,0xaa,0x52,0xaa,0xff,0xff,
    0xff,0xff,0xff,0xff,0xff,0xff,0xff,0xff,0xff,0xff,0x52,0xaa,0x00,0x00,0x00,0x00,0x00,0x00,0x52,0xaa,0x52,0xaa,0xff,0xff,0xff,0xff,0xff,0xff,0xff,0xff,0xff,0xff,
    0xff,0xff,0x52,0xaa,0x00,0x00,0x00,0x00,0x00,0x00,0x52,0xaa,0xff,0xff,0xff,0xff,0xff,0xff,0xff,0xff,0xff,0xff,0xff,0xff,0xff,0xff,0x52,0xaa,0x00,0x00,0x00,0x00,
    0x00,0x00,0x52,0xaa,0x52,0xaa,0xff,0xff,0xff,0xff,0xff,0xff,0xff,0xff,0xff,0xff,0x52,0xaa,0x52,0xaa,0x00,0x00,0x00,0x00,0x00,0x00,0x52,0xaa,0x52,0xaa,0xff,0xff,
    0xff,0xff,0xff,0xff,0xff,0xff,0xff,0xff,0x52,0xaa,0x52,0xaa,0x00,0x00,0x00,0x00,0x00,0x00,0x00,0x00,0x00,0x00,0x52,0xaa,0xff,0xff,0xff,0xff,0x52,0xaa,0x00,0x00,
    0x00,0x00,0x00,0x00,0x00,0x00,0x00,0x00,0x00,0x00,0x00,0x00,0x00,0x00,0x00,0x00,0xff,0xff,0x00,0x00,0x00,0x00,0xff,0xff,0x00,0x00,0x00,0x00,0x00,0x00,0x00,0x00,
    0x00,0x00,0x00,0x00,0xff,0xff,0xff,0xff,0xff,0xff,0xff,0xff,0xff,0xff,0xff,0xff,0xff,0xff,0x00,0x00,0x00,0x00,0x00,0x00,0x00,0x00,0x00,0x00,0x00,0x00,0x00,0x00,
    0x00,0x00,0xff,0xff,0x00,0x00,0x00,0x00,0x00,0x00,0x00,0x00,0x00,0x00,0x00,0x00,0x00,0x00,0x00,0x00,0x00,0x00,0x00,0x00,0x00,0x00,0x00,0x00,0x00,0x00,0x00,0x00,
    0x00,0x00,0x00,0x00,0x00,0x00,0x00,0x00,0x00,0x00,0x00,0x00,0x00,0x00,0x00,0x00,0x00,0x00,0x00,0x00,0x00,0x00,0x00,0x00,0x00,0x00,0x00,0x00,0x00,0x00,0x00,0x00,
    0x00,0x00,0x52,0xaa,0xff,0xff,0xff,0xff,0xff,0xff,0xff,0xff,0xff,0xff,0xff,0xff,0xff,0xff,0x52,0xaa,0x00,0x00,0x00,0x00,0x00,0x00,0x52,0xaa,0xff,0xff,0xff,0xff,
    0xff,0xff,0xff,0xff,0xff,0xff,0x52,0xaa,0x00,0x00,0x00,0x00,0x00,0x00,0x00,0x00,0x00,0x00,0x52,0xaa,0xff,0xff,0xff,0xff,0xff,0xff,0xff,0xff,0xff,0xff,0xff,0xff,
    0xff,0xff,0x52,0xaa,0x00,0x00,0x00,0x00,0x00,0x00,0x52,0xaa,0xff,0xff,0xff,0xff,0xff,0xff,0xff,0xff,0xff,0xff,0xff,0xff,0xff,0xff,0x52,0xaa,0x00,0x00,0x00,0x00,
    0x00,0x00,0x52,0xaa,0xff,0xff,0xff,0xff,0x52,0xaa,0x00,0x00,0x52,0xaa,0xff,0xff,0xff,0xff,0x52,0xaa,0x00,0x00,0x00,0x00,0x00,0x00,0x52,0xaa,0xff,0xff,0xff,0xff,
    0xff,0xff,0xff,0xff,0xff,0xff,0xff,0xff,0xff,0xff,0x52,0xaa,0x00,0x00,0x00,0x00,0x00,0x00,0x52,0xaa,0xff,0xff,0xff,0xff,0xff,0xff,0xff,0xff,0xff,0xff,0xff,0xff,
    0xff,0xff,0x52,0xaa,0x00,0x00,0x00,0x00,0x00,0x00,0x52,0xaa,0xff,0xff,0xff,0xff,0xff,0xff,0xff,0xff,0xff,0xff,0xff,0xff,0xff,0xff,0x52,0xaa,0x00,0x00,0x00,0x00,
    0x00,0x00,0x52,0xaa,0xff,0xff,0xff,0xff,0xff,0xff,0xff,0xff,0xff,0xff,0xff,0xff,0xff,0xff,0x52,0xaa,0x00,0x00,0x00,0x00,0x00,0x00,0x52,0xaa,0xff,0xff,0xff,0xff,
    0xff,0xff,0xff,0xff,0xff,0xff,0xff,0xff,0xff,0xff,0x52,0xaa,0x00,0x00,0x00,0x00,0x00,0x00,0x00,0x00,0x52,0xaa,0x52,0xaa,0xff,0xff,0xff,0xff,0x52,0xaa,0x00,0x00,
    0x00,0x00,0x00,0x00,0x00,0x00,0x00,0x00,0x00,0x00,0x00,0x00,0x00,0x00,0x00,0x00,0x00,0x00,0xff,0xff,0xff,0xff,0x00,0x00,0x00,0x00,0x00,0x00,0x00,0x00,0x00,0x00,
    0x00,0x00,0xff,0xff,0xff,0xff,0x00,0x00,0x00,0x00,0x00,0x00,0x00,0x00,0x00,0x00,0xff,0xff,0xff,0xff,0x00,0x00,0x00,0x00,0x00,0x00,0x00,0x00,0x00,0x00,0x00,0x00,
    0xff,0xff,0xff,0xff,0xff,0xff,0x00,0x00,0x00,0x00,0x00,0x00,0x00,0x00,0x00,0x00,0x00,0x00,0x00,0x00,0x00,0x00,0x00,0x00,0x00,0x00,0x00,0x00,0x00,0x00,0x00,0x00,
    0x00,0x00,0x00,0x00,0x00,0x00,0x00,0x00,0x00,0x00,0x00,0x00,0x00,0x00,0x00,0x00,0x00,0x00,0x00,0x00,0x00,0x00,0x00,0x00,0x00,0x00,0x00,0x00,0x00,0x00,0x00,0x00,
    0x00,0x00,0x52,0xaa,0xff,0xff,0xff,0xff,0x52,0xaa,0x52,0xaa,0x52,0xaa,0xff,0xff,0xff,0xff,0x52,0xaa,0x00,0x00,0x00,0x00,0x00,0x00,0x52,0xaa,0xff,0xff,0xff,0xff,
    0x52,0xaa,0xff,0xff,0xff,0xff,0x52,0xaa,0x00,0x00,0x00,0x00,0x00,0x00,0x00,0x00,0x00,0x00,0x52,0xaa,0x52,0xaa,0x52,0xaa,0x52,0xaa,0x52,0xaa,0x52,0xaa,0xff,0xff,
    0xff,0xff,0x52,0xaa,0x00,0x00,0x00,0x00,0x00,0x00,0x52,0xaa,0x52,0xaa,0x52,0xaa,0x52,0xaa,0x52,0xaa,0x52,0xaa,0xff,0xff,0xff,0xff,0x52,0xaa,0x00,0x00,0x00,0x00,
    0x00,0x00,0x52,0xaa,0xff,0xff,0xff,0xff,0x52,0xaa,0x52,0xaa,0x52,0xaa,0xff,0xff,0xff,0xff,0x52,0xaa,0x00,0x00,0x00,0x00,0x00,0x00,0x52,0xaa,0xff,0xff,0xff,0xff,
    0x52,0xaa,0x52,0xaa,0x52,0xaa,0x52,0xaa,0x52,0xaa,0x52,0xaa,0x00,0x00,0x00,0x00,0x00,0x00,0x52,0xaa,0xff,0xff,0xff,0xff,0x52,0xaa,0x52,0xaa,0x52,0xaa,0x52,0xaa,
    0x52,0xaa,0x52,0xaa,0x00,0x00,0x00,0x00,0x00,0x00,0x52,0xaa,0x52,0xaa,0x52,0xaa,0x52,0xaa,0x52,0xaa,0xff,0xff,0xff,0xff,0xff,0xff,0x52,0xaa,0x00,0x00,0x00,0x00,
    0x00,0x00,0x52,0xaa,0xff,0xff,0xff,0xff,0x52,0xaa,0x52,0xaa,0x52,0xaa,0xff,0xff,0xff,0xff,0x52,0xaa,0x00,0x00,0x00,0x00,0x00,0x00,0x52,0xaa,0xff,0xff,0xff,0xff,
    0x52,0xaa,0x52,0xaa,0x52,0xaa,0xff,0xff,0xff,0xff,0x52,0xaa,0x00,0x00,0x00,0x00,0x00,0x00,0x00,0x00,0x52,0xaa,0xff,0xff,0xff,0xff,0xff,0xff,0x52,0xaa,0x00,0x00,
    0x00,0x00,0x00,0x00,0x00,0x00,0x00,0x00,0x00,0x00,0x00,0x00,0xff,0xff,0x00,0x00,0xff,0xff,0xff,0xff,0xff,0xff,0xff,0xff,0x00,0x00,0xff,0xff,0x00,0x00,0x00,0x00,
    0x00,0x00,0xff,0xff,0x00,0x00,0x00,0x00,0x00,0x00,0x00,0x00,0x00,0x00,0x00,0x00,0x00,0x00,0xff,0xff,0x00,0x00,0x00,0x00,0x00,0x00,0x00,0x00,0x00,0x00,0x00,0x00,
    0xff,0xff,0xff,0xff,0xff,0xff,0x00,0x00,0x00,0x00,0x00,0x00,0x00,0x00,0x00,0x00,0x00,0x00,0x00,0x00,0x00,0x00,0x00,0x00,0x00,0x00,0x00,0x00,0x00,0x00,0x00,0x00,
    0x00,0x00,0x00,0x00,0x00,0x00,0x00,0x00,0x00,0x00,0x00,0x00,0x00,0x00,0x00,0x00,0x00,0x00,0x00,0x00,0x00,0x00,0x00,0x00,0x00,0x00,0x00,0x00,0x00,0x00,0x00,0x00,
    0x00,0x00,0x52,0xaa,0xff,0xff,0xff,0xff,0x52,0xaa,0xff,0xff,0x52,0xaa,0xff,0xff,0xff,0xff,0x52,0xaa,0x00,0x00,0x00,0x00,0x00,0x00,0x52,0xaa,0x52,0xaa,0x52,0xaa,
    0x52,0xaa,0xff,0xff,0xff,0xff,0x52,0xaa,0x00,0x00,0x00,0x00,0x00,0x00,0x00,0x00,0x00,0x00,0x52,0xaa,0xff,0xff,0xff,0xff,0xff,0xff,0xff,0xff,0xff,0xff,0xff,0xff,
    0xff,0xff,0x52,0xaa,0x00,0x00,0x00,0x00,0x00,0x00,0x00,0x00,0x00,0x00,0x52,0xaa,0xff,0xff,0xff,0xff,0xff,0xff,0xff,0xff,0xff,0xff,0x52,0xaa,0x00,0x00,0x00,0x00,
    0x00,0x00,0x52,0xaa,0xff,0xff,0xff,0xff,0xff,0xff,0xff,0xff,0xff,0xff,0xff,0xff,0xff,0xff,0x52,0xaa,0x00,0x00,0x00,0x00,0x00,0x00,0x52,0xaa,0xff,0xff,0xff,0xff,
    0xff,0xff,0xff,0xff,0xff,0xff,0xff,0xff,0xff,0xff,0x52,0xaa,0x00,0x00,0x00,0x00,0x00,0x00,0x52,0xaa,0xff,0xff,0xff,0xff,0xff,0xff,0xff,0xff,0xff,0xff,0xff,0xff,
    0x52,0xaa,0x52,0xaa,0x00,0x00,0x00,0x00,0x00,0x00,0x00,0x00,0x00,0x00,0x52,0xaa,0x52,0xaa,0xff,0xff,0xff,0xff,0xff,0xff,0x52,0xaa,0x52,0xaa,0x00,0x00,0x00,0x00,
    0x00,0x00,0x52,0xaa,0xff,0xff,0xff,0xff,0xff,0xff,0xff,0xff,0xff,0xff,0xff,0xff,0xff,0xff,0x52,0xaa,0x00,0x00,0x00,0x00,0x00,0x00,0x52,0xaa,0xff,0xff,0xff,0xff,
    0xff,0xff,0xff,0xff,0xff,0xff,0xff,0xff,0xff,0xff,0x52,0xaa,0x00,0x00,0x00,0x00,0x00,0x00,0x52,0xaa,0x52,0xaa,0xff,0xff,0xff,0xff,0xff,0xff,0x52,0xaa,0x00,0x00,
    0x00,0x00,0x00,0x00,0x00,0x00,0x00,0x00,0x00,0x00,0x00,0x00,0xff,0xff,0xff,0xff,0x00,0x00,0xff,0xff,0xff,0xff,0x00,0x00,0xff,0xff,0xff,0xff,0x00,0x00,0x00,0x00,
    0x00,0x00,0xff,0xff,0x00,0x00,0xff,0xff,0xff,0xff,0x00,0x00,0xff,0xff,0xff,0xff,0x00,0x00,0xff,0xff,0x00,0x00,0x00,0x00,0x00,0x00,0x00,0x00,0x00,0x00,0x00,0x00,
    0xff,0xff,0xff,0xff,0xff,0xff,0x00,0x00,0x00,0x00,0x00,0x00,0x00,0x00,0x00,0x00,0x00,0x00,0x00,0x00,0x00,0x00,0x00,0x00,0x00,0x00,0x00,0x00,0x00,0x00,0x00,0x00,
    0x00,0x00,0x00,0x00,0x00,0x00,0x00,0x00,0x00,0x00,0x00,0x00,0x00,0x00,0x00,0x00,0x00,0x00,0x00,0x00,0x00,0x00,0x00,0x00,0x00,0x00,0x00,0x00,0x00,0x00,0x00,0x00,
    0x00,0x00,0x52,0xaa,0xff,0xff,0xff,0xff,0x52,0xaa,0xff,0xff,0x52,0xaa,0xff,0xff,0xff,0xff,0x52,0xaa,0x00,0x00,0x00,0x00,0x00,0x00,0x00,0x00,0x00,0x00,0x00,0x00,
    0x52,0xaa,0xff,0xff,0xff,0xff,0x52,0xaa,0x00,0x00,0x00,0x00,0x00,0x00,0x00,0x00,0x00,0x00,0x52,0xaa,0xff,0xff,0xff,0xff,0xff,0xff,0xff,0xff,0xff,0xff,0xff,0xff,
    0xff,0xff,0x52,0xaa,0x00,0x00,0x00,0x00,0x00,0x00,0x00,0x00,0x00,0x00,0x52,0xaa,0xff,0xff,0xff,0xff,0xff,0xff,0xff,0xff,0xff,0xff,0x52,0xaa,0x00,0x00,0x00,0x00,
    0x00,0x00,0x52,0xaa,0x52,0xaa,0xff,0xff,0xff,0xff,0xff,0xff,0xff,0xff,0xff,0xff,0xff,0xff,0x52,0xaa,0x00,0x00,0x00,0x00,0x00,0x00,0x52,0xaa,0xff,0xff,0xff,0xff,
    0xff,0xff,0xff,0xff,0xff,0xff,0xff,0xff,0xff,0xff,0x52,0xaa,0x00,0x00,0x00,0x00,0x00,0x00,0x52,0xaa,0xff,0xff,0xff,0xff,0xff,0xff,0xff,0xff,0xff,0xff,0xff,0xff,
    0xff,0xff,0x52,0xaa,0x00,0x00,0x00,0x00,0x00,0x00,0x00,0x00,0x52,0xaa,0x52,0xaa,0xff,0xff,0xff,0xff,0xff,0xff,0x52,0xaa,0x52,0xaa,0x00,0x00,0x00,0x00,0x00,0x00,
    0x00,0x00,0x52,0xaa,0xff,0xff,0xff,0xff,0xff,0xff,0xff,0xff,0xff,0xff,0xff,0xff,0xff,0xff,0x52,0xaa,0x00,0x00,0x00,0x00,0x00,0x00,0x52,0xaa,0x52,0xaa,0xff,0xff,
    0xff,0xff,0xff,0xff,0xff,0xff,0xff,0xff,0xff,0xff,0x52,0xaa,0x00,0x00,0x00,0x00,0x00,0x00,0x52,0xaa,0xff,0xff,0xff,0xff,0xff,0xff,0x52,0xaa,0x52,0xaa,0x00,0x00,
    0x00,0x00,0x00,0x00,0x00,0x00,0x00,0x00,0x00,0x00,0x00,0x00,0xff,0xff,0xff,0xff,0xff,0xff,0xff,0xff,0xff,0xff,0xff,0xff,0xff,0xff,0xff,0xff,0x00,0x00,0x00,0x00,
    0x00,0x00,0xff,0xff,0x00,0x00,0x52,0xaa,0xff,0xff,0x00,0x00,0x52,0xaa,0xff,0xff,0x00,0x00,0xff,0xff,0x00,0x00,0x00,0x00,0x00,0x00,0xff,0xff,0xff,0xff,0xff,0xff,
    0xff,0xff,0xff,0xff,0xff,0xff,0xff,0xff,0xff,0xff,0xff,0xff,0x00,0x00,0x00,0x00,0x00,0x00,0x00,0x00,0x00,0x00,0x00,0x00,0x00,0x00,0x00,0x00,0x00,0x00,0x00,0x00,
    0x00,0x00,0x00,0x00,0x00,0x00,0x00,0x00,0x00,0x00,0x00,0x00,0x00,0x00,0x00,0x00,0x00,0x00,0x00,0x00,0x00,0x00,0x00,0x00,0x00,0x00,0x00,0x00,0x00,0x00,0x00,0x00,
    0x00,0x00,0x52,0xaa,0xff,0xff,0xff,0xff,0x52,0xaa,0x52,0xaa,0x52,0xaa,0xff,0xff,0xff,0xff,0x52,0xaa,0x00,0x00,0x00,0x00,0x00,0x00,0x00,0x00,0x00,0x00,0x00,0x00,
    0x52,0xaa,0xff,0xff,0xff,0xff,0x52,0xaa,0x00,0x00,0x00,0x00,0x00,0x00,0x00,0x00,0x00,0x00,0x52,0xaa,0xff,0xff,0xff,0xff,0x52,0xaa,0x52,0xaa,0x52,0xaa,0x52,0xaa,
    0x52,0xaa,0x52,0xaa,0x00,0x00,0x00,0x00,0x00,0x00,0x52,0xaa,0x52,0xaa,0x52,0xaa,0x52,0xaa,0x52,0xaa,0x52,0xaa,0xff,0xff,0xff,0xff,0x52,0xaa,0x00,0x00,0x00,0x00,
    0x00,0x00,0x00,0x00,0x52,0xaa,0x52,0xaa,0x52,0xaa,0x52,0xaa,0x52,0xaa,0xff,0xff,0xff,0xff,0x52,0xaa,0x00,0x00,0x00,0x00,0x00,0x00,0x52,0xaa,0x52,0xaa,0x52,0xaa,
    0x52,0xaa,0x52,0xaa,0x52,0xaa,0xff,0xff,0xff,0xff,0x52,0xaa,0x00,0x00,0x00,0x00,0x00,0x00,0x52,0xaa,0xff,0xff,0xff,0xff,0x52,0xaa,0x52,0xaa,0x52,0xaa,0xff,0xff,
    0xff,0xff,0x52,0xaa,0x00,0x00,0x00,0x00,0x00,0x00,0x52,0xaa,0x52,0xaa,0xff,0xff,0xff,0xff,0xff,0xff,0x52,0xaa,0x52,0xaa,0x00,0x00,0x00,0x00,0x00,0x00,0x00,0x00,
    0x00,0x00,0x52,0xaa,0xff,0xff,0xff,0xff,0x52,0xaa,0x52,0xaa,0x52,0xaa,0xff,0xff,0xff,0xff,0x52,0xaa,0x00,0x00,0x00,0x00,0x00,0x00,0x52,0xaa,0x52,0xaa,0x52,0xaa,
    0x52,0xaa,0x52,0xaa,0x52,0xaa,0xff,0xff,0xff,0xff,0x52,0xaa,0x00,0x00,0x00,0x00,0x00,0x00,0x52,0xaa,0xff,0xff,0xff,0xff,0xff,0xff,0x52,0xaa,0x00,0x00,0x00,0x00,
    0x00,0x00,0x00,0x00,0x00,0x00,0x00,0x00,0x00,0x00,0x00,0x00,0xff,0xff,0x00,0x00,0xff,0xff,0xff,0xff,0xff,0xff,0xff,0xff,0x00,0x00,0xff,0xff,0x00,0x00,0x00,0x00,
    0x00,0x00,0xff,0xff,0x00,0x00,0x00,0x00,0x00,0x00,0x00,0x00,0x00,0x00,0x00,0x00,0x00,0x00,0xff,0xff,0x00,0x00,0x00,0x00,0xff,0xff,0xff,0xff,0xff,0xff,0xff,0xff,
    0xff,0xff,0xff,0xff,0xff,0xff,0xff,0xff,0xff,0xff,0xff,0xff,0xff,0xff,0x00,0x00,0x00,0x00,0x00,0x00,0x00,0x00,0x00,0x00,0x00,0x00,0x00,0x00,0x00,0x00,0x00,0x00,
    0x00,0x00,0x00,0x00,0x00,0x00,0x00,0x00,0x00,0x00,0x00,0x00,0x00,0x00,0x00,0x00,0x00,0x00,0x00,0x00,0x00,0x00,0x00,0x00,0x00,0x00,0x00,0x00,0x00,0x00,0x00,0x00,
    0x00,0x00,0x52,0xaa,0xff,0xff,0xff,0xff,0xff,0xff,0xff,0xff,0xff,0xff,0xff,0xff,0xff,0xff,0x52,0xaa,0x00,0x00,0x00,0x00,0x00,0x00,0x00,0x00,0x00,0x00,0x00,0x00,
    0x52,0xaa,0xff,0xff,0xff,0xff,0x52,0xaa,0x00,0x00,0x00,0x00,0x00,0x00,0x00,0x00,0x00,0x00,0x52,0xaa,0xff,0xff,0xff,0xff,0xff,0xff,0xff,0xff,0xff,0xff,0xff,0xff,
    0xff,0xff,0x52,0xaa,0x00,0x00,0x00,0x00,0x00,0x00,0x52,0xaa,0xff,0xff,0xff,0xff,0xff,0xff,0xff,0xff,0xff,0xff,0xff,0xff,0xff,0xff,0x52,0xaa,0x00,0x00,0x00,0x00,
    0x00,0x00,0x00,0x00,0x00,0x00,0x00,0x00,0x00,0x00,0x00,0x00,0x52,0xaa,0xff,0xff,0xff,0xff,0x52,0xaa,0x00,0x00,0x00,0x00,0x00,0x00,0x52,0xaa,0xff,0xff,0xff,0xff,
    0xff,0xff,0xff,0xff,0xff,0xff,0xff,0xff,0xff,0xff,0x52,0xaa,0x00,0x00,0x00,0x00,0x00,0x00,0x52,0xaa,0xff,0xff,0xff,0xff,0xff,0xff,0xff,0xff,0xff,0xff,0xff,0xff,
    0xff,0xff,0x52,0xaa,0x00,0x00,0x00,0x00,0x00,0x00,0x52,0xaa,0xff,0xff,0xff,0xff,0xff,0xff,0x52,0xaa,0x52,0xaa,0x00,0x00,0x00,0x00,0x00,0x00,0x00,0x00,0x00,0x00,
    0x00,0x00,0x52,0xaa,0xff,0xff,0xff,0xff,0xff,0xff,0xff,0xff,0xff,0xff,0xff,0xff,0xff,0xff,0x52,0xaa,0x00,0x00,0x00,0x00,0x00,0x00,0x52,0xaa,0xff,0xff,0xff,0xff,
    0xff,0xff,0xff,0xff,0xff,0xff,0xff,0xff,0xff,0xff,0x52,0xaa,0x00,0x00,0x00,0x00,0x00,0x00,0x52,0xaa,0xff,0xff,0xff,0xff,0x52,0xaa,0x52,0xaa,0x00,0x00,0x00,0x00,
    0x00,0x00,0x00,0x00,0x00,0x00,0x00,0x00,0x00,0x00,0x00,0x00,0xff,0xff,0x00,0x00,0x00,0x00,0xff,0xff,0xff,0xff,0x00,0x00,0x00,0x00,0xff,0xff,0x00,0x00,0x00,0x00,
    0x00,0x00,0xff,0xff,0xff,0xff,0x00,0x00,0x00,0x00,0x00,0x00,0x00,0x00,0x00,0x00,0xff,0xff,0xff,0xff,0x00,0x00,0x00,0x00,0xff,0xff,0xff,0xff,0xff,0xff,0xff,0xff,
    0xff,0xff,0xff,0xff,0xff,0xff,0xff,0xff,0xff,0xff,0xff,0xff,0xff,0xff,0x00,0x00,0x00,0x00,0x00,0x00,0x00,0x00,0x00,0x00,0x00,0x00,0x00,0x00,0x00,0x00,0x00,0x00,
    0x00,0x00,0x00,0x00,0x00,0x00,0x00,0x00,0x00,0x00,0x00,0x00,0x00,0x00,0x00,0x00,0x00,0x00,0x00,0x00,0x00,0x00,0x00,0x00,0x00,0x00,0x00,0x00,0x00,0x00,0x00,0x00,
    0x00,0x00,0x52,0xaa,0x52,0xaa,0xff,0xff,0xff,0xff,0xff,0xff,0xff,0xff,0xff,0xff,0x52,0xaa,0x52,0xaa,0x00,0x00,0x00,0x00,0x00,0x00,0x00,0x00,0x00,0x00,0x00,0x00,
    0x52,0xaa,0xff,0xff,0xff,0xff,0x52,0xaa,0x00,0x00,0x00,0x00,0x00,0x00,0x00,0x00,0x00,0x00,0x52,0xaa,0x52,0xaa,0xff,0xff,0xff,0xff,0xff,0xff,0xff,0xff,0xff,0xff,
    0xff,0xff,0x52,0xaa,0x00,0x00,0x00,0x00,0x00,0x00,0x52,0xaa,0xff,0xff,0xff,0xff,0xff,0xff,0xff,0xff,0xff,0xff,0xff,0xff,0x52,0xaa,0x52,0xaa,0x00,0x00,0x00,0x00,
    0x00,0x00,0x00,0x00,0x00,0x00,0x00,0x00,0x00,0x00,0x00,0x00,0x52,0xaa,0xff,0xff,0xff,0xff,0x52,0xaa,0x00,0x00,0x00,0x00,0x00,0x00,0x52,0xaa,0xff,0xff,0xff,0xff,
    0xff,0xff,0xff,0xff,0xff,0xff,0xff,0xff,0x52,0xaa,0x52,0xaa,0x00,0x00,0x00,0x00,0x00,0x00,0x52,0xaa,0x52,0xaa,0xff,0xff,0xff,0xff,0xff,0xff,0xff,0xff,0xff,0xff,
    0x52,0xaa,0x52,0xaa,0x00,0x00,0x00,0x00,0x00,0x00,0x52,0xaa,0xff,0xff,0xff,0xff,0x52,0xaa,0x52,0xaa,0x00,0x00,0x00,0x00,0x00,0x00,0x00,0x00,0x00,0x00,0x00,0x00,
    0x00,0x00,0x52,0xaa,0x52,0xaa,0xff,0xff,0xff,0xff,0xff,0xff,0xff,0xff,0xff,0xff,0x52,0xaa,0x52,0xaa,0x00,0x00,0x00,0x00,0x00,0x00,0x52,0xaa,0xff,0xff,0xff,0xff,
    0xff,0xff,0xff,0xff,0xff,0xff,0xff,0xff,0x52,0xaa,0x52,0xaa,0x00,0x00,0x00,0x00,0x00,0x00,0x52,0xaa,0xff,0xff,0xff,0xff,0x52,0xaa,0x00,0x00,0x00,0x00,0x00,0x00,
    0x00,0x00,0x00,0x00,0x00,0x00,0x00,0x00,0x00,0x00,0x00,0x00,0xff,0xff,0xff,0xff,0x00,0x00,0x00,0x00,0x00,0x00,0x00,0x00,0xff,0xff,0xff,0xff,0x00,0x00,0x00,0x00,
    0x00,0x00,0x00,0x00,0xff,0xff,0xff,0xff,0xff,0xff,0xff,0xff,0xff,0xff,0xff,0xff,0xff,0xff,0x00,0x00,0x00,0x00,0x00,0x00,0xff,0xff,0xff,0xff,0xff,0xff,0xff,0xff,
    0xff,0xff,0xff,0xff,0xff,0xff,0xff,0xff,0xff,0xff,0xff,0xff,0xff,0xff,0x00,0x00,0x00,0x00,0x00,0x00,0x00,0x00,0x00,0x00,0x00,0x00,0x00,0x00,0x00,0x00,0x00,0x00,
    0x00,0x00,0x00,0x00,0x00,0x00,0x00,0x00,0x00,0x00,0x00,0x00,0x00,0x00,0x00,0x00,0x00,0x00,0x00,0x00,0x00,0x00,0x00,0x00,0x00,0x00,0x00,0x00,0x00,0x00,0x00,0x00,
    0x00,0x00,0x00,0x00,0x52,0xaa,0x52,0xaa,0x52,0xaa,0x52,0xaa,0x52,0xaa,0x52,0xaa,0x52,0xaa,0x00,0x00,0x00,0x00,0x00,0x00,0x00,0x00,0x00,0x00,0x00,0x00,0x00,0x00,
    0x52,0xaa,0x52,0xaa,0x52,0xaa,0x52,0xaa,0x00,0x00,0x00,0x00,0x00,0x00,0x00,0x00,0x00,0x00,0x00,0x00,0x52,0xaa,0x52,0xaa,0x52,0xaa,0x52,0xaa,0x52,0xaa,0x52,0xaa,
    0x52,0xaa,0x52,0xaa,0x00,0x00,0x00,0x00,0x00,0x00,0x52,0xaa,0x52,0xaa,0x52,0xaa,0x52,0xaa,0x52,0xaa,0x52,0xaa,0x52,0xaa,0x52,0xaa,0x00,0x00,0x00,0x00,0x00,0x00,
    0x00,0x00,0x00,0x00,0x00,0x00,0x00,0x00,0x00,0x00,0x00,0x00,0x52,0xaa,0x52,0xaa,0x52,0xaa,0x52,0xaa,0x00,0x00,0x00,0x00,0x00,0x00,0x52,0xaa,0x52,0xaa,0x52,0xaa,
    0x52,0xaa,0x52,0xaa,0x52,0xaa,0x52,0xaa,0x52,0xaa,0x00,0x00,0x00,0x00,0x00,0x00,0x00,0x00,0x00,0x00,0x52,0xaa,0x52,0xaa,0x52,0xaa,0x52,0xaa,0x52,0xaa,0x52,0xaa,
    0x52,0xaa,0x00,0x00,0x00,0x00,0x00,0x00,0x00,0x00,0x52,0xaa,0x52,0xaa,0x52,0xaa,0x52,0xaa,0x00,0x00,0x00,0x00,0x00,0x00,0x00,0x00,0x00,0x00,0x00,0x00,0x00,0x00,
    0x00,0x00,0x00,0x00,0x52,0xaa,0x52,0xaa,0x52,0xaa,0x52,0xaa,0x52,0xaa,0x52,0xaa,0x52,0xaa,0x00,0x00,0x00,0x00,0x00,0x00,0x00,0x00,0x52,0xaa,0x52,0xaa,0x52,0xaa,
    0x52,0xaa,0x52,0xaa,0x52,0xaa,0x52,0xaa,0x52,0xaa,0x00,0x00,0x00,0x00,0x00,0x00,0x00,0x00,0x52,0xaa,0x52,0xaa,0x52,0xaa,0x52,0xaa,0x00,0x00,0x00,0x00,0x00,0x00,
    0x00,0x00,0x00,0x00,0x00,0x00,0x00,0x00,0x00,0x00,0x00,0x00,0x00,0x00,0x00,0x00,0x00,0x00,0x00,0x00,0x00,0x00,0x00,0x00,0x00,0x00,0x00,0x00,0x00,0x00,0x00,0x00,
    0x00,0x00,0x00,0x00,0x00,0x00,0x00,0x00,0x00,0x00,0x00,0x00,0x00,0x00,0x00,0x00,0x00,0x00,0x00,0x00,0x00,0x00,0x00,0x00,0x00,0x00,0x00,0x00,0x00,0x00,0x00,0x00,
    0x00,0x00,0x00,0x00,0x00,0x00,0x00,0x00,0x00,0x00,0x00,0x00,0x00,0x00,0x00,0x00,0x00,0x00,0x00,0x00,0x00,0x00,0x00,0x00,0x00,0x00,0x00,0x00,0x00,0x00,0x00,0x00,
    0x00,0x00,0x00,0x00,0x00,0x00,0x00,0x00,0x00,0x00,0x00,0x00,0x00,0x00,0x00,0x00,0x00,0x00,0x00,0x00,0x00,0x00,0x00,0x00,0x00,0x00,0x00,0x00,0x00,0x00,0x00,0x00,
    0x00,0x00,0x00,0x00,0x00,0x00,0x00,0x00,0x00,0x00,0x00,0x00,0x00,0x00,0x00,0x00,0x00,0x00,0x00,0x00,0x00,0x00,0x00,0x00,0x00,0x00,0x00,0x00,0x00,0x00,0x00,0x00,
    0x00,0x00,0x00,0x00,0x00,0x00,0x00,0x00,0x00,0x00,0x00,0x00,0x00,0x00,0x00,0x00,0x00,0x00,0x00,0x00,0x00,0x00,0x00,0x00,0x00,0x00,0x00,0x00,0x00,0x00,0x00,0x00,
    0x00,0x00,0x00,0x00,0x00,0x00,0x00,0x00,0x00,0x00,0x00,0x00,0x00,0x00,0x00,0x00,0x00,0x00,0x00,0x00,0x00,0x00,0x00,0x00,0x00,0x00,0x00,0x00,0x00,0x00,0x00,0x00,
    0x00,0x00,0x00,0x00,0x00,0x00,0x00,0x00,0x00,0x00,0x00,0x00,0x00,0x00,0x00,0x00,0x00,0x00,0x00,0x00,0x00,0x00,0x00,0x00,0x00,0x00,0x00,0x00,0x00,0x00,0x00,0x00,
    0x00,0x00,0x00,0x00,0x00,0x00,0x00,0x00,0x00,0x00,0x00,0x00,0x00,0x00,0x00,0x00,0x00,0x00,0x00,0x00,0x00,0x00,0x00,0x00,0x00,0x00,0x00,0x00,0x00,0x00,0x00,0x00,
    0x00,0x00,0x00,0x00,0x00,0x00,0x00,0x00,0x00,0x00,0x00,0x00,0x00,0x00,0x00,0x00,0x00,0x00,0x00,0x00,0x00,0x00,0x00,0x00,0x00,0x00,0x00,0x00,0x00,0x00,0x00,0x00,
    0x00,0x00,0x00,0x00,0x00,0x00,0x00,0x00,0x00,0x00,0x00,0x00,0x00,0x00,0x00,0x00,0x00,0x00,0x00,0x00,0x00,0x00,0x00,0x00,0x00,0x00,0x00,0x00,0x00,0x00,0x00,0x00,
    0x00,0x00,0x00,0x00,0x00,0x00,0x00,0x00,0x00,0x00,0x00,0x00,0x00,0x00,0x00,0x00,0x00,0x00,0x00,0x00,0x00,0x00,0x00,0x00,0x00,0x00,0x00,0x00,0x00,0x00,0x00,0x00,
    0x00,0x00,0x00,0x00,0x00,0x00,0x00,0x00,0x00,0x00,0x00,0x00,0x00,0x00,0x00,0x00,0x00,0x00,0x00,0x00,0x00,0x00,0x00,0x00,0x00,0x00,0x00,0x00,0x00,0x00,0x00,0x00,
    0x00,0x00,0x00,0x00,0x00,0x00,0x00,0x00,0x00,0x00,0x00,0x00,0x00,0x00,0x00,0x00,0x00,0x00,0x00,0x00,0x00,0x00,0x00,0x00,0x00,0x00,0x00,0x00,0x00,0x00,0x00,0x00,
    0x00,0x00,0x00,0x00,0x00,0x00,0x00,0x00,0x00,0x00,0x00,0x00,0x00,0x00,0x00,0x00,0x00,0x00,0x00,0x00,0x00,0x00,0x00,0x00,0x00,0x00,0x00,0x00,0x00,0x00,0x00,0x00,
    0x00,0x00,0x00,0x00,0x00,0x00,0x00,0x00,0x00,0x00,0x00,0x00,0x00,0x00,0x00,0x00,0x00,0x00,0x00,0x00,0x00,0x00,0x00,0x00,0x00,0x00,0x00,0x00,0x00,0x00,0x00,0x00,
    0x00,0x00,0x00,0x00,0x00,0x00,0x00,0x00,0x00,0x00,0x00,0x00,0x00,0x00,0x00,0x00,0x00,0x00,0x00,0x00,0x00,0x00,0x00,0x00,0x00,0x00,0x00,0x00,0x00,0x00,0x00,0x00,
    0x00,0x00,0x00,0x00,0x00,0x00,0x00,0x00,0x00,0x00,0x00,0x00,0x00,0x00,0x00,0x00,0x00,0x00,0x00,0x00,0x00,0x00,0x00,0x00,0x00,0x00,0x00,0x00,0x00,0x00,0x00,0x00,
    0x00,0x00,0x00,0x00,0x00,0x00,0x00,0x00,0x00,0x00,0x00,0x00,0x00,0x00,0x00,0x00,0x00,0x00,0x00,0x00,0x00,0x00,0x00,0x00,0x00,0x00,0x00,0x00,0x00,0x00,0x00,0x00,
    0x00,0x00,0x00,0x00,0x00,0x00,0x00,0x00,0x00,0x00,0x00,0x00,0x00,0x00,0x00,0x00,0x00,0x00,0x00,0x00,0x00,0x00,0x00,0x00,0x00,0x00,0x00,0x00,0x00,0x00,0x00,0x00,
    0x00,0x00,0x00,0x00,0x00,0x00,0x00,0x00,0x00,0x00,0x00,0x00,0x00,0x00,0x00,0x00,0x00,0x00,0x00,0x00,0x00,0x00,0x00,0x00,0x00,0x00,0x00,0x00,0x00,0x00,0x00,0x00,
    0x00,0x00,0x00,0x00,0x00,0x00,0x00,0x00,0x00,0x00,0x00,0x00,0x00,0x00,0x00,0x00,0x00,0x00,0x00,0x00,0x00,0x00,0x00,0x00,0x00,0x00,0x00,0x00,0x00,0x00,0x00,0x00,
    0x00,0x00,0x00,0x00,0x00,0x00,0x00,0x00,0x00,0x00,0x00,0x00,0x00,0x00,0x00,0x00,0x00,0x00,0x00,0x00,0x00,0x00,0x00,0x00,0x00,0x00,0x00,0x00,0x00,0x00,0x00,0x00,
    0x00,0x00,0x00,0x00,0x00,0x00,0x00,0x00,0x00,0x00,0x00,0x00,0x00,0x00,0x00,0x00,0x00,0x00,0x00,0x00,0x00,0x00,0x00,0x00,0x00,0x00,0x00,0x00,0x00,0x00,0x00,0x00,
    0x00,0x00,0x00,0x00,0x00,0x00,0x00,0x00,0x00,0x00,0x00,0x00,0x00,0x00,0x00,0x00,0x00,0x00,0x00,0x00,0x00,0x00,0x00,0x00,0x00,0x00,0x00,0x00,0x00,0x00,0x00,0x00,
    0x00,0x00,0x00,0x00,0x00,0x00,0x00,0x00,0x00,0x00,0x00,0x00,0x00,0x00,0x00,0x00,0x00,0x00,0x00,0x00,0x00,0x00,0x00,0x00,0x00,0x00,0x00,0x00,0x00,0x00,0x00,0x00,
    0x00,0x00,0x00,0x00,0x00,0x00,0x00,0x00,0x00,0x00,0x00,0x00,0x00,0x00,0x00,0x00,0x00,0x00,0x00,0x00,0x00,0x00,0x00,0x00,0x00,0x00,0x00,0x00,0x00,0x00,0x00,0x00,
    0x00,0x00,0x00,0x00,0x00,0x00,0x00,0x00,0x00,0x00,0x00,0x00,0x00,0x00,0x00,0x00,0x00,0x00,0x00,0x00,0x00,0x00,0x00,0x00,0x00,0x00,0x00,0x00,0x00,0x00,0x00,0x00,
    0x00,0x00,0x00,0x00,0xff,0xff,0xff,0xff,0xff,0xff,0xff,0xff,0xff,0xff,0xff,0xff,0xff,0xff,0xff,0xff,0x00,0x00,0x00,0x00,0x00,0x00,0x00,0x00,0xff,0xff,0xff,0xff,
    0xff,0xff,0xff,0xff,0xff,0xff,0xff,0xff,0xff,0xff,0xff,0xff,0x00,0x00,0x00,0x00,0x00,0x00,0xff,0xff,0xff,0xff,0xff,0xff,0xff,0xff,0xff,0xff,0xff,0xff,0xff,0xff,
    0xff,0xff,0xff,0xff,0x00,0x00,0x00,0x00,0x00,0x00,0x00,0x00,0xff,0xff,0xff,0xff,0xff,0xff,0xff,0xff,0xff,0xff,0xff,0xff,0xff,0xff,0xff,0xff,0xff,0xff,0x00,0x00,
    0x00,0x00,0xff,0xff,0xff,0xff,0xff,0xff,0xff,0xff,0xff,0xff,0xff,0xff,0xff,0xff,0xff,0xff,0xff,0xff,0x00,0x00,0x00,0x00,0x00,0x00,0x00,0x00,0xff,0xff,0xff,0xff,
    0xff,0xff,0xff,0xff,0xff,0xff,0xff,0xff,0xff,0xff,0xff,0xff,0xff,0xff,0x00,0x00,0x00,0x00,0x00,0x00,0xff,0xff,0xff,0xff,0xff,0xff,0xff,0xff,0xff,0xff,0xff,0xff,
    0xff,0xff,0xff,0xff,0xff,0xff,0x00,0x00,0x00,0x00,0x00,0x00,0xff,0xff,0xff,0xff,0xff,0xff,0xff,0xff,0xff,0xff,0xff,0xff,0xff,0xff,0xff,0xff,0xff,0xff,0x00,0x00,
    0x00,0x00,0xff,0xff,0xff,0xff,0xff,0xff,0xff,0xff,0x00,0x00,0x00,0x00,0xff,0xff,0xff,0xff,0xff,0xff,0xff,0xff,0x00,0x00,0x00,0x00,0xff,0xff,0xff,0xff,0xff,0xff,
    0xff,0xff,0xff,0xff,0xff,0xff,0xff,0xff,0xff,0xff,0xff,0xff,0xff,0xff,0x00,0x00,0x00,0x00,0x00,0x00,0x00,0x00,0x00,0x00,0x00,0x00,0x00,0x00,0x00,0x00,0xff,0xff,
    0xff,0xff,0xff,0xff,0xff,0xff,0x00,0x00,0x00,0x00,0xff,0xff,0xff,0xff,0xff,0xff,0xff,0xff,0x00,0x00,0x00,0x00,0xff,0xff,0xff,0xff,0xff,0xff,0xff,0xff,0x00,0x00,
    0x00,0x00,0xff,0xff,0xff,0xff,0xff,0xff,0xff,0xff,0x00,0x00,0x00,0x00,0x00,0x00,0x00,0x00,0x00,0x00,0x00,0x00,0x00,0x00,0x00,0x00,0x00,0x00,0xff,0xff,0xff,0xff,
    0xff,0xff,0xff,0xff,0xff,0xff,0xff,0xff,0xff,0xff,0xff,0xff,0x00,0x00,0x00,0x00,0x00,0x00,0x00,0x00,0xff,0xff,0xff,0xff,0xff,0xff,0xff,0xff,0xff,0xff,0xff,0xff,
    0xff,0xff,0xff,0xff,0x00,0x00,0x00,0x00,0x00,0x00,0x00,0x00,0xff,0xff,0xff,0xff,0xff,0xff,0xff,0xff,0xff,0xff,0xff,0xff,0xff,0xff,0xff,0xff,0x00,0x00,0x00,0x00,
    0x00,0x00,0xff,0xff,0xff,0xff,0x52,0xaa,0x52,0xaa,0x52,0xaa,0x52,0xaa,0x52,0xaa,0x52,0xaa,0xff,0xff,0xff,0xff,0x00,0x00,0x00,0x00,0xff,0xff,0xff,0xff,0x52,0xaa,
    0x52,0xaa,0x52,0xaa,0x52,0xaa,0x52,0xaa,0x52,0xaa,0xff,0xff,0xff,0xff,0x00,0x00,0x00,0x00,0xff,0xff,0x52,0xaa,0x52,0xaa,0x52,0xaa,0x52,0xaa,0x52,0xaa,0x52,0xaa,
    0x52,0xaa,0xff,0xff,0xff,0xff,0x00,0x00,0x00,0x00,0xff,0xff,0xff,0xff,0x52,0xaa,0x52,0xaa,0x52,0xaa,0x52,0xaa,0x52,0xaa,0x52,0xaa,0x52,0xaa,0xff,0xff,0x00,0x00,
    0x00,0x00,0xff,0xff,0x52,0xaa,0x52,0xaa,0x52,0xaa,0x52,0xaa,0x52,0xaa,0x52,0xaa,0x52,0xaa,0xff,0xff,0xff,0xff,0x00,0x00,0x00,0x00,0xff,0xff,0xff,0xff,0x52,0xaa,
    0x52,0xaa,0x52,0xaa,0x52,0xaa,0x52,0xaa,0x52,0xaa,0x52,0xaa,0xff,0xff,0x00,0x00,0x00,0x00,0xff,0xff,0xff,0xff,0x52,0xaa,0x52,0xaa,0x52,0xaa,0x52,0xaa,0x52,0xaa,
    0x52,0xaa,0x52,0xaa,0xff,0xff,0x00,0x00,0x00,0x00,0xff,0xff,0xff,0xff,0x52,0xaa,0x52,0xaa,0x52,0xaa,0x52,0xaa,0x52,0xaa,0x52,0xaa,0x52,0xaa,0xff,0xff,0x00,0x00,
    0x00,0x00,0xff,0xff,0x52,0xaa,0x52,0xaa,0xff,0xff,0x00,0x00,0x00,0x00,0xff,0xff,0x52,0xaa,0x52,0xaa,0xff,0xff,0x00,0x00,0x00,0x00,0xff,0xff,0x52,0xaa,0x52,0xaa,
    0x52,0xaa,0x52,0xaa,0x52,0xaa,0x52,0xaa,0x52,0xaa,0x52,0xaa,0xff,0xff,0x00,0x00,0x00,0x00,0x00,0x00,0x00,0x00,0x00,0x00,0x00,0x00,0x00,0x00,0x00,0x00,0xff,0xff,
    0x52,0xaa,0x52,0xaa,0xff,0xff,0x00,0x00,0x00,0x00,0xff,0xff,0x52,0xaa,0x52,0xaa,0xff,0xff,0x00,0x00,0x00,0x00,0xff,0xff,0x52,0xaa,0x52,0xaa,0xff,0xff,0x00,0x00,
    0x00,0x00,0xff,0xff,0x52,0xaa,0x52,0xaa,0xff,0xff,0x00,0x00,0x00,0x00,0x00,0x00,0x00,0x00,0x00,0x00,0x00,0x00,0x00,0x00,0x00,0x00,0xff,0xff,0xff,0xff,0x52,0xaa,
    0x52,0xaa,0x52,0xaa,0x52,0xaa,0x52,0xaa,0x52,0xaa,0xff,0xff,0xff,0xff,0x00,0x00,0x00,0x00,0xff,0xff,0xff,0xff,0x52,0xaa,0x52,0xaa,0x52,0xaa,0x52,0xaa,0x52,0xaa,
    0x52,0xaa,0xff,0xff,0xff,0xff,0x00,0x00,0x00,0x00,0xff,0xff,0xff,0xff,0x52,0xaa,0x52,0xaa,0x52,0xaa,0x52,0xaa,0x52,0xaa,0x52,0xaa,0xff,0xff,0xff,0xff,0x00,0x00,
    0x00,0x00,0xff,0xff,0x52,0xaa,0x52,0xaa,0xff,0xff,0xff,0xff,0xff,0xff,0xff,0xff,0x52,0xaa,0x52,0xaa,0xff,0xff,0x00,0x00,0x00,0x00,0xff,0xff,0x52,0xaa,0x52,0xaa,
    0x52,0xaa,0x52,0xaa,0x52,0xaa,0x52,0xaa,0x52,0xaa,0x52,0xaa,0xff,0xff,0x00,0x00,0x00,0x00,0xff,0xff,0x52,0xaa,0x52,0xaa,0x52,0xaa,0x52,0xaa,0x52,0xaa,0x52,0xaa,
    0x52,0xaa,0x52,0xaa,0xff,0xff,0x00,0x00,0x00,0x00,0xff,0xff,0x52,0xaa,0x52,0xaa,0x52,0xaa,0x52,0xaa,0x52,0xaa,0x52,0xaa,0x52,0xaa,0x52,0xaa,0xff,0xff,0x00,0x00,
    0x00,0x00,0xff,0xff,0x52,0xaa,0x52,0xaa,0x52,0xaa,0x52,0xaa,0x52,0xaa,0x52,0xaa,0x52,0xaa,0x52,0xaa,0xff,0xff,0x00,0x00,0x00,0x00,0xff,0xff,0x52,0xaa,0x52,0xaa,
    0x52,0xaa,0x52,0xaa,0x52,0xaa,0x52,0xaa,0x52,0xaa,0x52,0xaa,0xff,0xff,0x00,0x00,0x00,0x00,0xff,0xff,0x52,0xaa,0x52,0xaa,0x52,0xaa,0x52,0xaa,0x52,0xaa,0x52,0xaa,
    0x52,0xaa,0x52,0xaa,0xff,0xff,0x00,0x00,0x00,0x00,0xff,0xff,0x52,0xaa,0x52,0xaa,0x52,0xaa,0x52,0xaa,0x52,0xaa,0x52,0xaa,0x52,0xaa,0x52,0xaa,0xff,0xff,0x00,0x00,
    0x00,0x00,0xff,0xff,0x52,0xaa,0x52,0xaa,0xff,0xff,0x00,0x00,0x00,0x00,0xff,0xff,0x52,0xaa,0x52,0xaa,0xff,0xff,0x00,0x00,0x00,0x00,0xff,0xff,0x52,0xaa,0x52,0xaa,
    0x52,0xaa,0x52,0xaa,0x52,0xaa,0x52,0xaa,0x52,0xaa,0x52,0xaa,0xff,0xff,0x00,0x00,0x00,0x00,0x00,0x00,0x00,0x00,0x00,0x00,0x00,0x00,0x00,0x00,0x00,0x00,0xff,0xff,
    0x52,0xaa,0x52,0xaa,0xff,0xff,0x00,0x00,0x00,0x00,0xff,0xff,0x52,0xaa,0x52,0xaa,0xff,0xff,0x00,0x00,0xff,0xff,0xff,0xff,0x52,0xaa,0x52,0xaa,0xff,0xff,0x00,0x00,
    0x00,0x00,0xff,0xff,0x52,0xaa,0x52,0xaa,0xff,0xff,0x00,0x00,0x00,0x00,0x00,0x00,0x00,0x00,0x00,0x00,0x00,0x00,0x00,0x00,0x00,0x00,0xff,0xff,0x52,0xaa,0x52,0xaa,
    0x52,0xaa,0x52,0xaa,0x52,0xaa,0x52,0xaa,0x52,0xaa,0x52,0xaa,0xff,0xff,0x00,0x00,0x00,0x00,0xff,0xff,0x52,0xaa,0x52,0xaa,0x52,0xaa,0x52,0xaa,0x52,0xaa,0x52,0xaa,
    0x52,0xaa,0x52,0xaa,0xff,0xff,0x00,0x00,0x00,0x00,0xff,0xff,0x52,0xaa,0x52,0xaa,0x52,0xaa,0x52,0xaa,0x52,0xaa,0x52,0xaa,0x52,0xaa,0x52,0xaa,0xff,0xff,0x00,0x00,
    0x00,0x00,0xff,0xff,0x52,0xaa,0xff,0xff,0x52,0xaa,0x52,0xaa,0x52,0xaa,0x52,0xaa,0x52,0xaa,0x52,0xaa,0xff,0xff,0x00,0x00,0x00,0x00,0xff,0xff,0x52,0xaa,0x52,0xaa,
    0xff,0xff,0xff,0xff,0xff,0xff,0xff,0xff,0x52,0xaa,0x52,0xaa,0xff,0xff,0x00,0x00,0x00,0x00,0xff,0xff,0x52,0xaa,0x52,0xaa,0xff,0xff,0xff,0xff,0xff,0xff,0x52,0xaa,
    0x52,0xaa,0x52,0xaa,0xff,0xff,0x00,0x00,0x00,0x00,0xff,0xff,0x52,0xaa,0x52,0xaa,0x52,0xaa,0xff,0xff,0xff,0xff,0xff,0xff,0xff,0xff,0xff,0xff,0xff,0xff,0x00,0x00,
    0x00,0x00,0xff,0xff,0x52,0xaa,0x52,0xaa,0xff,0xff,0xff,0xff,0xff,0xff,0x52,0xaa,0x52,0xaa,0x52,0xaa,0xff,0xff,0x00,0x00,0x00,0x00,0xff,0xff,0x52,0xaa,0x52,0xaa,
    0xff,0xff,0xff,0xff,0xff,0xff,0xff,0xff,0xff,0xff,0xff,0xff,0xff,0xff,0x00,0x00,0x00,0x00,0xff,0xff,0x52,0xaa,0x52,0xaa,0xff,0xff,0xff,0xff,0xff,0xff,0xff,0xff,
    0xff,0xff,0xff,0xff,0xff,0xff,0x00,0x00,0x00,0x00,0xff,0xff,0x52,0xaa,0x52,0xaa,0xff,0xff,0xff,0xff,0xff,0xff,0xff,0xff,0xff,0xff,0xff,0xff,0xff,0xff,0x00,0x00,
    0x00,0x00,0xff,0xff,0x52,0xaa,0x52,0xaa,0xff,0xff,0xff,0xff,0xff,0xff,0xff,0xff,0x52,0xaa,0x52,0xaa,0xff,0xff,0x00,0x00,0x00,0x00,0xff,0xff,0xff,0xff,0xff,0xff,
    0xff,0xff,0x52,0xaa,0x52,0xaa,0xff,0xff,0xff,0xff,0xff,0xff,0xff,0xff,0x00,0x00,0x00,0x00,0x00,0x00,0x00,0x00,0x00,0x00,0x00,0x00,0x00,0x00,0x00,0x00,0xff,0xff,
    0x52,0xaa,0x52,0xaa,0xff,0xff,0x00,0x00,0x00,0x00,0xff,0xff,0x52,0xaa,0x52,0xaa,0xff,0xff,0xff,0xff,0xff,0xff,0x52,0xaa,0x52,0xaa,0xff,0xff,0xff,0xff,0x00,0x00,
    0x00,0x00,0xff,0xff,0x52,0xaa,0x52,0xaa,0xff,0xff,0x00,0x00,0x00,0x00,0x00,0x00,0x00,0x00,0x00,0x00,0x00,0x00,0x00,0x00,0x00,0x00,0xff,0xff,0x52,0xaa,0x52,0xaa,
    0xff,0xff,0x52,0xaa,0x52,0xaa,0xff,0xff,0x52,0xaa,0x52,0xaa,0xff,0xff,0x00,0x00,0x00,0x00,0xff,0xff,0x52,0xaa,0x52,0xaa,0x52,0xaa,0xff,0xff,0xff,0xff,0x52,0xaa,
    0x52,0xaa,0x52,0xaa,0xff,0xff,0x00,0x00,0x00,0x00,0xff,0xff,0x52,0xaa,0x52,0xaa,0xff,0xff,0xff,0xff,0xff,0xff,0xff,0xff,0x52,0xaa,0x52,0xaa,0xff,0xff,0x00,0x00,
    0x00,0x00,0xff,0xff,0x52,0xaa,0xff,0xff,0x52,0xaa,0x52,0xaa,0x52,0xaa,0x52,0xaa,0x52,0xaa,0x52,0xaa,0xff,0xff,0x00,0x00,0x00,0x00,0xff,0xff,0x52,0xaa,0x52,0xaa,
    0x52,0xaa,0x52,0xaa,0x52,0xaa,0x52,0xaa,0x52,0xaa,0x52,0xaa,0xff,0xff,0x00,0x00,0x00,0x00,0xff,0xff,0x52,0xaa,0x52,0xaa,0x52,0xaa,0x52,0xaa,0x52,0xaa,0x52,0xaa,
    0x52,0xaa,0xff,0xff,0xff,0xff,0x00,0x00,0x00,0x00,0xff,0xff,0x52,0xaa,0x52,0xaa,0xff,0xff,0xff,0xff,0x00,0x00,0x00,0x00,0x00,0x00,0x00,0x00,0x00,0x00,0x00,0x00,
    0x00,0x00,0xff,0xff,0x52,0xaa,0x52,0xaa,0xff,0xff,0x00,0x00,0xff,0xff,0xff,0xff,0x52,0xaa,0x52,0xaa,0xff,0xff,0x00,0x00,0x00,0x00,0xff,0xff,0x52,0xaa,0x52,0xaa,
    0x52,0xaa,0x52,0xaa,0x52,0xaa,0xff,0xff,0x00,0x00,0x00,0x00,0x00,0x00,0x00,0x00,0x00,0x00,0xff,0xff,0x52,0xaa,0x52,0xaa,0x52,0xaa,0x52,0xaa,0x52,0xaa,0xff,0xff,
    0x00,0x00,0x00,0x00,0x00,0x00,0x00,0x00,0x00,0x00,0xff,0xff,0x52,0xaa,0x52,0xaa,0xff,0xff,0x52,0xaa,0x52,0xaa,0x52,0xaa,0x52,0xaa,0x52,0xaa,0xff,0xff,0x00,0x00,
    0x00,0x00,0xff,0xff,0x52,0xaa,0x52,0xaa,0x52,0xaa,0x52,0xaa,0x52,0xaa,0x52,0xaa,0x52,0xaa,0x52,0xaa,0xff,0xff,0x00,0x00,0x00,0x00,0x00,0x00,0x00,0x00,0x00,0x00,
    0xff,0xff,0x52,0xaa,0x52,0xaa,0xff,0xff,0x00,0x00,0x00,0x00,0x00,0x00,0x00,0x00,0x00,0x00,0xff,0xff,0xff,0xff,0xff,0xff,0xff,0xff,0x00,0x00,0x00,0x00,0xff,0xff,
    0x52,0xaa,0x52,0xaa,0xff,0xff,0x00,0x00,0x00,0x00,0xff,0xff,0x52,0xaa,0x52,0xaa,0x52,0xaa,0x52,0xaa,0x52,0xaa,0x52,0xaa,0x52,0xaa,0xff,0xff,0x00,0x00,0x00,0x00,
    0x00,0x00,0xff,0xff,0x52,0xaa,0x52,0xaa,0xff,0xff,0x00,0x00,0x00,0x00,0x00,0x00,0x00,0x00,0x00,0x00,0x00,0x00,0x00,0x00,0x00,0x00,0xff,0xff,0x52,0xaa,0x52,0xaa,
    0xff,0xff,0x52,0xaa,0x52,0xaa,0xff,0xff,0x52,0xaa,0x52,0xaa,0xff,0xff,0x00,0x00,0x00,0x00,0xff,0xff,0x52,0xaa,0x52,0xaa,0xff,0xff,0xff,0xff,0xff,0xff,0xff,0xff,
    0x52,0xaa,0x52,0xaa,0xff,0xff,0x00,0x00,0x00,0x00,0xff,0xff,0x52,0xaa,0x52,0xaa,0xff,0xff,0x00,0x00,0x00,0x00,0xff,0xff,0x52,0xaa,0x52,0xaa,0xff,0xff,0x00,0x00,
    0x00,0x00,0xff,0xff,0x52,0xaa,0xff,0xff,0x52,0xaa,0xff,0xff,0xff,0xff,0x52,0xaa,0x52,0xaa,0x52,0xaa,0xff,0xff,0x00,0x00,0x00,0x00,0xff,0xff,0x52,0xaa,0x52,0xaa,
    0x52,0xaa,0x52,0xaa,0x52,0xaa,0x52,0xaa,0x52,0xaa,0x52,0xaa,0xff,0xff,0x00,0x00,0x00,0x00,0xff,0xff,0x52,0xaa,0x52,0xaa,0x52,0xaa,0x52,0xaa,0x52,0xaa,0x52,0xaa,
    0x52,0xaa,0x52,0xaa,0xff,0xff,0x00,0x00,0x00,0x00,0xff,0xff,0x52,0xaa,0x52,0xaa,0xff,0xff,0xff,0xff,0x00,0x00,0x00,0x00,0x00,0x00,0x00,0x00,0x00,0x00,0x00,0x00,
    0x00,0x00,0xff,0xff,0x52,0xaa,0x52,0xaa,0xff,0xff,0x00,0x00,0xff,0xff,0xff,0xff,0x52,0xaa,0x52,0xaa,0xff,0xff,0x00,0x00,0x00,0x00,0xff,0xff,0x52,0xaa,0x52,0xaa,
    0x52,0xaa,0x52,0xaa,0x52,0xaa,0xff,0xff,0x00,0x00,0x00,0x00,0x00,0x00,0x00,0x00,0x00,0x00,0xff,0xff,0x52,0xaa,0x52,0xaa,0x52,0xaa,0x52,0xaa,0x52,0xaa,0xff,0xff,
    0x00,0x00,0x00,0x00,0x00,0x00,0x00,0x00,0x00,0x00,0xff,0xff,0x52,0xaa,0x52,0xaa,0xff,0xff,0x52,0xaa,0x52,0xaa,0x52,0xaa,0x52,0xaa,0x52,0xaa,0xff,0xff,0x00,0x00,
    0x00,0x00,0xff,0xff,0x52,0xaa,0x52,0xaa,0x52,0xaa,0x52,0xaa,0x52,0xaa,0x52,0xaa,0x52,0xaa,0x52,0xaa,0xff,0xff,0x00,0x00,0x00,0x00,0x00,0x00,0x00,0x00,0x00,0x00,
    0xff,0xff,0x52,0xaa,0x52,0xaa,0xff,0xff,0x00,0x00,0x00,0x00,0x00,0x00,0x00,0x00,0x00,0x00,0xff,0xff,0x52,0xaa,0x52,0xaa,0xff,0xff,0xff,0xff,0xff,0xff,0xff,0xff,
    0x52,0xaa,0x52,0xaa,0xff,0xff,0x00,0x00,0x00,0x00,0xff,0xff,0x52,0xaa,0x52,0xaa,0x52,0xaa,0x52,0xaa,0x52,0xaa,0x52,0xaa,0x52,0xaa,0xff,0xff,0x00,0x00,0x00,0x00,
    0x00,0x00,0xff,0xff,0x52,0xaa,0x52,0xaa,0xff,0xff,0x00,0x00,0x00,0x00,0x00,0x00,0x00,0x00,0x00,0x00,0x00,0x00,0x00,0x00,0x00,0x00,0xff,0xff,0x52,0xaa,0x52,0xaa,
    0xff,0xff,0xff,0xff,0xff,0xff,0xff,0xff,0x52,0xaa,0x52,0xaa,0xff,0xff,0x00,0x00,0x00,0x00,0xff,0xff,0x52,0xaa,0x52,0xaa,0xff,0xff,0x00,0x00,0x00,0x00,0xff,0xff,
    0x52,0xaa,0x52,0xaa,0xff,0xff,0x00,0x00,0x00,0x00,0xff,0xff,0x52,0xaa,0x52,0xaa,0xff,0xff,0x00,0x00,0x00,0x00,0xff,0xff,0x52,0xaa,0x52,0xaa,0xff,0xff,0x00,0x00,
    0x00,0x00,0xff,0xff,0x52,0xaa,0xff,0xff,0x52,0xaa,0x52,0xaa,0xff,0xff,0x52,0xaa,0x52,0xaa,0x52,0xaa,0xff,0xff,0x00,0x00,0x00,0x00,0xff,0xff,0x52,0xaa,0x52,0xaa,
    0xff,0xff,0xff,0xff,0xff,0xff,0xff,0xff,0x52,0xaa,0x52,0xaa,0xff,0xff,0x00,0x00,0x00,0x00,0xff,0xff,0x52,0xaa,0x52,0xaa,0xff,0xff,0xff,0xff,0xff,0xff,0xff,0xff,
    0x52,0xaa,0x52,0xaa,0xff,0xff,0x00,0x00,0x00,0x00,0xff,0xff,0x52,0xaa,0x52,0xaa,0x52,0xaa,0xff,0xff,0xff,0xff,0xff,0xff,0xff,0xff,0xff,0xff,0xff,0xff,0x00,0x00,
    0x00,0x00,0xff,0xff,0x52,0xaa,0x52,0xaa,0xff,0xff,0xff,0xff,0xff,0xff,0x52,0xaa,0x52,0xaa,0x52,0xaa,0xff,0xff,0x00,0x00,0x00,0x00,0xff,0xff,0x52,0xaa,0x52,0xaa,
    0xff,0xff,0xff,0xff,0xff,0xff,0xff,0xff,0xff,0xff,0xff,0xff,0xff,0xff,0x00,0x00,0x00,0x00,0xff,0xff,0x52,0xaa,0x52,0xaa,0xff,0xff,0xff,0xff,0xff,0xff,0xff,0xff,
    0x00,0x00,0x00,0x00,0x00,0x00,0x00,0x00,0x00,0x00,0xff,0xff,0x52,0xaa,0x52,0xaa,0xff,0xff,0xff,0xff,0xff,0xff,0xff,0xff,0x52,0xaa,0x52,0xaa,0xff,0xff,0x00,0x00,
    0x00,0x00,0xff,0xff,0x52,0xaa,0x52,0xaa,0xff,0xff,0xff,0xff,0xff,0xff,0xff,0xff,0x52,0xaa,0x52,0xaa,0xff,0xff,0x00,0x00,0x00,0x00,0xff,0xff,0xff,0xff,0xff,0xff,
    0xff,0xff,0x52,0xaa,0x52,0xaa,0xff,0xff,0xff,0xff,0xff,0xff,0xff,0xff,0x00,0x00,0x00,0x00,0xff,0xff,0x52,0xaa,0x52,0xaa,0x52,0xaa,0xff,0xff,0xff,0xff,0x52,0xaa,
    0x52,0xaa,0x52,0xaa,0xff,0xff,0x00,0x00,0x00,0x00,0xff,0xff,0x52,0xaa,0x52,0xaa,0xff,0xff,0xff,0xff,0xff,0xff,0x52,0xaa,0x52,0xaa,0xff,0xff,0xff,0xff,0x00,0x00,
    0x00,0x00,0xff,0xff,0x52,0xaa,0x52,0xaa,0xff,0xff,0xff,0xff,0xff,0xff,0xff,0xff,0xff,0xff,0xff,0xff,0xff,0xff,0x00,0x00,0x00,0x00,0xff,0xff,0x52,0xaa,0x52,0xaa,
    0xff,0xff,0x00,0x00,0x00,0x00,0xff,0xff,0x52,0xaa,0x52,0xaa,0xff,0xff,0x00,0x00,0x00,0x00,0xff,0xff,0x52,0xaa,0x52,0xaa,0xff,0xff,0x00,0x00,0x00,0x00,0xff,0xff,
    0x52,0xaa,0x52,0xaa,0xff,0xff,0x00,0x00,0x00,0x00,0xff,0xff,0x52,0xaa,0x52,0xaa,0xff,0xff,0xff,0xff,0xff,0xff,0xff,0xff,0x52,0xaa,0x52,0xaa,0xff,0xff,0x00,0x00,
    0x00,0x00,0xff,0xff,0x52,0xaa,0x52,0xaa,0x52,0xaa,0x52,0xaa,0x52,0xaa,0x52,0xaa,0x52,0xaa,0x52,0xaa,0xff,0xff,0x00,0x00,0x00,0x00,0xff,0xff,0x52,0xaa,0x52,0xaa,
    0xff,0xff,0x00,0x00,0x00,0x00,0xff,0xff,0x52,0xaa,0x52,0xaa,0xff,0xff,0x00,0x00,0x00,0x00,0xff,0xff,0x52,0xaa,0x52,0xaa,0x52,0xaa,0x52,0xaa,0x52,0xaa,0x52,0xaa,
    0x52,0xaa,0x52,0xaa,0xff,0xff,0x00,0x00,0x00,0x00,0xff,0xff,0x52,0xaa,0x52,0xaa,0x52,0xaa,0x52,0xaa,0x52,0xaa,0x52,0xaa,0x52,0xaa,0x52,0xaa,0xff,0xff,0x00,0x00,
    0x00,0x00,0xff,0xff,0x52,0xaa,0x52,0xaa,0x52,0xaa,0x52,0xaa,0x52,0xaa,0x52,0xaa,0x52,0xaa,0x52,0xaa,0xff,0xff,0x00,0x00,0x00,0x00,0xff,0xff,0x52,0xaa,0x52,0xaa,
    0x52,0xaa,0x52,0xaa,0x52,0xaa,0x52,0xaa,0x52,0xaa,0x52,0xaa,0xff,0xff,0x00,0x00,0x00,0x00,0xff,0xff,0x52,0xaa,0x52,0xaa,0xff,0xff,0x00,0x00,0x00,0x00,0x00,0x00,
    0x00,0x00,0x00,0x00,0x00,0x00,0x00,0x00,0x00,0x00,0xff,0xff,0x52,0xaa,0x52,0xaa,0x52,0xaa,0x52,0xaa,0x52,0xaa,0x52,0xaa,0x52,0xaa,0x52,0xaa,0xff,0xff,0x00,0x00,
    0x00,0x00,0xff,0xff,0x52,0xaa,0x52,0xaa,0xff,0xff,0x00,0x00,0x00,0x00,0xff,0xff,0x52,0xaa,0x52,0xaa,0xff,0xff,0x00,0x00,0x00,0x00,0xff,0xff,0x52,0xaa,0x52,0xaa,
    0x52,0xaa,0x52,0xaa,0x52,0xaa,0x52,0xaa,0x52,0xaa,0x52,0xaa,0xff,0xff,0x00,0x00,0x00,0x00,0xff,0xff,0x52,0xaa,0x52,0xaa,0x52,0xaa,0x52,0xaa,0x52,0xaa,0x52,0xaa,
    0x52,0xaa,0x52,0xaa,0xff,0xff,0x00,0x00,0x00,0x00,0xff,0xff,0x52,0xaa,0x52,0xaa,0xff,0xff,0x00,0x00,0xff,0xff,0xff,0xff,0x52,0xaa,0x52,0xaa,0xff,0xff,0x00,0x00,
    0x00,0x00,0xff,0xff,0x52,0xaa,0x52,0xaa,0x52,0xaa,0x52,0xaa,0x52,0xaa,0x52,0xaa,0x52,0xaa,0x52,0xaa,0xff,0xff,0x00,0x00,0x00,0x00,0xff,0xff,0x52,0xaa,0x52,0xaa,
    0xff,0xff,0x00,0x00,0x00,0x00,0xff,0xff,0x52,0xaa,0x52,0xaa,0xff,0xff,0x00,0x00,0x00,0x00,0xff,0xff,0x52,0xaa,0x52,0xaa,0xff,0xff,0x00,0x00,0x00,0x00,0xff,0xff,
    0x52,0xaa,0x52,0xaa,0xff,0xff,0x00,0x00,0x00,0x00,0xff,0xff,0x52,0xaa,0x52,0xaa,0x52,0xaa,0x52,0xaa,0x52,0xaa,0x52,0xaa,0x52,0xaa,0x52,0xaa,0xff,0xff,0x00,0x00,
    0x00,0x00,0xff,0xff,0xff,0xff,0x52,0xaa,0x52,0xaa,0x52,0xaa,0x52,0xaa,0x52,0xaa,0x52,0xaa,0xff,0xff,0xff,0xff,0x00,0x00,0x00,0x00,0xff,0xff,0x52,0xaa,0x52,0xaa,
    0xff,0xff,0x00,0x00,0x00,0x00,0xff,0xff,0x52,0xaa,0x52,0xaa,0xff,0xff,0x00,0x00,0x00,0x00,0xff,0xff,0x52,0xaa,0x52,0xaa,0x52,0xaa,0x52,0xaa,0x52,0xaa,0x52,0xaa,
    0x52,0xaa,0xff,0xff,0xff,0xff,0x00,0x00,0x00,0x00,0xff,0xff,0xff,0xff,0x52,0xaa,0x52,0xaa,0x52,0xaa,0x52,0xaa,0x52,0xaa,0x52,0xaa,0x52,0xaa,0xff,0xff,0x00,0x00,
    0x00,0x00,0xff,0xff,0x52,0xaa,0x52,0xaa,0x52,0xaa,0x52,0xaa,0x52,0xaa,0x52,0xaa,0x52,0xaa,0xff,0xff,0xff,0xff,0x00,0x00,0x00,0x00,0xff,0xff,0xff,0xff,0x52,0xaa,
    0x52,0xaa,0x52,0xaa,0x52,0xaa,0x52,0xaa,0x52,0xaa,0x52,0xaa,0xff,0xff,0x00,0x00,0x00,0x00,0xff,0xff,0x52,0xaa,0x52,0xaa,0xff,0xff,0x00,0x00,0x00,0x00,0x00,0x00,
    0x00,0x00,0x00,0x00,0x00,0x00,0x00,0x00,0x00,0x00,0xff,0xff,0xff,0xff,0x52,0xaa,0x52,0xaa,0x52,0xaa,0x52,0xaa,0x52,0xaa,0x52,0xaa,0x52,0xaa,0xff,0xff,0x00,0x00,
    0x00,0x00,0xff,0xff,0x52,0xaa,0x52,0xaa,0xff,0xff,0x00,0x00,0x00,0x00,0xff,0xff,0x52,0xaa,0x52,0xaa,0xff,0xff,0x00,0x00,0x00,0x00,0xff,0xff,0x52,0xaa,0x52,0xaa,
    0x52,0xaa,0x52,0xaa,0x52,0xaa,0x52,0xaa,0x52,0xaa,0x52,0xaa,0xff,0xff,0x00,0x00,0x00,0x00,0xff,0xff,0xff,0xff,0x52,0xaa,0x52,0xaa,0x52,0xaa,0x52,0xaa,0x52,0xaa,
    0x52,0xaa,0xff,0xff,0xff,0xff,0x00,0x00,0x00,0x00,0xff,0xff,0x52,0xaa,0x52,0xaa,0xff,0xff,0x00,0x00,0x00,0x00,0xff,0xff,0x52,0xaa,0x52,0xaa,0xff,0xff,0x00,0x00,
    0x00,0x00,0xff,0xff,0x52,0xaa,0x52,0xaa,0x52,0xaa,0x52,0xaa,0x52,0xaa,0x52,0xaa,0x52,0xaa,0x52,0xaa,0xff,0xff,0x00,0x00,0x00,0x00,0xff,0xff,0x52,0xaa,0x52,0xaa,
    0xff,0xff,0x00,0x00,0x00,0x00,0xff,0xff,0x52,0xaa,0x52,0xaa,0xff,0xff,0x00,0x00,0x00,0x00,0xff,0xff,0x52,0xaa,0x52,0xaa,0xff,0xff,0x00,0x00,0x00,0x00,0xff,0xff,
    0x52,0xaa,0x52,0xaa,0xff,0xff,0x00,0x00,0x00,0x00,0xff,0xff,0xff,0xff,0x52,0xaa,0x52,0xaa,0x52,0xaa,0x52,0xaa,0x52,0xaa,0x52,0xaa,0xff,0xff,0xff,0xff,0x00,0x00,
    0x00,0x00,0x00,0x00,0xff,0xff,0xff,0xff,0xff,0xff,0xff,0xff,0xff,0xff,0xff,0xff,0xff,0xff,0xff,0xff,0x00,0x00,0x00,0x00,0x00,0x00,0xff,0xff,0xff,0xff,0xff,0xff,
    0xff,0xff,0x00,0x00,0x00,0x00,0xff,0xff,0xff,0xff,0xff,0xff,0xff,0xff,0x00,0x00,0x00,0x00,0xff,0xff,0xff,0xff,0xff,0xff,0xff,0xff,0xff,0xff,0xff,0xff,0xff,0xff,
    0xff,0xff,0xff,0xff,0x00,0x00,0x00,0x00,0x00,0x00,0x00,0x00,0xff,0xff,0xff,0xff,0xff,0xff,0xff,0xff,0xff,0xff,0xff,0xff,0xff,0xff,0xff,0xff,0xff,0xff,0x00,0x00,
    0x00,0x00,0xff,0xff,0xff,0xff,0xff,0xff,0xff,0xff,0xff,0xff,0xff,0xff,0xff,0xff,0xff,0xff,0xff,0xff,0x00,0x00,0x00,0x00,0x00,0x00,0x00,0x00,0xff,0xff,0xff,0xff,
    0xff,0xff,0xff,0xff,0xff,0xff,0xff,0xff,0xff,0xff,0xff,0xff,0xff,0xff,0x00,0x00,0x00,0x00,0xff,0xff,0xff,0xff,0xff,0xff,0xff,0xff,0x00,0x00,0x00,0x00,0x00,0x00,
    0x00,0x00,0x00,0x00,0x00,0x00,0x00,0x00,0x00,0x00,0x00,0x00,0xff,0xff,0xff,0xff,0xff,0xff,0xff,0xff,0xff,0xff,0xff,0xff,0xff,0xff,0xff,0xff,0xff,0xff,0x00,0x00,
    0x00,0x00,0xff,0xff,0xff,0xff,0xff,0xff,0xff,0xff,0x00,0x00,0x00,0x00,0xff,0xff,0xff,0xff,0xff,0xff,0xff,0xff,0x00,0x00,0x00,0x00,0xff,0xff,0xff,0xff,0xff,0xff,
    0xff,0xff,0xff,0xff,0xff,0xff,0xff,0xff,0xff,0xff,0xff,0xff,0xff,0xff,0x00,0x00,0x00,0x00,0x00,0x00,0xff,0xff,0xff,0xff,0xff,0xff,0xff,0xff,0xff,0xff,0xff,0xff,
    0xff,0xff,0xff,0xff,0x00,0x00,0x00,0x00,0x00,0x00,0xff,0xff,0xff,0xff,0xff,0xff,0xff,0xff,0x00,0x00,0x00,0x00,0xff,0xff,0xff,0xff,0xff,0xff,0xff,0xff,0x00,0x00,
    0x00,0x00,0xff,0xff,0xff,0xff,0xff,0xff,0xff,0xff,0xff,0xff,0xff,0xff,0xff,0xff,0xff,0xff,0xff,0xff,0xff,0xff,0x00,0x00,0x00,0x00,0xff,0xff,0xff,0xff,0xff,0xff,
    0xff,0xff,0x00,0x00,0x00,0x00,0xff,0xff,0xff,0xff,0xff,0xff,0xff,0xff,0x00,0x00,0x00,0x00,0xff,0xff,0xff,0xff,0xff,0xff,0xff,0xff,0x00,0x00,0x00,0x00,0xff,0xff,
    0xff,0xff,0xff,0xff,0xff,0xff,0x00,0x00,0x00,0x00,0x00,0x00,0xff,0xff,0xff,0xff,0xff,0xff,0xff,0xff,0xff,0xff,0xff,0xff,0xff,0xff,0xff,0xff,0x00,0x00,0x00,0x00,
    0x00,0x00,0x00,0x00,0x00,0x00,0x00,0x00,0x00,0x00,0x00,0x00,0x00,0x00,0x00,0x00,0x00,0x00,0x00,0x00,0x00,0x00,0x00,0x00,0x00,0x00,0x00,0x00,0x00,0x00,0x00,0x00,
    0x00,0x00,0x00,0x00,0x00,0x00,0x00,0x00,0x00,0x00,0x00,0x00,0x00,0x00,0x00,0x00,0x00,0x00,0x00,0x00,0x00,0x00,0x00,0x00,0x00,0x00,0x00,0x00,0x00,0x00,0x00,0x00,
    0x00,0x00,0x00,0x00,0x00,0x00,0x00,0x00,0x00,0x00,0x00,0x00,0x00,0x00,0x00,0x00,0x00,0x00,0x00,0x00,0x00,0x00,0x00,0x00,0x00,0x00,0x00,0x00,0x00,0x00,0x00,0x00,
    0x00,0x00,0x00,0x00,0x00,0x00,0x00,0x00,0x00,0x00,0x00,0x00,0x00,0x00,0x00,0x00,0x00,0x00,0x00,0x00,0x00,0x00,0x00,0x00,0x00,0x00,0x00,0x00,0x00,0x00,0x00,0x00,
    0x00,0x00,0x00,0x00,0x00,0x00,0x00,0x00,0x00,0x00,0x00,0x00,0x00,0x00,0x00,0x00,0x00,0x00,0x00,0x00,0x00,0x00,0x00,0x00,0x00,0x00,0x00,0x00,0x00,0x00,0x00,0x00,
    0x00,0x00,0x00,0x00,0x00,0x00,0x00,0x00,0x00,0x00,0x00,0x00,0x00,0x00,0x00,0x00,0x00,0x00,0x00,0x00,0x00,0x00,0x00,0x00,0x00,0x00,0x00,0x00,0x00,0x00,0x00,0x00,
    0x00,0x00,0x00,0x00,0x00,0x00,0x00,0x00,0x00,0x00,0x00,0x00,0x00,0x00,0x00,0x00,0x00,0x00,0x00,0x00,0x00,0x00,0x00,0x00,0x00,0x00,0x00,0x00,0x00,0x00,0x00,0x00,
    0x00,0x00,0x00,0x00,0x00,0x00,0x00,0x00,0x00,0x00,0x00,0x00,0x00,0x00,0x00,0x00,0x00,0x00,0x00,0x00,0x00,0x00,0x00,0x00,0x00,0x00,0x00,0x00,0x00,0x00,0x00,0x00,
    0x00,0x00,0x00,0x00,0x00,0x00,0x00,0x00,0x00,0x00,0x00,0x00,0x00,0x00,0x00,0x00,0x00,0x00,0x00,0x00,0x00,0x00,0x00,0x00,0x00,0x00,0x00,0x00,0x00,0x00,0x00,0x00,
    0x00,0x00,0x00,0x00,0x00,0x00,0x00,0x00,0x00,0x00,0x00,0x00,0x00,0x00,0x00,0x00,0x00,0x00,0x00,0x00,0x00,0x00,0x00,0x00,0x00,0x00,0x00,0x00,0x00,0x00,0x00,0x00,
    0x00,0x00,0x00,0x00,0x00,0x00,0x00,0x00,0x00,0x00,0x00,0x00,0x00,0x00,0x00,0x00,0x00,0x00,0x00,0x00,0x00,0x00,0x00,0x00,0x00,0x00,0x00,0x00,0x00,0x00,0x00,0x00,
    0x00,0x00,0x00,0x00,0x00,0x00,0x00,0x00,0x00,0x00,0x00,0x00,0x00,0x00,0x00,0x00,0x00,0x00,0x00,0x00,0x00,0x00,0x00,0x00,0x00,0x00,0x00,0x00,0x00,0x00,0x00,0x00,
    0x00,0x00,0x00,0x00,0x00,0x00,0x00,0x00,0x00,0x00,0x00,0x00,0x00,0x00,0x00,0x00,0x00,0x00,0x00,0x00,0x00,0x00,0x00,0x00,0x00,0x00,0x00,0x00,0x00,0x00,0x00,0x00,
    0x00,0x00,0x00,0x00,0x00,0x00,0x00,0x00,0x00,0x00,0x00,0x00,0x00,0x00,0x00,0x00,0x00,0x00,0x00,0x00,0x00,0x00,0x00,0x00,0x00,0x00,0x00,0x00,0x00,0x00,0x00,0x00,
    0x00,0x00,0x00,0x00,0x00,0x00,0x00,0x00,0x00,0x00,0x00,0x00,0x00,0x00,0x00,0x00,0x00,0x00,0x00,0x00,0x00,0x00,0x00,0x00,0x00,0x00,0x00,0x00,0x00,0x00,0x00,0x00,
    0x00,0x00,0x00,0x00,0x00,0x00,0x00,0x00,0x00,0x00,0x00,0x00,0x00,0x00,0x00,0x00,0x00,0x00,0x00,0x00,0x00,0x00,0x00,0x00,0x00,0x00,0x00,0x00,0x00,0x00,0x00,0x00,
    0x00,0x00,0x00,0x00,0x00,0x00,0x00,0x00,0x00,0x00,0x00,0x00,0x00,0x00,0x00,0x00,0x00,0x00,0x00,0x00,0x00,0x00,0x00,0x00,0x00,0x00,0x00,0x00,0x00,0x00,0x00,0x00,
    0x00,0x00,0x00,0x00,0x00,0x00,0x00,0x00,0x00,0x00,0x00,0x00,0x00,0x00,0x00,0x00,0x00,0x00,0x00,0x00,0x00,0x00,0x00,0x00,0x00,0x00,0x00,0x00,0x00,0x00,0x00,0x00,
    0x00,0x00,0x00,0x00,0x00,0x00,0x00,0x00,0x00,0x00,0x00,0x00,0x00,0x00,0x00,0x00,0x00,0x00,0x00,0x00,0x00,0x00,0x00,0x00,0x00,0x00,0x00,0x00,0x00,0x00,0x00,0x00,
    0x00,0x00,0x00,0x00,0x00,0x00,0x00,0x00,0x00,0x00,0x00,0x00,0x00,0x00,0x00,0x00,0x00,0x00,0x00,0x00,0x00,0x00,0x00,0x00,0x00,0x00,0x00,0x00,0x00,0x00,0x00,0x00,
    0x00,0x00,0x00,0x00,0x00,0x00,0x00,0x00,0x00,0x00,0x00,0x00,0x00,0x00,0x00,0x00,0x00,0x00,0x00,0x00,0x00,0x00,0x00,0x00,0x00,0x00,0x00,0x00,0x00,0x00,0x00,0x00,
    0x00,0x00,0x00,0x00,0x00,0x00,0x00,0x00,0x00,0x00,0x00,0x00,0x00,0x00,0x00,0x00,0x00,0x00,0x00,0x00,0x00,0x00,0x00,0x00,0x00,0x00,0x00,0x00,0x00,0x00,0x00,0x00,
    0x00,0x00,0x00,0x00,0x00,0x00,0x00,0x00,0x00,0x00,0x00,0x00,0x00,0x00,0x00,0x00,0x00,0x00,0x00,0x00,0x00,0x00,0x00,0x00,0x00,0x00,0x00,0x00,0x00,0x00,0x00,0x00,
    0x00,0x00,0x00,0x00,0x00,0x00,0x00,0x00,0x00,0x00,0x00,0x00,0x00,0x00,0x00,0x00,0x00,0x00,0x00,0x00,0x00,0x00,0x00,0x00,0x00,0x00,0x00,0x00,0x00,0x00,0x00,0x00,
    0x00,0x00,0xff,0xff,0xff,0xff,0xff,0xff,0xff,0xff,0xff,0xff,0xff,0xff,0xff,0xff,0xff,0xff,0xff,0xff,0x00,0x00,0x00,0x00,0x00,0x00,0x00,0x00,0xff,0xff,0xff,0xff,
    0xff,0xff,0xff,0xff,0xff,0xff,0xff,0xff,0xff,0xff,0xff,0xff,0x00,0x00,0x00,0x00,0x00,0x00,0xff,0xff,0xff,0xff,0xff,0xff,0xff,0xff,0xff,0xff,0xff,0xff,0xff,0xff,
    0xff,0xff,0xff,0xff,0x00,0x00,0x00,0x00,0x00,0x00,0x00,0x00,0xff,0xff,0xff,0xff,0xff,0xff,0xff,0xff,0xff,0xff,0xff,0xff,0xff,0xff,0xff,0xff,0xff,0xff,0x00,0x00,
    0x00,0x00,0xff,0xff,0xff,0xff,0xff,0xff,0xff,0xff,0xff,0xff,0xff,0xff,0xff,0xff,0xff,0xff,0xff,0xff,0xff,0xff,0x00,0x00,0x00,0x00,0xff,0xff,0xff,0xff,0xff,0xff,
    0xff,0xff,0x00,0x00,0x00,0x00,0xff,0xff,0xff,0xff,0xff,0xff,0xff,0xff,0x00,0x00,0x00,0x00,0xff,0xff,0xff,0xff,0xff,0xff,0xff,0xff,0x00,0x00,0x00,0x00,0xff,0xff,
    0xff,0xff,0xff,0xff,0xff,0xff,0x00,0x00,0x00,0x00,0xff,0xff,0xff,0xff,0xff,0xff,0xff,0xff,0x00,0x00,0x00,0x00,0xff,0xff,0xff,0xff,0xff,0xff,0xff,0xff,0x00,0x00,
    0x00,0x00,0xff,0xff,0xff,0xff,0xff,0xff,0xff,0xff,0x00,0x00,0x00,0x00,0xff,0xff,0xff,0xff,0xff,0xff,0xff,0xff,0x00,0x00,0x00,0x00,0xff,0xff,0xff,0xff,0xff,0xff,
    0xff,0xff,0x00,0x00,0x00,0x00,0xff,0xff,0xff,0xff,0xff,0xff,0xff,0xff,0x00,0x00,0x00,0x00,0xff,0xff,0xff,0xff,0xff,0xff,0xff,0xff,0xff,0xff,0xff,0xff,0xff,0xff,
    0xff,0xff,0xff,0xff,0xff,0xff,0x00,0x00,0x00,0x00,0x00,0x00,0x00,0x00,0x00,0x00,0x00,0x00,0x00,0x00,0xff,0xff,0xff,0xff,0xff,0xff,0xff,0xff,0x00,0x00,0x00,0x00,
    0x00,0x00,0x00,0x00,0x00,0x00,0x00,0x00,0x00,0x00,0x00,0x00,0x00,0x00,0x00,0x00,0x00,0x00,0x00,0x00,0x00,0x00,0x00,0x00,0x00,0x00,0x00,0x00,0xff,0xff,0xff,0xff,
    0xff,0xff,0xff,0xff,0x00,0x00,0x00,0x00,0x00,0x00,0x00,0x00,0x00,0x00,0x00,0x00,0x00,0x00,0x00,0x00,0x00,0x00,0x00,0x00,0x00,0x00,0x00,0x00,0x00,0x00,0x00,0x00,
    0x00,0x00,0x00,0x00,0x00,0x00,0x00,0x00,0x00,0x00,0x00,0x00,0x00,0x00,0x00,0x00,0x00,0x00,0x00,0x00,0x00,0x00,0x00,0x00,0x00,0x00,0x00,0x00,0x00,0x00,0x00,0x00,
    0x00,0x00,0xff,0xff,0x52,0xaa,0x52,0xaa,0x52,0xaa,0x52,0xaa,0x52,0xaa,0x52,0xaa,0x52,0xaa,0xff,0xff,0xff,0xff,0x00,0x00,0x00,0x00,0xff,0xff,0xff,0xff,0x52,0xaa,
    0x52,0xaa,0x52,0xaa,0x52,0xaa,0x52,0xaa,0x52,0xaa,0xff,0xff,0xff,0xff,0x00,0x00,0x00,0x00,0xff,0xff,0x52,0xaa,0x52,0xaa,0x52,0xaa,0x52,0xaa,0x52,0xaa,0x52,0xaa,
    0x52,0xaa,0xff,0xff,0xff,0xff,0x00,0x00,0x00,0x00,0xff,0xff,0xff,0xff,0x52,0xaa,0x52,0xaa,0x52,0xaa,0x52,0xaa,0x52,0xaa,0x52,0xaa,0x52,0xaa,0xff,0xff,0x00,0x00,
    0x00,0x00,0xff,0xff,0x52,0xaa,0x52,0xaa,0x52,0xaa,0x52,0xaa,0x52,0xaa,0x52,0xaa,0x52,0xaa,0x52,0xaa,0xff,0xff,0x00,0x00,0x00,0x00,0xff,0xff,0x52,0xaa,0x52,0xaa,
    0xff,0xff,0x00,0x00,0x00,0x00,0xff,0xff,0x52,0xaa,0x52,0xaa,0xff,0xff,0x00,0x00,0x00,0x00,0xff,0xff,0x52,0xaa,0x52,0xaa,0xff,0xff,0x00,0x00,0x00,0x00,0xff,0xff,
    0x52,0xaa,0x52,0xaa,0xff,0xff,0x00,0x00,0x00,0x00,0xff,0xff,0x52,0xaa,0x52,0xaa,0xff,0xff,0x00,0x00,0x00,0x00,0xff,0xff,0x52,0xaa,0x52,0xaa,0xff,0xff,0x00,0x00,
    0x00,0x00,0xff,0xff,0x52,0xaa,0x52,0xaa,0xff,0xff,0x00,0x00,0x00,0x00,0xff,0xff,0x52,0xaa,0x52,0xaa,0xff,0xff,0x00,0x00,0x00,0x00,0xff,0xff,0x52,0xaa,0x52,0xaa,
    0xff,0xff,0x00,0x00,0x00,0x00,0xff,0xff,0x52,0xaa,0x52,0xaa,0xff,0xff,0x00,0x00,0x00,0x00,0xff,0xff,0x52,0xaa,0x52,0xaa,0x52,0xaa,0x52,0xaa,0x52,0xaa,0x52,0xaa,
    0x52,0xaa,0x52,0xaa,0xff,0xff,0x00,0x00,0x00,0x00,0x00,0x00,0x00,0x00,0x00,0x00,0x00,0x00,0x00,0x00,0xff,0xff,0x52,0xaa,0x52,0xaa,0xff,0xff,0x00,0x00,0x00,0x00,
    0x00,0x00,0x00,0x00,0xff,0xff,0xff,0xff,0xff,0xff,0xff,0xff,0xff,0xff,0xff,0xff,0xff,0xff,0x00,0x00,0x00,0x00,0x00,0x00,0x00,0x00,0x00,0x00,0xff,0xff,0x52,0xaa,
    0x52,0xaa,0xff,0xff,0x00,0x00,0x00,0x00,0x00,0x00,0x00,0x00,0x00,0x00,0x00,0x00,0x00,0x00,0x00,0x00,0x00,0x00,0x00,0x00,0x00,0x00,0x00,0x00,0x00,0x00,0x00,0x00,
    0x00,0x00,0x00,0x00,0x00,0x00,0x00,0x00,0x00,0x00,0x00,0x00,0x00,0x00,0x00,0x00,0x00,0x00,0x00,0x00,0x00,0x00,0x00,0x00,0x00,0x00,0x00,0x00,0x00,0x00,0x00,0x00,
    0x00,0x00,0xff,0xff,0x52,0xaa,0x52,0xaa,0x52,0xaa,0x52,0xaa,0x52,0xaa,0x52,0xaa,0x52,0xaa,0x52,0xaa,0xff,0xff,0x00,0x00,0x00,0x00,0xff,0xff,0x52,0xaa,0x52,0xaa,
    0x52,0xaa,0x52,0xaa,0x52,0xaa,0x52,0xaa,0x52,0xaa,0x52,0xaa,0xff,0xff,0x00,0x00,0x00,0x00,0xff,0xff,0x52,0xaa,0x52,0xaa,0x52,0xaa,0x52,0xaa,0x52,0xaa,0x52,0xaa,
    0x52,0xaa,0x52,0xaa,0xff,0xff,0x00,0x00,0x00,0x00,0xff,0xff,0x52,0xaa,0x52,0xaa,0x52,0xaa,0x52,0xaa,0x52,0xaa,0x52,0xaa,0x52,0xaa,0x52,0xaa,0xff,0xff,0x00,0x00,
    0x00,0x00,0xff,0xff,0x52,0xaa,0x52,0xaa,0x52,0xaa,0x52,0xaa,0x52,0xaa,0x52,0xaa,0x52,0xaa,0x52,0xaa,0xff,0xff,0x00,0x00,0x00,0x00,0xff,0xff,0x52,0xaa,0x52,0xaa,
    0xff,0xff,0x00,0x00,0x00,0x00,0xff,0xff,0x52,0xaa,0x52,0xaa,0xff,0xff,0x00,0x00,0x00,0x00,0xff,0xff,0x52,0xaa,0x52,0xaa,0xff,0xff,0x00,0x00,0x00,0x00,0xff,0xff,
    0x52,0xaa,0x52,0xaa,0xff,0xff,0x00,0x00,0x00,0x00,0xff,0xff,0x52,0xaa,0x52,0xaa,0xff,0xff,0x00,0x00,0x00,0x00,0xff,0xff,0x52,0xaa,0x52,0xaa,0xff,0xff,0x00,0x00,
    0x00,0x00,0xff,0xff,0x52,0xaa,0x52,0xaa,0xff,0xff,0xff,0xff,0xff,0xff,0xff,0xff,0x52,0xaa,0x52,0xaa,0xff,0xff,0x00,0x00,0x00,0x00,0xff,0xff,0x52,0xaa,0x52,0xaa,
    0xff,0xff,0xff,0xff,0xff,0xff,0xff,0xff,0x52,0xaa,0x52,0xaa,0xff,0xff,0x00,0x00,0x00,0x00,0xff,0xff,0x52,0xaa,0x52,0xaa,0x52,0xaa,0x52,0xaa,0x52,0xaa,0x52,0xaa,
    0x52,0xaa,0x52,0xaa,0xff,0xff,0x00,0x00,0x00,0x00,0x00,0x00,0x00,0x00,0x00,0x00,0x00,0x00,0x00,0x00,0xff,0xff,0x52,0xaa,0xff,0xff,0xff,0xff,0x00,0x00,0x00,0x00,
    0x00,0x00,0xff,0xff,0xff,0xff,0x52,0xaa,0x52,0xaa,0x52,0xaa,0x52,0xaa,0x52,0xaa,0xff,0xff,0xff,0xff,0x00,0x00,0x00,0x00,0x00,0x00,0x00,0x00,0xff,0xff,0xff,0xff,
    0x52,0xaa,0xff,0xff,0x00,0x00,0x00,0x00,0x00,0x00,0x00,0x00,0x00,0x00,0x00,0x00,0x00,0x00,0x00,0x00,0x00,0x00,0x00,0x00,0x00,0x00,0x00,0x00,0x00,0x00,0x00,0x00,
    0x00,0x00,0x00,0x00,0x00,0x00,0x00,0x00,0x00,0x00,0x00,0x00,0x00,0x00,0x00,0x00,0x00,0x00,0x00,0x00,0x00,0x00,0x00,0x00,0x00,0x00,0x00,0x00,0x00,0x00,0x00,0x00,
    0x00,0x00,0xff,0xff,0x52,0xaa,0x52,0xaa,0xff,0xff,0xff,0xff,0xff,0xff,0xff,0xff,0x52,0xaa,0x52,0xaa,0xff,0xff,0x00,0x00,0x00,0x00,0xff,0xff,0x52,0xaa,0x52,0xaa,
    0xff,0xff,0xff,0xff,0xff,0xff,0xff,0xff,0x52,0xaa,0x52,0xaa,0xff,0xff,0x00,0x00,0x00,0x00,0xff,0xff,0x52,0xaa,0x52,0xaa,0xff,0xff,0xff,0xff,0xff,0xff,0xff,0xff,
    0x52,0xaa,0x52,0xaa,0xff,0xff,0x00,0x00,0x00,0x00,0xff,0xff,0x52,0xaa,0x52,0xaa,0xff,0xff,0xff,0xff,0xff,0xff,0xff,0xff,0xff,0xff,0xff,0xff,0xff,0xff,0x00,0x00,
    0x00,0x00,0xff,0xff,0xff,0xff,0xff,0xff,0xff,0xff,0x52,0xaa,0x52,0xaa,0xff,0xff,0xff,0xff,0xff,0xff,0xff,0xff,0x00,0x00,0x00,0x00,0xff,0xff,0x52,0xaa,0x52,0xaa,
    0xff,0xff,0x00,0x00,0x00,0x00,0xff,0xff,0x52,0xaa,0x52,0xaa,0xff,0xff,0x00,0x00,0x00,0x00,0xff,0xff,0x52,0xaa,0x52,0xaa,0xff,0xff,0x00,0x00,0x00,0x00,0xff,0xff,
    0x52,0xaa,0x52,0xaa,0xff,0xff,0x00,0x00,0x00,0x00,0xff,0xff,0x52,0xaa,0x52,0xaa,0xff,0xff,0x00,0x00,0x00,0x00,0xff,0xff,0x52,0xaa,0x52,0xaa,0xff,0xff,0x00,0x00,
    0x00,0x00,0xff,0xff,0x52,0xaa,0x52,0xaa,0x52,0xaa,0xff,0xff,0xff,0xff,0x52,0xaa,0x52,0xaa,0x52,0xaa,0xff,0xff,0x00,0x00,0x00,0x00,0xff,0xff,0x52,0xaa,0x52,0xaa,
    0x52,0xaa,0xff,0xff,0xff,0xff,0x52,0xaa,0x52,0xaa,0x52,0xaa,0xff,0xff,0x00,0x00,0x00,0x00,0xff,0xff,0x52,0xaa,0x52,0xaa,0x52,0xaa,0xff,0xff,0xff,0xff,0xff,0xff,
    0xff,0xff,0xff,0xff,0xff,0xff,0x00,0x00,0x00,0x00,0x00,0x00,0x00,0x00,0x00,0x00,0x00,0x00,0x00,0x00,0xff,0xff,0x52,0xaa,0xff,0xff,0x00,0x00,0x00,0x00,0x00,0x00,
    0x00,0x00,0xff,0xff,0x52,0xaa,0x52,0xaa,0x52,0xaa,0x52,0xaa,0x52,0xaa,0x52,0xaa,0x52,0xaa,0xff,0xff,0x00,0x00,0x00,0x00,0x00,0x00,0x00,0x00,0x00,0x00,0xff,0xff,
    0x52,0xaa,0xff,0xff,0x00,0x00,0x00,0x00,0x00,0x00,0x00,0x00,0x00,0x00,0x00,0x00,0x00,0x00,0x00,0x00,0x00,0x00,0x00,0x00,0x00,0x00,0x00,0x00,0x00,0x00,0x00,0x00,
    0x00,0x00,0x00,0x00,0x00,0x00,0x00,0x00,0x00,0x00,0x00,0x00,0x00,0x00,0x00,0x00,0x00,0x00,0x00,0x00,0x00,0x00,0x00,0x00,0x00,0x00,0x00,0x00,0x00,0x00,0x00,0x00,
    0x00,0x00,0xff,0xff,0x52,0xaa,0x52,0xaa,0xff,0xff,0xff,0xff,0xff,0xff,0xff,0xff,0x52,0xaa,0x52,0xaa,0xff,0xff,0x00,0x00,0x00,0x00,0xff,0xff,0x52,0xaa,0x52,0xaa,
    0xff,0xff,0x00,0x00,0x00,0x00,0xff,0xff,0x52,0xaa,0x52,0xaa,0xff,0xff,0x00,0x00,0x00,0x00,0xff,0xff,0x52,0xaa,0x52,0xaa,0xff,0xff,0x52,0xaa,0x52,0xaa,0x52,0xaa,
    0x52,0xaa,0x52,0xaa,0xff,0xff,0x00,0x00,0x00,0x00,0xff,0xff,0x52,0xaa,0x52,0xaa,0x52,0xaa,0x52,0xaa,0x52,0xaa,0x52,0xaa,0x52,0xaa,0x52,0xaa,0xff,0xff,0x00,0x00,
    0x00,0x00,0x00,0x00,0x00,0x00,0x00,0x00,0xff,0xff,0x52,0xaa,0x52,0xaa,0xff,0xff,0x00,0x00,0x00,0x00,0x00,0x00,0x00,0x00,0x00,0x00,0xff,0xff,0x52,0xaa,0x52,0xaa,
    0xff,0xff,0x00,0x00,0x00,0x00,0xff,0xff,0x52,0xaa,0x52,0xaa,0xff,0xff,0x00,0x00,0x00,0x00,0xff,0xff,0x52,0xaa,0x52,0xaa,0xff,0xff,0x00,0x00,0x00,0x00,0xff,0xff,
    0x52,0xaa,0x52,0xaa,0xff,0xff,0x00,0x00,0x00,0x00,0xff,0xff,0x52,0xaa,0x52,0xaa,0xff,0xff,0xff,0xff,0xff,0xff,0xff,0xff,0x52,0xaa,0x52,0xaa,0xff,0xff,0x00,0x00,
    0x00,0x00,0xff,0xff,0xff,0xff,0x52,0xaa,0x52,0xaa,0x52,0xaa,0x52,0xaa,0x52,0xaa,0x52,0xaa,0xff,0xff,0xff,0xff,0x00,0x00,0x00,0x00,0xff,0xff,0xff,0xff,0x52,0xaa,
    0x52,0xaa,0x52,0xaa,0x52,0xaa,0x52,0xaa,0x52,0xaa,0xff,0xff,0xff,0xff,0x00,0x00,0x00,0x00,0xff,0xff,0xff,0xff,0x52,0xaa,0x52,0xaa,0x52,0xaa,0x52,0xaa,0x52,0xaa,
    0xff,0xff,0xff,0xff,0x00,0x00,0x00,0x00,0x00,0x00,0x00,0x00,0x00,0x00,0x00,0x00,0x00,0x00,0x00,0x00,0xff,0xff,0x52,0xaa,0xff,0xff,0x00,0x00,0x00,0x00,0x00,0x00,
    0x00,0x00,0xff,0xff,0x52,0xaa,0xff,0xff,0xff,0xff,0x52,0xaa,0xff,0xff,0xff,0xff,0x52,0xaa,0xff,0xff,0x00,0x00,0x00,0x00,0x00,0x00,0x00,0x00,0x00,0x00,0xff,0xff,
    0x52,0xaa,0xff,0xff,0x00,0x00,0x00,0x00,0x00,0x00,0x00,0x00,0x00,0x00,0x00,0x00,0x00,0x00,0x00,0x00,0x00,0x00,0x00,0x00,0x00,0x00,0x00,0x00,0x00,0x00,0x00,0x00,
    0x00,0x00,0x00,0x00,0x00,0x00,0x00,0x00,0x00,0x00,0x00,0x00,0x00,0x00,0x00,0x00,0x00,0x00,0x00,0x00,0x00,0x00,0x00,0x00,0x00,0x00,0x00,0x00,0x00,0x00,0x00,0x00,
    0x00,0x00,0xff,0xff,0x52,0xaa,0x52,0xaa,0xff,0xff,0x52,0xaa,0x52,0xaa,0x52,0xaa,0x52,0xaa,0x52,0xaa,0xff,0xff,0x00,0x00,0x00,0x00,0xff,0xff,0x52,0xaa,0x52,0xaa,
    0xff,0xff,0x00,0x00,0x00,0x00,0xff,0xff,0x52,0xaa,0x52,0xaa,0xff,0xff,0x00,0x00,0x00,0x00,0xff,0xff,0x52,0xaa,0x52,0xaa,0xff,0xff,0x52,0xaa,0x52,0xaa,0x52,0xaa,
    0x52,0xaa,0x52,0xaa,0xff,0xff,0x00,0x00,0x00,0x00,0xff,0xff,0x52,0xaa,0x52,0xaa,0x52,0xaa,0x52,0xaa,0x52,0xaa,0x52,0xaa,0x52,0xaa,0x52,0xaa,0xff,0xff,0x00,0x00,
    0x00,0x00,0x00,0x00,0x00,0x00,0x00,0x00,0xff,0xff,0x52,0xaa,0x52,0xaa,0xff,0xff,0x00,0x00,0x00,0x00,0x00,0x00,0x00,0x00,0x00,0x00,0xff,0xff,0x52,0xaa,0x52,0xaa,
    0xff,0xff,0x00,0x00,0x00,0x00,0xff,0xff,0x52,0xaa,0x52,0xaa,0xff,0xff,0x00,0x00,0x00,0x00,0xff,0xff,0x52,0xaa,0x52,0xaa,0xff,0xff,0xff,0xff,0xff,0xff,0xff,0xff,
    0x52,0xaa,0x52,0xaa,0xff,0xff,0x00,0x00,0x00,0x00,0xff,0xff,0x52,0xaa,0x52,0xaa,0xff,0xff,0x52,0xaa,0x52,0xaa,0xff,0xff,0x52,0xaa,0x52,0xaa,0xff,0xff,0x00,0x00,
    0x00,0x00,0xff,0xff,0xff,0xff,0x52,0xaa,0x52,0xaa,0x52,0xaa,0x52,0xaa,0x52,0xaa,0x52,0xaa,0xff,0xff,0xff,0xff,0x00,0x00,0x00,0x00,0x00,0x00,0xff,0xff,0xff,0xff,
    0x52,0xaa,0x52,0xaa,0x52,0xaa,0x52,0xaa,0xff,0xff,0xff,0xff,0x00,0x00,0x00,0x00,0x00,0x00,0x00,0x00,0xff,0xff,0xff,0xff,0x52,0xaa,0x52,0xaa,0x52,0xaa,0x52,0xaa,
    0x52,0xaa,0xff,0xff,0xff,0xff,0x00,0x00,0x00,0x00,0x00,0x00,0x00,0x00,0x00,0x00,0x00,0x00,0x00,0x00,0xff,0xff,0x52,0xaa,0xff,0xff,0x00,0x00,0x00,0x00,0x00,0x00,
    0x00,0x00,0xff,0xff,0x52,0xaa,0x00,0x00,0xff,0xff,0x52,0xaa,0x00,0x00,0xff,0xff,0x52,0xaa,0xff,0xff,0x00,0x00,0x00,0x00,0x00,0x00,0x00,0x00,0x00,0x00,0xff,0xff,
    0x52,0xaa,0xff,0xff,0x00,0x00,0x00,0x00,0x00,0x00,0x00,0x00,0x00,0x00,0x00,0x00,0x00,0x00,0x00,0x00,0x00,0x00,0x00,0x00,0x00,0x00,0x00,0x00,0x00,0x00,0x00,0x00,
    0x00,0x00,0x00,0x00,0x00,0x00,0x00,0x00,0x00,0x00,0x00,0x00,0x00,0x00,0x00,0x00,0x00,0x00,0x00,0x00,0x00,0x00,0x00,0x00,0x00,0x00,0x00,0x00,0x00,0x00,0x00,0x00,
    0x00,0x00,0xff,0xff,0x52,0xaa,0x52,0xaa,0xff,0xff,0x52,0xaa,0x52,0xaa,0x52,0xaa,0x52,0xaa,0xff,0xff,0xff,0xff,0x00,0x00,0x00,0x00,0xff,0xff,0x52,0xaa,0x52,0xaa,
    0xff,0xff,0xff,0xff,0xff,0xff,0xff,0xff,0x52,0xaa,0x52,0xaa,0xff,0xff,0x00,0x00,0x00,0x00,0xff,0xff,0x52,0xaa,0x52,0xaa,0xff,0xff,0xff,0xff,0xff,0xff,0xff,0xff,
    0x52,0xaa,0x52,0xaa,0xff,0xff,0x00,0x00,0x00,0x00,0xff,0xff,0xff,0xff,0xff,0xff,0xff,0xff,0xff,0xff,0xff,0xff,0xff,0xff,0x52,0xaa,0x52,0xaa,0xff,0xff,0x00,0x00,
    0x00,0x00,0x00,0x00,0x00,0x00,0x00,0x00,0xff,0xff,0x52,0xaa,0x52,0xaa,0xff,0xff,0x00,0x00,0x00,0x00,0x00,0x00,0x00,0x00,0x00,0x00,0xff,0xff,0x52,0xaa,0x52,0xaa,
    0xff,0xff,0xff,0xff,0xff,0xff,0xff,0xff,0x52,0xaa,0x52,0xaa,0xff,0xff,0x00,0x00,0x00,0x00,0xff,0xff,0x52,0xaa,0x52,0xaa,0x52,0xaa,0xff,0xff,0xff,0xff,0x52,0xaa,
    0x52,0xaa,0x52,0xaa,0xff,0xff,0x00,0x00,0x00,0x00,0xff,0xff,0x52,0xaa,0x52,0xaa,0xff,0xff,0x52,0xaa,0x52,0xaa,0xff,0xff,0x52,0xaa,0x52,0xaa,0xff,0xff,0x00,0x00,
    0x00,0x00,0xff,0xff,0x52,0xaa,0x52,0xaa,0x52,0xaa,0xff,0xff,0xff,0xff,0x52,0xaa,0x52,0xaa,0x52,0xaa,0xff,0xff,0x00,0x00,0x00,0x00,0x00,0x00,0x00,0x00,0xff,0xff,
    0xff,0xff,0x52,0xaa,0x52,0xaa,0xff,0xff,0xff,0xff,0x00,0x00,0x00,0x00,0x00,0x00,0x00,0x00,0xff,0xff,0xff,0xff,0xff,0xff,0xff,0xff,0xff,0xff,0xff,0xff,0x52,0xaa,
    0x52,0xaa,0x52,0xaa,0xff,0xff,0x00,0x00,0x00,0x00,0x00,0x00,0x00,0x00,0x00,0x00,0x00,0x00,0x00,0x00,0xff,0xff,0x52,0xaa,0xff,0xff,0x00,0x00,0x00,0x00,0x00,0x00,
    0x00,0x00,0xff,0xff,0x52,0xaa,0x52,0xaa,0x52,0xaa,0x52,0xaa,0x52,0xaa,0x52,0xaa,0x52,0xaa,0xff,0xff,0x00,0x00,0x00,0x00,0x00,0x00,0x00,0x00,0x00,0x00,0xff,0xff,
    0x52,0xaa,0xff,0xff,0x00,0x00,0x00,0x00,0x00,0x00,0x00,0x00,0x00,0x00,0x00,0x00,0x00,0x00,0x00,0x00,0x00,0x00,0x00,0x00,0x00,0x00,0x00,0x00,0x00,0x00,0x00,0x00,
    0x00,0x00,0x00,0x00,0x00,0x00,0x00,0x00,0x00,0x00,0x00,0x00,0x00,0x00,0x00,0x00,0x00,0x00,0x00,0x00,0x00,0x00,0x00,0x00,0x00,0x00,0x00,0x00,0x00,0x00,0x00,0x00,
    0x00,0x00,0xff,0xff,0x52,0xaa,0x52,0xaa,0xff,0xff,0xff,0xff,0xff,0xff,0xff,0xff,0xff,0xff,0xff,0xff,0x00,0x00,0x00,0x00,0x00,0x00,0xff,0xff,0x52,0xaa,0x52,0xaa,
    0x52,0xaa,0x52,0xaa,0x52,0xaa,0xff,0xff,0x52,0xaa,0x52,0xaa,0xff,0xff,0x00,0x00,0x00,0x00,0xff,0xff,0x52,0xaa,0x52,0xaa,0xff,0xff,0x00,0x00,0x00,0x00,0xff,0xff,
    0x52,0xaa,0x52,0xaa,0xff,0xff,0x00,0x00,0x00,0x00,0xff,0xff,0x52,0xaa,0x52,0xaa,0x52,0xaa,0x52,0xaa,0x52,0xaa,0x52,0xaa,0x52,0xaa,0x52,0xaa,0xff,0xff,0x00,0x00,
    0x00,0x00,0x00,0x00,0x00,0x00,0x00,0x00,0xff,0xff,0x52,0xaa,0x52,0xaa,0xff,0xff,0x00,0x00,0x00,0x00,0x00,0x00,0x00,0x00,0x00,0x00,0xff,0xff,0x52,0xaa,0x52,0xaa,
    0x52,0xaa,0x52,0xaa,0x52,0xaa,0x52,0xaa,0x52,0xaa,0x52,0xaa,0xff,0xff,0x00,0x00,0x00,0x00,0xff,0xff,0xff,0xff,0x52,0xaa,0x52,0xaa,0x52,0xaa,0x52,0xaa,0x52,0xaa,
    0x52,0xaa,0xff,0xff,0xff,0xff,0x00,0x00,0x00,0x00,0xff,0xff,0x52,0xaa,0x52,0xaa,0x52,0xaa,0x52,0xaa,0x52,0xaa,0x52,0xaa,0x52,0xaa,0x52,0xaa,0xff,0xff,0x00,0x00,
    0x00,0x00,0xff,0xff,0x52,0xaa,0x52,0xaa,0xff,0xff,0xff,0xff,0xff,0xff,0xff,0xff,0x52,0xaa,0x52,0xaa,0xff,0xff,0x00,0x00,0x00,0x00,0x00,0x00,0x00,0x00,0x00,0x00,
    0xff,0xff,0x52,0xaa,0x52,0xaa,0xff,0xff,0x00,0x00,0x00,0x00,0x00,0x00,0x00,0x00,0x00,0x00,0xff,0xff,0x52,0xaa,0x52,0xaa,0x52,0xaa,0x52,0xaa,0x52,0xaa,0x52,0xaa,
    0x52,0xaa,0x52,0xaa,0xff,0xff,0x00,0x00,0x00,0x00,0x00,0x00,0x00,0x00,0x00,0x00,0x00,0x00,0x00,0x00,0xff,0xff,0x52,0xaa,0xff,0xff,0xff,0xff,0x00,0x00,0x00,0x00,
    0x00,0x00,0xff,0xff,0xff,0xff,0x52,0xaa,0x52,0xaa,0x52,0xaa,0x52,0xaa,0x52,0xaa,0xff,0xff,0xff,0xff,0x00,0x00,0x00,0x00,0x00,0x00,0x00,0x00,0xff,0xff,0xff,0xff,
    0x52,0xaa,0xff,0xff,0x00,0x00,0x00,0x00,0x00,0x00,0x00,0x00,0x00,0x00,0x00,0x00,0x00,0x00,0x00,0x00,0x00,0x00,0x00,0x00,0x00,0x00,0x00,0x00,0x00,0x00,0x00,0x00,
    0x00,0x00,0x00,0x00,0x00,0x00,0x00,0x00,0x00,0x00,0x00,0x00,0x00,0x00,0x00,0x00,0x00,0x00,0x00,0x00,0x00,0x00,0x00,0x00,0x00,0x00,0x00,0x00,0x00,0x00,0x00,0x00,
    0x00,0x00,0xff,0xff,0x52,0xaa,0x52,0xaa,0xff,0xff,0x00,0x00,0x00,0x00,0x00,0x00,0x00,0x00,0x00,0x00,0x00,0x00,0x00,0x00,0x00,0x00,0xff,0xff,0xff,0xff,0x52,0xaa,
    0x52,0xaa,0x52,0xaa,0x52,0xaa,0xff,0xff,0x52,0xaa,0x52,0xaa,0xff,0xff,0x00,0x00,0x00,0x00,0xff,0xff,0x52,0xaa,0x52,0xaa,0xff,0xff,0x00,0x00,0x00,0x00,0xff,0xff,
    0x52,0xaa,0x52,0xaa,0xff,0xff,0x00,0x00,0x00,0x00,0xff,0xff,0x52,0xaa,0x52,0xaa,0x52,0xaa,0x52,0xaa,0x52,0xaa,0x52,0xaa,0x52,0xaa,0xff,0xff,0xff,0xff,0x00,0x00,
    0x00,0x00,0x00,0x00,0x00,0x00,0x00,0x00,0xff,0xff,0x52,0xaa,0x52,0xaa,0xff,0xff,0x00,0x00,0x00,0x00,0x00,0x00,0x00,0x00,0x00,0x00,0xff,0xff,0x52,0xaa,0x52,0xaa,
    0x52,0xaa,0x52,0xaa,0x52,0xaa,0x52,0xaa,0x52,0xaa,0x52,0xaa,0xff,0xff,0x00,0x00,0x00,0x00,0x00,0x00,0xff,0xff,0xff,0xff,0x52,0xaa,0x52,0xaa,0x52,0xaa,0x52,0xaa,
    0xff,0xff,0xff,0xff,0x00,0x00,0x00,0x00,0x00,0x00,0xff,0xff,0xff,0xff,0x52,0xaa,0x52,0xaa,0x52,0xaa,0x52,0xaa,0x52,0xaa,0x52,0xaa,0xff,0xff,0xff,0xff,0x00,0x00,
    0x00,0x00,0xff,0xff,0x52,0xaa,0x52,0xaa,0xff,0xff,0x00,0x00,0x00,0x00,0xff,0xff,0x52,0xaa,0x52,0xaa,0xff,0xff,0x00,0x00,0x00,0x00,0x00,0x00,0x00,0x00,0x00,0x00,
    0xff,0xff,0x52,0xaa,0x52,0xaa,0xff,0xff,0x00,0x00,0x00,0x00,0x00,0x00,0x00,0x00,0x00,0x00,0xff,0xff,0x52,0xaa,0x52,0xaa,0x52,0xaa,0x52,0xaa,0x52,0xaa,0x52,0xaa,
    0x52,0xaa,0x52,0xaa,0xff,0xff,0x00,0x00,0x00,0x00,0x00,0x00,0x00,0x00,0x00,0x00,0x00,0x00,0x00,0x00,0xff,0xff,0x52,0xaa,0x52,0xaa,0xff,0xff,0x00,0x00,0x00,0x00,
    0x00,0x00,0x00,0x00,0xff,0xff,0xff,0xff,0xff,0xff,0xff,0xff,0xff,0xff,0xff,0xff,0xff,0xff,0x00,0x00,0x00,0x00,0x00,0x00,0x00,0x00,0x00,0x00,0xff,0xff,0x52,0xaa,
    0x52,0xaa,0xff,0xff,0x00,0x00,0x00,0x00,0x00,0x00,0x00,0x00,0x00,0x00,0x00,0x00,0x00,0x00,0x00,0x00,0x00,0x00,0x00,0x00,0x00,0x00,0x00,0x00,0x00,0x00,0x00,0x00,
    0x00,0x00,0x00,0x00,0x00,0x00,0x00,0x00,0x00,0x00,0x00,0x00,0x00,0x00,0x00,0x00,0x00,0x00,0x00,0x00,0x00,0x00,0x00,0x00,0x00,0x00,0x00,0x00,0x00,0x00,0x00,0x00,
    0x00,0x00,0xff,0xff,0xff,0xff,0xff,0xff,0xff,0xff,0x00,0x00,0x00,0x00,0x00,0x00,0x00,0x00,0x00,0x00,0x00,0x00,0x00,0x00,0x00,0x00,0x00,0x00,0xff,0xff,0xff,0xff,
    0xff,0xff,0xff,0xff,0xff,0xff,0xff,0xff,0xff,0xff,0xff,0xff,0xff,0xff,0x00,0x00,0x00,0x00,0xff,0xff,0xff,0xff,0xff,0xff,0xff,0xff,0x00,0x00,0x00,0x00,0xff,0xff,
    0xff,0xff,0xff,0xff,0xff,0xff,0x00,0x00,0x00,0x00,0xff,0xff,0xff,0xff,0xff,0xff,0xff,0xff,0xff,0xff,0xff,0xff,0xff,0xff,0xff,0xff,0xff,0xff,0x00,0x00,0x00,0x00,
    0x00,0x00,0x00,0x00,0x00,0x00,0x00,0x00,0xff,0xff,0xff,0xff,0xff,0xff,0xff,0xff,0x00,0x00,0x00,0x00,0x00,0x00,0x00,0x00,0x00,0x00,0xff,0xff,0xff,0xff,0xff,0xff,
    0xff,0xff,0xff,0xff,0xff,0xff,0xff,0xff,0xff,0xff,0xff,0xff,0xff,0xff,0x00,0x00,0x00,0x00,0x00,0x00,0x00,0x00,0xff,0xff,0xff,0xff,0xff,0xff,0xff,0xff,0xff,0xff,
    0xff,0xff,0x00,0x00,0x00,0x00,0x00,0x00,0x00,0x00,0x00,0x00,0xff,0xff,0xff,0xff,0xff,0xff,0xff,0xff,0xff,0xff,0xff,0xff,0xff,0xff,0xff,0xff,0x00,0x00,0x00,0x00,
    0x00,0x00,0xff,0xff,0xff,0xff,0xff,0xff,0xff,0xff,0x00,0x00,0x00,0x00,0xff,0xff,0xff,0xff,0xff,0xff,0xff,0xff,0x00,0x00,0x00,0x00,0x00,0x00,0x00,0x00,0x00,0x00,
    0xff,0xff,0xff,0xff,0xff,0xff,0xff,0xff,0x00,0x00,0x00,0x00,0x00,0x00,0x00,0x00,0x00,0x00,0xff,0xff,0xff,0xff,0xff,0xff,0xff,0xff,0xff,0xff,0xff,0xff,0xff,0xff,
    0xff,0xff,0xff,0xff,0xff,0xff,0x00,0x00,0x00,0x00,0x00,0x00,0x00,0x00,0x00,0x00,0x00,0x00,0x00,0x00,0xff,0xff,0xff,0xff,0xff,0xff,0xff,0xff,0x00,0x00,0x00,0x00,
    0x00,0x00,0x00,0x00,0x00,0x00,0x00,0x00,0x00,0x00,0x00,0x00,0x00,0x00,0x00,0x00,0x00,0x00,0x00,0x00,0x00,0x00,0x00,0x00,0x00,0x00,0x00,0x00,0xff,0xff,0xff,0xff,
    0xff,0xff,0xff,0xff,0x00,0x00,0x00,0x00,0x00,0x00,0x00,0x00,0x00,0x00,0x00,0x00,0x00,0x00,0x00,0x00,0x00,0x00,0x00,0x00,0x00,0x00,0x00,0x00,0x00,0x00,0x00,0x00,
    0x00,0x00,0x00,0x00,0x00,0x00,0x00,0x00,0x00,0x00,0x00,0x00,0x00,0x00,0x00,0x00,0x00,0x00,0x00,0x00,0x00,0x00,0x00,0x00,0x00,0x00,0x00,0x00,0x00,0x00,0x00,0x00,
    0x00,0x00,0x00,0x00,0x00,0x00,0x00,0x00,0x00,0x00,0x00,0x00,0x00,0x00,0x00,0x00,0x00,0x00,0x00,0x00,0x00,0x00,0x00,0x00,0x00,0x00,0x00,0x00,0x00,0x00,0x00,0x00,
    0x00,0x00,0x00,0x00,0x00,0x00,0x00,0x00,0x00,0x00,0x00,0x00,0x00,0x00,0x00,0x00,0x00,0x00,0x00,0x00,0x00,0x00,0x00,0x00,0x00,0x00,0x00,0x00,0x00,0x00,0x00,0x00,
    0x00,0x00,0x00,0x00,0x00,0x00,0x00,0x00,0x00,0x00,0x00,0x00,0x00,0x00,0x00,0x00,0x00,0x00,0x00,0x00,0x00,0x00,0x00,0x00,0x00,0x00,0x00,0x00,0x00,0x00,0x00,0x00,
    0x00,0x00,0x00,0x00,0x00,0x00,0x00,0x00,0x00,0x00,0x00,0x00,0x00,0x00,0x00,0x00,0x00,0x00,0x00,0x00,0x00,0x00,0x00,0x00,0x00,0x00,0x00,0x00,0x00,0x00,0x00,0x00,
    0x00,0x00,0x00,0x00,0x00,0x00,0x00,0x00,0x00,0x00,0x00,0x00,0x00,0x00,0x00,0x00,0x00,0x00,0x00,0x00,0x00,0x00,0x00,0x00,0x00,0x00,0x00,0x00,0x00,0x00,0x00,0x00,
    0x00,0x00,0x00,0x00,0x00,0x00,0x00,0x00,0x00,0x00,0x00,0x00,0x00,0x00,0x00,0x00,0x00,0x00,0x00,0x00,0x00,0x00,0x00,0x00,0x00,0x00,0x00,0x00,0x00,0x00,0x00,0x00,
    0x00,0x00,0x00,0x00,0x00,0x00,0x00,0x00,0x00,0x00,0x00,0x00,0x00,0x00,0x00,0x00,0x00,0x00,0x00,0x00,0x00,0x00,0x00,0x00,0x00,0x00,0x00,0x00,0x00,0x00,0x00,0x00,
    0x00,0x00,0x00,0x00,0x00,0x00,0x00,0x00,0x00,0x00,0x00,0x00,0x00,0x00,0x00,0x00,0x00,0x00,0x00,0x00,0x00,0x00,0x00,0x00,0x00,0x00,0x00,0x00,0x00,0x00,0x00,0x00,
    0x00,0x00,0x00,0x00,0x00,0x00,0x00,0x00,0x00,0x00,0x00,0x00,0x00,0x00,0x00,0x00,0x00,0x00,0x00,0x00,0x00,0x00,0x00,0x00,0x00,0x00,0x00,0x00,0x00,0x00,0x00,0x00,
    0x00,0x00,0x00,0x00,0x00,0x00,0x00,0x00,0x00,0x00,0x00,0x00,0x00,0x00,0x00,0x00,0x00,0x00,0x00,0x00,0x00,0x00,0x00,0x00,0x00,0x00,0x00,0x00,0x00,0x00,0x00,0x00,
    0x00,0x00,0x00,0x00,0x00,0x00,0x00,0x00,0x00,0x00,0x00,0x00,0x00,0x00,0x00,0x00,0x00,0x00,0x00,0x00,0x00,0x00,0x00,0x00,0x00,0x00,0x00,0x00,0x00,0x00,0x00,0x00,
    0x00,0x00,0x00,0x00,0x00,0x00,0x00,0x00,0x00,0x00,0x00,0x00,0x00,0x00,0x00,0x00,0x00,0x00,0x00,0x00,0x00,0x00,0x00,0x00,0x00,0x00,0x00,0x00,0x00,0x00,0x00,0x00,
    0x00,0x00,0x00,0x00,0x00,0x00,0x00,0x00,0x00,0x00,0x00,0x00,0x00,0x00,0x00,0x00,0x00,0x00,0x00,0x00,0x00,0x00,0x00,0x00,0x00,0x00,0x00,0x00,0x00,0x00,0x00,0x00,
    0x00,0x00,0x00,0x00,0x00,0x00,0x00,0x00,0x00,0x00,0x00,0x00,0x00,0x00,0x00,0x00,0x00,0x00,0x00,0x00,0x00,0x00,0x00,0x00,0x00,0x00,0x00,0x00,0x00,0x00,0x00,0x00,
    0x00,0x00,0x00,0x00,0x00,0x00,0x00,0x00,0x00,0x00,0x00,0x00,0x00,0x00,0x00,0x00,0x00,0x00,0x00,0x00,0x00,0x00,0x00,0x00,0x00,0x00,0x00,0x00,0x00,0x00,0x00,0x00,
    0x00,0x00,0x00,0x00,0x00,0x00,0x00,0x00,0x00,0x00,0x00,0x00,0x00,0x00,0x00,0x00,0x00,0x00,0x00,0x00,0x00,0x00,0x00,0x00,0x00,0x00,0x00,0x00,0x00,0x00,0x00,0x00,
    0x00,0x00,0x00,0x00,0x00,0x00,0x00,0x00,0x00,0x00,0x00,0x00,0x00,0x00,0x00,0x00,0x00,0x00,0x00,0x00,0x00,0x00,0x00,0x00,0x00,0x00,0x00,0x00,0x00,0x00,0x00,0x00,
    0x00,0x00,0x00,0x00,0x00,0x00,0x00,0x00,0x00,0x00,0x00,0x00,0x00,0x00,0x00,0x00,0x00,0x00,0x00,0x00,0x00,0x00,0x00,0x00,0x00,0x00,0x00,0x00,0x00,0x00,0x00,0x00,
    0x00,0x00,0x00,0x00,0x00,0x00,0x00,0x00,0x00,0x00,0x00,0x00,0x00,0x00,0x00,0x00,0x00,0x00,0x00,0x00,0x00,0x00,0x00,0x00,0x00,0x00,0x00,0x00,0x00,0x00,0x00,0x00,
    0x00,0x00,0x00,0x00,0x00,0x00,0x00,0x00,0x00,0x00,0x00,0x00,0x00,0x00,0x00,0x00,0x00,0x00,0x00,0x00,0x00,0x00,0x00,0x00,0x00,0x00,0x00,0x00,0x00,0x00,0x00,0x00,
    0x00,0x00,0x00,0x00,0x00,0x00,0x00,0x00,0x00,0x00,0x00,0x00,0x00,0x00,0x00,0x00,0x00,0x00,0x00,0x00,0x00,0x00,0x00,0x00,0x00,0x00,0x00,0x00,0x00,0x00,0x00,0x00,
    0x00,0x00,0x00,0x00,0x00,0x00,0x00,0x00,0x00,0x00,0x00,0x00,0x00,0x00,0x00,0x00,0x00,0x00,0x00,0x00,0x00,0x00,0x00,0x00,0x00,0x00,0x00,0x00,0x00,0x00,0x00,0x00,
    0x00,0x00,0x00,0x00,0x00,0x00,0x00,0x00,0x00,0x00,0x00,0x00,0x00,0x00,0x00,0x00,0x00,0x00,0x00,0x00,0x00,0x00,0x00,0x00,0x00,0x00,0x00,0x00,0x00,0x00,0x00,0x00,
    0x00,0x00,0x00,0x00,0x00,0x00,0x00,0x00,0x00,0x00,0x00,0x00,0x00,0x00,0x00,0x00,0x00,0x00,0x00,0x00,0x00,0x00,0x00,0x00,0x00,0x00,0x00,0x00,0x00,0x00,0x00,0x00,
    0x00,0x00,0x00,0x00,0x52,0xaa,0x52,0xaa,0x52,0xaa,0x52,0xaa,0x52,0xaa,0x52,0xaa,0x52,0xaa,0x52,0xaa,0x00,0x00,0x00,0x00,0x00,0x00,0x00,0x00,0x52,0xaa,0x52,0xaa,
    0x52,0xaa,0x52,0xaa,0x52,0xaa,0x52,0xaa,0x52,0xaa,0x52,0xaa,0x00,0x00,0x00,0x00,0x00,0x00,0x52,0xaa,0x52,0xaa,0x52,0xaa,0x52,0xaa,0x52,0xaa,0x52,0xaa,0x52,0xaa,
    0x52,0xaa,0x52,0xaa,0x00,0x00,0x00,0x00,0x00,0x00,0x00,0x00,0x52,0xaa,0x52,0xaa,0x52,0xaa,0x52,0xaa,0x52,0xaa,0x52,0xaa,0x52,0xaa,0x52,0xaa,0x52,0xaa,0x00,0x00,
    0x00,0x00,0x52,0xaa,0x52,0xaa,0x52,0xaa,0x52,0xaa,0x52,0xaa,0x52,0xaa,0x52,0xaa,0x52,0xaa,0x52,0xaa,0x00,0x00,0x00,0x00,0x00,0x00,0x00,0x00,0x52,0xaa,0x52,0xaa,
    0x52,0xaa,0x52,0xaa,0x52,0xaa,0x52,0xaa,0x52,0xaa,0x52,0xaa,0x52,0xaa,0x00,0x00,0x00,0x00,0x00,0x00,0x52,0xaa,0x52,0xaa,0x52,0xaa,0x52,0xaa,0x52,0xaa,0x52,0xaa,
    0x52,0xaa,0x52,0xaa,0x52,0xaa,0x00,0x00,0x00,0x00,0x00,0x00,0x52,0xaa,0x52,0xaa,0x52,0xaa,0x52,0xaa,0x52,0xaa,0x52,0xaa,0x52,0xaa,0x52,0xaa,0x52,0xaa,0x00,0x00,
    0x00,0x00,0x52,0xaa,0x52,0xaa,0x52,0xaa,0x52,0xaa,0x00,0x00,0x00,0x00,0x52,0xaa,0x52,0xaa,0x52,0xaa,0x52,0xaa,0x00,0x00,0x00,0x00,0x52,0xaa,0x52,0xaa,0x52,0xaa,
    0x52,0xaa,0x52,0xaa,0x52,0xaa,0x52,0xaa,0x52,0xaa,0x52,0xaa,0x52,0xaa,0x00,0x00,0x00,0x00,0x00,0x00,0x00,0x00,0x00,0x00,0x00,0x00,0x00,0x00,0x00,0x00,0x52,0xaa,
    0x52,0xaa,0x52,0xaa,0x52,0xaa,0x00,0x00,0x00,0x00,0x52,0xaa,0x52,0xaa,0x52,0xaa,0x52,0xaa,0x00,0x00,0x00,0x00,0x52,0xaa,0x52,0xaa,0x52,0xaa,0x52,0xaa,0x00,0x00,
    0x00,0x00,0x52,0xaa,0x52,0xaa,0x52,0xaa,0x52,0xaa,0x00,0x00,0x00,0x00,0x00,0x00,0x00,0x00,0x00,0x00,0x00,0x00,0x00,0x00,0x00,0x00,0x00,0x00,0x52,0xaa,0x52,0xaa,
    0x52,0xaa,0x52,0xaa,0x52,0xaa,0x52,0xaa,0x52,0xaa,0x52,0xaa,0x00,0x00,0x00,0x00,0x00,0x00,0x00,0x00,0x52,0xaa,0x52,0xaa,0x52,0xaa,0x52,0xaa,0x52,0xaa,0x52,0xaa,
    0x52,0xaa,0x52,0xaa,0x00,0x00,0x00,0x00,0x00,0x00,0x00,0x00,0x52,0xaa,0x52,0xaa,0x52,0xaa,0x52,0xaa,0x52,0xaa,0x52,0xaa,0x52,0xaa,0x52,0xaa,0x00,0x00,0x00,0x00,
    0x00,0x00,0x52,0xaa,0x52,0xaa,0xff,0xff,0xff,0xff,0xff,0xff,0xff,0xff,0xff,0xff,0xff,0xff,0x52,0xaa,0x52,0xaa,0x00,0x00,0x00,0x00,0x52,0xaa,0x52,0xaa,0xff,0xff,
    0xff,0xff,0xff,0xff,0xff,0xff,0xff,0xff,0xff,0xff,0x52,0xaa,0x52,0xaa,0x00,0x00,0x00,0x00,0x52,0xaa,0xff,0xff,0xff,0xff,0xff,0xff,0xff,0xff,0xff,0xff,0xff,0xff,
    0xff,0xff,0x52,0xaa,0x52,0xaa,0x00,0x00,0x00,0x00,0x52,0xaa,0x52,0xaa,0xff,0xff,0xff,0xff,0xff,0xff,0xff,0xff,0xff,0xff,0xff,0xff,0xff,0xff,0x52,0xaa,0x00,0x00,
    0x00,0x00,0x52,0xaa,0xff,0xff,0xff,0xff,0xff,0xff,0xff,0xff,0xff,0xff,0xff,0xff,0xff,0xff,0x52,0xaa,0x52,0xaa,0x00,0x00,0x00,0x00,0x52,0xaa,0x52,0xaa,0xff,0xff,
    0xff,0xff,0xff,0xff,0xff,0xff,0xff,0xff,0xff,0xff,0xff,0xff,0x52,0xaa,0x00,0x00,0x00,0x00,0x52,0xaa,0x52,0xaa,0xff,0xff,0xff,0xff,0xff,0xff,0xff,0xff,0xff,0xff,
    0xff,0xff,0xff,0xff,0x52,0xaa,0x00,0x00,0x00,0x00,0x52,0xaa,0x52,0xaa,0xff,0xff,0xff,0xff,0xff,0xff,0xff,0xff,0xff,0xff,0xff,0xff,0xff,0xff,0x52,0xaa,0x00,0x00,
    0x00,0x00,0x52,0xaa,0xff,0xff,0xff,0xff,0x52,0xaa,0x00,0x00,0x00,0x00,0x52,0xaa,0xff,0xff,0xff,0xff,0x52,0xaa,0x00,0x00,0x00,0x00,0x52,0xaa,0xff,0xff,0xff,0xff,
    0xff,0xff,0xff,0xff,0xff,0xff,0xff,0xff,0xff,0xff,0xff,0xff,0x52,0xaa,0x00,0x00,0x00,0x00,0x00,0x00,0x00,0x00,0x00,0x00,0x00,0x00,0x00,0x00,0x00,0x00,0x52,0xaa,
    0xff,0xff,0xff,0xff,0x52,0xaa,0x00,0x00,0x00,0x00,0x52,0xaa,0xff,0xff,0xff,0xff,0x52,0xaa,0x00,0x00,0x00,0x00,0x52,0xaa,0xff,0xff,0xff,0xff,0x52,0xaa,0x00,0x00,
    0x00,0x00,0x52,0xaa,0xff,0xff,0xff,0xff,0x52,0xaa,0x00,0x00,0x00,0x00,0x00,0x00,0x00,0x00,0x00,0x00,0x00,0x00,0x00,0x00,0x00,0x00,0x52,0xaa,0x52,0xaa,0xff,0xff,
    0xff,0xff,0xff,0xff,0xff,0xff,0xff,0xff,0xff,0xff,0x52,0xaa,0x52,0xaa,0x00,0x00,0x00,0x00,0x52,0xaa,0x52,0xaa,0xff,0xff,0xff,0xff,0xff,0xff,0xff,0xff,0xff,0xff,
    0xff,0xff,0x52,0xaa,0x52,0xaa,0x00,0x00,0x00,0x00,0x52,0xaa,0x52,0xaa,0xff,0xff,0xff,0xff,0xff,0xff,0xff,0xff,0xff,0xff,0xff,0xff,0x52,0xaa,0x52,0xaa,0x00,0x00,
    0x00,0x00,0x52,0xaa,0xff,0xff,0xff,0xff,0x52,0xaa,0x52,0xaa,0x52,0xaa,0x52,0xaa,0xff,0xff,0xff,0xff,0x52,0xaa,0x00,0x00,0x00,0x00,0x52,0xaa,0xff,0xff,0xff,0xff,
    0xff,0xff,0xff,0xff,0xff,0xff,0xff,0xff,0xff,0xff,0xff,0xff,0x52,0xaa,0x00,0x00,0x00,0x00,0x52,0xaa,0xff,0xff,0xff,0xff,0xff,0xff,0xff,0xff,0xff,0xff,0xff,0xff,
    0xff,0xff,0xff,0xff,0x52,0xaa,0x00,0x00,0x00,0x00,0x52,0xaa,0xff,0xff,0xff,0xff,0xff,0xff,0xff,0xff,0xff,0xff,0xff,0xff,0xff,0xff,0xff,0xff,0x52,0xaa,0x00,0x00,
    0x00,0x00,0x52,0xaa,0xff,0xff,0xff,0xff,0xff,0xff,0xff,0xff,0xff,0xff,0xff,0xff,0xff,0xff,0xff,0xff,0x52,0xaa,0x00,0x00,0x00,0x00,0x52,0xaa,0xff,0xff,0xff,0xff,
    0xff,0xff,0xff,0xff,0xff,0xff,0xff,0xff,0xff,0xff,0xff,0xff,0x52,0xaa,0x00,0x00,0x00,0x00,0x52,0xaa,0xff,0xff,0xff,0xff,0xff,0xff,0xff,0xff,0xff,0xff,0xff,0xff,
    0xff,0xff,0xff,0xff,0x52,0xaa,0x00,0x00,0x00,0x00,0x52,0xaa,0xff,0xff,0xff,0xff,0xff,0xff,0xff,0xff,0xff,0xff,0xff,0xff,0xff,0xff,0xff,0xff,0x52,0xaa,0x00,0x00,
    0x00,0x00,0x52,0xaa,0xff,0xff,0xff,0xff,0x52,0xaa,0x00,0x00,0x00,0x00,0x52,0xaa,0xff,0xff,0xff,0xff,0x52,0xaa,0x00,0x00,0x00,0x00,0x52,0xaa,0xff,0xff,0xff,0xff,
    0xff,0xff,0xff,0xff,0xff,0xff,0xff,0xff,0xff,0xff,0xff,0xff,0x52,0xaa,0x00,0x00,0x00,0x00,0x00,0x00,0x00,0x00,0x00,0x00,0x00,0x00,0x00,0x00,0x00,0x00,0x52,0xaa,
    0xff,0xff,0xff,0xff,0x52,0xaa,0x00,0x00,0x00,0x00,0x52,0xaa,0xff,0xff,0xff,0xff,0x52,0xaa,0x00,0x00,0x52,0xaa,0x52,0xaa,0xff,0xff,0xff,0xff,0x52,0xaa,0x00,0x00,
    0x00,0x00,0x52,0xaa,0xff,0xff,0xff,0xff,0x52,0xaa,0x00,0x00,0x00,0x00,0x00,0x00,0x00,0x00,0x00,0x00,0x00,0x00,0x00,0x00,0x00,0x00,0x52,0xaa,0xff,0xff,0xff,0xff,
    0xff,0xff,0xff,0xff,0xff,0xff,0xff,0xff,0xff,0xff,0xff,0xff,0x52,0xaa,0x00,0x00,0x00,0x00,0x52,0xaa,0xff,0xff,0xff,0xff,0xff,0xff,0xff,0xff,0xff,0xff,0xff,0xff,
    0xff,0xff,0xff,0xff,0x52,0xaa,0x00,0x00,0x00,0x00,0x52,0xaa,0xff,0xff,0xff,0xff,0xff,0xff,0xff,0xff,0xff,0xff,0xff,0xff,0xff,0xff,0xff,0xff,0x52,0xaa,0x00,0x00,
    0x00,0x00,0x52,0xaa,0xff,0xff,0x52,0xaa,0xff,0xff,0xff,0xff,0xff,0xff,0xff,0xff,0xff,0xff,0xff,0xff,0x52,0xaa,0x00,0x00,0x00,0x00,0x52,0xaa,0xff,0xff,0xff,0xff,
    0x52,0xaa,0x52,0xaa,0x52,0xaa,0x52,0xaa,0xff,0xff,0xff,0xff,0x52,0xaa,0x00,0x00,0x00,0x00,0x52,0xaa,0xff,0xff,0xff,0xff,0x52,0xaa,0x52,0xaa,0x52,0xaa,0xff,0xff,
    0xff,0xff,0xff,0xff,0x52,0xaa,0x00,0x00,0x00,0x00,0x52,0xaa,0xff,0xff,0xff,0xff,0xff,0xff,0x52,0xaa,0x52,0xaa,0x52,0xaa,0x52,0xaa,0x52,0xaa,0x52,0xaa,0x00,0x00,
    0x00,0x00,0x52,0xaa,0xff,0xff,0xff,0xff,0x52,0xaa,0x52,0xaa,0x52,0xaa,0xff,0xff,0xff,0xff,0xff,0xff,0x52,0xaa,0x00,0x00,0x00,0x00,0x52,0xaa,0xff,0xff,0xff,0xff,
    0x52,0xaa,0x52,0xaa,0x52,0xaa,0x52,0xaa,0x52,0xaa,0x52,0xaa,0x52,0xaa,0x00,0x00,0x00,0x00,0x52,0xaa,0xff,0xff,0xff,0xff,0x52,0xaa,0x52,0xaa,0x52,0xaa,0x52,0xaa,
    0x52,0xaa,0x52,0xaa,0x52,0xaa,0x00,0x00,0x00,0x00,0x52,0xaa,0xff,0xff,0xff,0xff,0x52,0xaa,0x52,0xaa,0x52,0xaa,0x52,0xaa,0x52,0xaa,0x52,0xaa,0x52,0xaa,0x00,0x00,
    0x00,0x00,0x52,0xaa,0xff,0xff,0xff,0xff,0x52,0xaa,0x52,0xaa,0x52,0xaa,0x52,0xaa,0xff,0xff,0xff,0xff,0x52,0xaa,0x00,0x00,0x00,0x00,0x52,0xaa,0x52,0xaa,0x52,0xaa,
    0x52,0xaa,0xff,0xff,0xff,0xff,0x52,0xaa,0x52,0xaa,0x52,0xaa,0x52,0xaa,0x00,0x00,0x00,0x00,0x00,0x00,0x00,0x00,0x00,0x00,0x00,0x00,0x00,0x00,0x00,0x00,0x52,0xaa,
    0xff,0xff,0xff,0xff,0x52,0xaa,0x00,0x00,0x00,0x00,0x52,0xaa,0xff,0xff,0xff,0xff,0x52,0xaa,0x52,0xaa,0x52,0xaa,0xff,0xff,0xff,0xff,0x52,0xaa,0x52,0xaa,0x00,0x00,
    0x00,0x00,0x52,0xaa,0xff,0xff,0xff,0xff,0x52,0xaa,0x00,0x00,0x00,0x00,0x00,0x00,0x00,0x00,0x00,0x00,0x00,0x00,0x00,0x00,0x00,0x00,0x52,0xaa,0xff,0xff,0xff,0xff,
    0x52,0xaa,0xff,0xff,0xff,0xff,0x52,0xaa,0xff,0xff,0xff,0xff,0x52,0xaa,0x00,0x00,0x00,0x00,0x52,0xaa,0xff,0xff,0xff,0xff,0xff,0xff,0x52,0xaa,0x52,0xaa,0xff,0xff,
    0xff,0xff,0xff,0xff,0x52,0xaa,0x00,0x00,0x00,0x00,0x52,0xaa,0xff,0xff,0xff,0xff,0x52,0xaa,0x52,0xaa,0x52,0xaa,0x52,0xaa,0xff,0xff,0xff,0xff,0x52,0xaa,0x00,0x00,
    0x00,0x00,0x52,0xaa,0xff,0xff,0x52,0xaa,0xff,0xff,0xff,0xff,0xff,0xff,0xff,0xff,0xff,0xff,0xff,0xff,0x52,0xaa,0x00,0x00,0x00,0x00,0x52,0xaa,0xff,0xff,0xff,0xff,
    0xff,0xff,0xff,0xff,0xff,0xff,0xff,0xff,0xff,0xff,0xff,0xff,0x52,0xaa,0x00,0x00,0x00,0x00,0x52,0xaa,0xff,0xff,0xff,0xff,0xff,0xff,0xff,0xff,0xff,0xff,0xff,0xff,
    0xff,0xff,0x52,0xaa,0x52,0xaa,0x00,0x00,0x00,0x00,0x52,0xaa,0xff,0xff,0xff,0xff,0x52,0xaa,0x52,0xaa,0x00,0x00,0x00,0x00,0x00,0x00,0x00,0x00,0x00,0x00,0x00,0x00,
    0x00,0x00,0x52,0xaa,0xff,0xff,0xff,0xff,0x52,0xaa,0x00,0x00,0x52,0xaa,0x52,0xaa,0xff,0xff,0xff,0xff,0x52,0xaa,0x00,0x00,0x00,0x00,0x52,0xaa,0xff,0xff,0xff,0xff,
    0xff,0xff,0xff,0xff,0xff,0xff,0x52,0xaa,0x00,0x00,0x00,0x00,0x00,0x00,0x00,0x00,0x00,0x00,0x52,0xaa,0xff,0xff,0xff,0xff,0xff,0xff,0xff,0xff,0xff,0xff,0x52,0xaa,
    0x00,0x00,0x00,0x00,0x00,0x00,0x00,0x00,0x00,0x00,0x52,0xaa,0xff,0xff,0xff,0xff,0x52,0xaa,0xff,0xff,0xff,0xff,0xff,0xff,0xff,0xff,0xff,0xff,0x52,0xaa,0x00,0x00,
    0x00,0x00,0x52,0xaa,0xff,0xff,0xff,0xff,0xff,0xff,0xff,0xff,0xff,0xff,0xff,0xff,0xff,0xff,0xff,0xff,0x52,0xaa,0x00,0x00,0x00,0x00,0x00,0x00,0x00,0x00,0x00,0x00,
    0x52,0xaa,0xff,0xff,0xff,0xff,0x52,0xaa,0x00,0x00,0x00,0x00,0x00,0x00,0x00,0x00,0x00,0x00,0x52,0xaa,0x52,0xaa,0x52,0xaa,0x52,0xaa,0x00,0x00,0x00,0x00,0x52,0xaa,
    0xff,0xff,0xff,0xff,0x52,0xaa,0x00,0x00,0x00,0x00,0x52,0xaa,0xff,0xff,0xff,0xff,0xff,0xff,0xff,0xff,0xff,0xff,0xff,0xff,0xff,0xff,0x52,0xaa,0x00,0x00,0x00,0x00,
    0x00,0x00,0x52,0xaa,0xff,0xff,0xff,0xff,0x52,0xaa,0x00,0x00,0x00,0x00,0x00,0x00,0x00,0x00,0x00,0x00,0x00,0x00,0x00,0x00,0x00,0x00,0x52,0xaa,0xff,0xff,0xff,0xff,
    0x52,0xaa,0xff,0xff,0xff,0xff,0x52,0xaa,0xff,0xff,0xff,0xff,0x52,0xaa,0x00,0x00,0x00,0x00,0x52,0xaa,0xff,0xff,0xff,0xff,0x52,0xaa,0x52,0xaa,0x52,0xaa,0x52,0xaa,
    0xff,0xff,0xff,0xff,0x52,0xaa,0x00,0x00,0x00,0x00,0x52,0xaa,0xff,0xff,0xff,0xff,0x52,0xaa,0x00,0x00,0x00,0x00,0x52,0xaa,0xff,0xff,0xff,0xff,0x52,0xaa,0x00,0x00,
    0x00,0x00,0x52,0xaa,0xff,0xff,0x52,0xaa,0xff,0xff,0x52,0xaa,0x52,0xaa,0xff,0xff,0xff,0xff,0xff,0xff,0x52,0xaa,0x00,0x00,0x00,0x00,0x52,0xaa,0xff,0xff,0xff,0xff,
    0xff,0xff,0xff,0xff,0xff,0xff,0xff,0xff,0xff,0xff,0xff,0xff,0x52,0xaa,0x00,0x00,0x00,0x00,0x52,0xaa,0xff,0xff,0xff,0xff,0xff,0xff,0xff,0xff,0xff,0xff,0xff,0xff,
    0xff,0xff,0xff,0xff,0x52,0xaa,0x00,0x00,0x00,0x00,0x52,0xaa,0xff,0xff,0xff,0xff,0x52,0xaa,0x52,0xaa,0x00,0x00,0x00,0x00,0x00,0x00,0x00,0x00,0x00,0x00,0x00,0x00,
    0x00,0x00,0x52,0xaa,0xff,0xff,0xff,0xff,0x52,0xaa,0x00,0x00,0x52,0xaa,0x52,0xaa,0xff,0xff,0xff,0xff,0x52,0xaa,0x00,0x00,0x00,0x00,0x52,0xaa,0xff,0xff,0xff,0xff,
    0xff,0xff,0xff,0xff,0xff,0xff,0x52,0xaa,0x00,0x00,0x00,0x00,0x00,0x00,0x00,0x00,0x00,0x00,0x52,0xaa,0xff,0xff,0xff,0xff,0xff,0xff,0xff,0xff,0xff,0xff,0x52,0xaa,
    0x00,0x00,0x00,0x00,0x00,0x00,0x00,0x00,0x00,0x00,0x52,0xaa,0xff,0xff,0xff,0xff,0x52,0xaa,0xff,0xff,0xff,0xff,0xff,0xff,0xff,0xff,0xff,0xff,0x52,0xaa,0x00,0x00,
    0x00,0x00,0x52,0xaa,0xff,0xff,0xff,0xff,0xff,0xff,0xff,0xff,0xff,0xff,0xff,0xff,0xff,0xff,0xff,0xff,0x52,0xaa,0x00,0x00,0x00,0x00,0x00,0x00,0x00,0x00,0x00,0x00,
    0x52,0xaa,0xff,0xff,0xff,0xff,0x52,0xaa,0x00,0x00,0x00,0x00,0x00,0x00,0x00,0x00,0x00,0x00,0x52,0xaa,0xff,0xff,0xff,0xff,0x52,0xaa,0x52,0xaa,0x52,0xaa,0x52,0xaa,
    0xff,0xff,0xff,0xff,0x52,0xaa,0x00,0x00,0x00,0x00,0x52,0xaa,0xff,0xff,0xff,0xff,0xff,0xff,0xff,0xff,0xff,0xff,0xff,0xff,0xff,0xff,0x52,0xaa,0x00,0x00,0x00,0x00,
    0x00,0x00,0x52,0xaa,0xff,0xff,0xff,0xff,0x52,0xaa,0x00,0x00,0x00,0x00,0x00,0x00,0x00,0x00,0x00,0x00,0x00,0x00,0x00,0x00,0x00,0x00,0x52,0xaa,0xff,0xff,0xff,0xff,
    0x52,0xaa,0x52,0xaa,0x52,0xaa,0x52,0xaa,0xff,0xff,0xff,0xff,0x52,0xaa,0x00,0x00,0x00,0x00,0x52,0xaa,0xff,0xff,0xff,0xff,0x52,0xaa,0x00,0x00,0x00,0x00,0x52,0xaa,
    0xff,0xff,0xff,0xff,0x52,0xaa,0x00,0x00,0x00,0x00,0x52,0xaa,0xff,0xff,0xff,0xff,0x52,0xaa,0x00,0x00,0x00,0x00,0x52,0xaa,0xff,0xff,0xff,0xff,0x52,0xaa,0x00,0x00,
    0x00,0x00,0x52,0xaa,0xff,0xff,0x52,0xaa,0xff,0xff,0xff,0xff,0x52,0xaa,0xff,0xff,0xff,0xff,0xff,0xff,0x52,0xaa,0x00,0x00,0x00,0x00,0x52,0xaa,0xff,0xff,0xff,0xff,
    0x52,0xaa,0x52,0xaa,0x52,0xaa,0x52,0xaa,0xff,0xff,0xff,0xff,0x52,0xaa,0x00,0x00,0x00,0x00,0x52,0xaa,0xff,0xff,0xff,0xff,0x52,0xaa,0x52,0xaa,0x52,0xaa,0x52,0xaa,
    0xff,0xff,0xff,0xff,0x52,0xaa,0x00,0x00,0x00,0x00,0x52,0xaa,0xff,0xff,0xff,0xff,0xff,0xff,0x52,0xaa,0x52,0xaa,0x52,0xaa,0x52,0xaa,0x52,0xaa,0x52,0xaa,0x00,0x00,
    0x00,0x00,0x52,0xaa,0xff,0xff,0xff,0xff,0x52,0xaa,0x52,0xaa,0x52,0xaa,0xff,0xff,0xff,0xff,0xff,0xff,0x52,0xaa,0x00,0x00,0x00,0x00,0x52,0xaa,0xff,0xff,0xff,0xff,
    0x52,0xaa,0x52,0xaa,0x52,0xaa,0x52,0xaa,0x52,0xaa,0x52,0xaa,0x52,0xaa,0x00,0x00,0x00,0x00,0x52,0xaa,0xff,0xff,0xff,0xff,0x52,0xaa,0x52,0xaa,0x52,0xaa,0x52,0xaa,
    0x00,0x00,0x00,0x00,0x00,0x00,0x00,0x00,0x00,0x00,0x52,0xaa,0xff,0xff,0xff,0xff,0x52,0xaa,0x52,0xaa,0x52,0xaa,0x52,0xaa,0xff,0xff,0xff,0xff,0x52,0xaa,0x00,0x00,
    0x00,0x00,0x52,0xaa,0xff,0xff,0xff,0xff,0x52,0xaa,0x52,0xaa,0x52,0xaa,0x52,0xaa,0xff,0xff,0xff,0xff,0x52,0xaa,0x00,0x00,0x00,0x00,0x52,0xaa,0x52,0xaa,0x52,0xaa,
    0x52,0xaa,0xff,0xff,0xff,0xff,0x52,0xaa,0x52,0xaa,0x52,0xaa,0x52,0xaa,0x00,0x00,0x00,0x00,0x52,0xaa,0xff,0xff,0xff,0xff,0xff,0xff,0x52,0xaa,0x52,0xaa,0xff,0xff,
    0xff,0xff,0xff,0xff,0x52,0xaa,0x00,0x00,0x00,0x00,0x52,0xaa,0xff,0xff,0xff,0xff,0x52,0xaa,0x52,0xaa,0x52,0xaa,0xff,0xff,0xff,0xff,0x52,0xaa,0x52,0xaa,0x00,0x00,
    0x00,0x00,0x52,0xaa,0xff,0xff,0xff,0xff,0x52,0xaa,0x52,0xaa,0x52,0xaa,0x52,0xaa,0x52,0xaa,0x52,0xaa,0x52,0xaa,0x00,0x00,0x00,0x00,0x52,0xaa,0xff,0xff,0xff,0xff,
    0x52,0xaa,0x00,0x00,0x00,0x00,0x52,0xaa,0xff,0xff,0xff,0xff,0x52,0xaa,0x00,0x00,0x00,0x00,0x52,0xaa,0xff,0xff,0xff,0xff,0x52,0xaa,0x00,0x00,0x00,0x00,0x52,0xaa,
    0xff,0xff,0xff,0xff,0x52,0xaa,0x00,0x00,0x00,0x00,0x52,0xaa,0xff,0xff,0xff,0xff,0x52,0xaa,0x52,0xaa,0x52,0xaa,0x52,0xaa,0xff,0xff,0xff,0xff,0x52,0xaa,0x00,0x00,
    0x00,0x00,0x52,0xaa,0xff,0xff,0xff,0xff,0xff,0xff,0xff,0xff,0xff,0xff,0xff,0xff,0xff,0xff,0xff,0xff,0x52,0xaa,0x00,0x00,0x00,0x00,0x52,0xaa,0xff,0xff,0xff,0xff,
    0x52,0xaa,0x00,0x00,0x00,0x00,0x52,0xaa,0xff,0xff,0xff,0xff,0x52,0xaa,0x00,0x00,0x00,0x00,0x52,0xaa,0xff,0xff,0xff,0xff,0xff,0xff,0xff,0xff,0xff,0xff,0xff,0xff,
    0xff,0xff,0xff,0xff,0x52,0xaa,0x00,0x00,0x00,0x00,0x52,0xaa,0xff,0xff,0xff,0xff,0xff,0xff,0xff,0xff,0xff,0xff,0xff,0xff,0xff,0xff,0xff,0xff,0x52,0xaa,0x00,0x00,
    0x00,0x00,0x52,0xaa,0xff,0xff,0xff,0xff,0xff,0xff,0xff,0xff,0xff,0xff,0xff,0xff,0xff,0xff,0xff,0xff,0x52,0xaa,0x00,0x00,0x00,0x00,0x52,0xaa,0xff,0xff,0xff,0xff,
    0xff,0xff,0xff,0xff,0xff,0xff,0xff,0xff,0xff,0xff,0xff,0xff,0x52,0xaa,0x00,0x00,0x00,0x00,0x52,0xaa,0xff,0xff,0xff,0xff,0x52,0xaa,0x00,0x00,0x00,0x00,0x00,0x00,
    0x00,0x00,0x00,0x00,0x00,0x00,0x00,0x00,0x00,0x00,0x52,0xaa,0xff,0xff,0xff,0xff,0xff,0xff,0xff,0xff,0xff,0xff,0xff,0xff,0xff,0xff,0xff,0xff,0x52,0xaa,0x00,0x00,
    0x00,0x00,0x52,0xaa,0xff,0xff,0xff,0xff,0x52,0xaa,0x00,0x00,0x00,0x00,0x52,0xaa,0xff,0xff,0xff,0xff,0x52,0xaa,0x00,0x00,0x00,0x00,0x52,0xaa,0xff,0xff,0xff,0xff,
    0xff,0xff,0xff,0xff,0xff,0xff,0xff,0xff,0xff,0xff,0xff,0xff,0x52,0xaa,0x00,0x00,0x00,0x00,0x52,0xaa,0xff,0xff,0xff,0xff,0xff,0xff,0xff,0xff,0xff,0xff,0xff,0xff,
    0xff,0xff,0xff,0xff,0x52,0xaa,0x00,0x00,0x00,0x00,0x52,0xaa,0xff,0xff,0xff,0xff,0x52,0xaa,0x00,0x00,0x52,0xaa,0x52,0xaa,0xff,0xff,0xff,0xff,0x52,0xaa,0x00,0x00,
    0x00,0x00,0x52,0xaa,0xff,0xff,0xff,0xff,0xff,0xff,0xff,0xff,0xff,0xff,0xff,0xff,0xff,0xff,0xff,0xff,0x52,0xaa,0x00,0x00,0x00,0x00,0x52,0xaa,0xff,0xff,0xff,0xff,
    0x52,0xaa,0x00,0x00,0x00,0x00,0x52,0xaa,0xff,0xff,0xff,0xff,0x52,0xaa,0x00,0x00,0x00,0x00,0x52,0xaa,0xff,0xff,0xff,0xff,0x52,0xaa,0x00,0x00,0x00,0x00,0x52,0xaa,
    0xff,0xff,0xff,0xff,0x52,0xaa,0x00,0x00,0x00,0x00,0x52,0xaa,0xff,0xff,0xff,0xff,0xff,0xff,0xff,0xff,0xff,0xff,0xff,0xff,0xff,0xff,0xff,0xff,0x52,0xaa,0x00,0x00,
    0x00,0x00,0x52,0xaa,0x52,0xaa,0xff,0xff,0xff,0xff,0xff,0xff,0xff,0xff,0xff,0xff,0xff,0xff,0x52,0xaa,0x52,0xaa,0x00,0x00,0x00,0x00,0x52,0xaa,0xff,0xff,0xff,0xff,
    0x52,0xaa,0x00,0x00,0x00,0x00,0x52,0xaa,0xff,0xff,0xff,0xff,0x52,0xaa,0x00,0x00,0x00,0x00,0x52,0xaa,0xff,0xff,0xff,0xff,0xff,0xff,0xff,0xff,0xff,0xff,0xff,0xff,
    0xff,0xff,0x52,0xaa,0x52,0xaa,0x00,0x00,0x00,0x00,0x52,0xaa,0x52,0xaa,0xff,0xff,0xff,0xff,0xff,0xff,0xff,0xff,0xff,0xff,0xff,0xff,0xff,0xff,0x52,0xaa,0x00,0x00,
    0x00,0x00,0x52,0xaa,0xff,0xff,0xff,0xff,0xff,0xff,0xff,0xff,0xff,0xff,0xff,0xff,0xff,0xff,0x52,0xaa,0x52,0xaa,0x00,0x00,0x00,0x00,0x52,0xaa,0x52,0xaa,0xff,0xff,
    0xff,0xff,0xff,0xff,0xff,0xff,0xff,0xff,0xff,0xff,0xff,0xff,0x52,0xaa,0x00,0x00,0x00,0x00,0x52,0xaa,0xff,0xff,0xff,0xff,0x52,0xaa,0x00,0x00,0x00,0x00,0x00,0x00,
    0x00,0x00,0x00,0x00,0x00,0x00,0x00,0x00,0x00,0x00,0x52,0xaa,0x52,0xaa,0xff,0xff,0xff,0xff,0xff,0xff,0xff,0xff,0xff,0xff,0xff,0xff,0xff,0xff,0x52,0xaa,0x00,0x00,
    0x00,0x00,0x52,0xaa,0xff,0xff,0xff,0xff,0x52,0xaa,0x00,0x00,0x00,0x00,0x52,0xaa,0xff,0xff,0xff,0xff,0x52,0xaa,0x00,0x00,0x00,0x00,0x52,0xaa,0xff,0xff,0xff,0xff,
    0xff,0xff,0xff,0xff,0xff,0xff,0xff,0xff,0xff,0xff,0xff,0xff,0x52,0xaa,0x00,0x00,0x00,0x00,0x52,0xaa,0x52,0xaa,0xff,0xff,0xff,0xff,0xff,0xff,0xff,0xff,0xff,0xff,
    0xff,0xff,0x52,0xaa,0x52,0xaa,0x00,0x00,0x00,0x00,0x52,0xaa,0xff,0xff,0xff,0xff,0x52,0xaa,0x00,0x00,0x00,0x00,0x52,0xaa,0xff,0xff,0xff,0xff,0x52,0xaa,0x00,0x00,
    0x00,0x00,0x52,0xaa,0xff,0xff,0xff,0xff,0xff,0xff,0xff,0xff,0xff,0xff,0xff,0xff,0xff,0xff,0xff,0xff,0x52,0xaa,0x00,0x00,0x00,0x00,0x52,0xaa,0xff,0xff,0xff,0xff,
    0x52,0xaa,0x00,0x00,0x00,0x00,0x52,0xaa,0xff,0xff,0xff,0xff,0x52,0xaa,0x00,0x00,0x00,0x00,0x52,0xaa,0xff,0xff,0xff,0xff,0x52,0xaa,0x00,0x00,0x00,0x00,0x52,0xaa,
    0xff,0xff,0xff,0xff,0x52,0xaa,0x00,0x00,0x00,0x00,0x52,0xaa,0x52,0xaa,0xff,0xff,0xff,0xff,0xff,0xff,0xff,0xff,0xff,0xff,0xff,0xff,0x52,0xaa,0x52,0xaa,0x00,0x00,
    0x00,0x00,0x00,0x00,0x52,0xaa,0x52,0xaa,0x52,0xaa,0x52,0xaa,0x52,0xaa,0x52,0xaa,0x52,0xaa,0x52,0xaa,0x00,0x00,0x00,0x00,0x00,0x00,0x52,0xaa,0x52,0xaa,0x52,0xaa,
    0x52,0xaa,0x00,0x00,0x00,0x00,0x52,0xaa,0x52,0xaa,0x52,0xaa,0x52,0xaa,0x00,0x00,0x00,0x00,0x52,0xaa,0x52,0xaa,0x52,0xaa,0x52,0xaa,0x52,0xaa,0x52,0xaa,0x52,0xaa,
    0x52,0xaa,0x52,0xaa,0x00,0x00,0x00,0x00,0x00,0x00,0x00,0x00,0x52,0xaa,0x52,0xaa,0x52,0xaa,0x52,0xaa,0x52,0xaa,0x52,0xaa,0x52,0xaa,0x52,0xaa,0x52,0xaa,0x00,0x00,
    0x00,0x00,0x52,0xaa,0x52,0xaa,0x52,0xaa,0x52,0xaa,0x52,0xaa,0x52,0xaa,0x52,0xaa,0x52,0xaa,0x52,0xaa,0x00,0x00,0x00,0x00,0x00,0x00,0x00,0x00,0x52,0xaa,0x52,0xaa,
    0x52,0xaa,0x52,0xaa,0x52,0xaa,0x52,0xaa,0x52,0xaa,0x52,0xaa,0x52,0xaa,0x00,0x00,0x00,0x00,0x52,0xaa,0x52,0xaa,0x52,0xaa,0x52,0xaa,0x00,0x00,0x00,0x00,0x00,0x00,
    0x00,0x00,0x00,0x00,0x00,0x00,0x00,0x00,0x00,0x00,0x00,0x00,0x52,0xaa,0x52,0xaa,0x52,0xaa,0x52,0xaa,0x52,0xaa,0x52,0xaa,0x52,0xaa,0x52,0xaa,0x52,0xaa,0x00,0x00,
    0x00,0x00,0x52,0xaa,0x52,0xaa,0x52,0xaa,0x52,0xaa,0x00,0x00,0x00,0x00,0x52,0xaa,0x52,0xaa,0x52,0xaa,0x52,0xaa,0x00,0x00,0x00,0x00,0x52,0xaa,0x52,0xaa,0x52,0xaa,
    0x52,0xaa,0x52,0xaa,0x52,0xaa,0x52,0xaa,0x52,0xaa,0x52,0xaa,0x52,0xaa,0x00,0x00,0x00,0x00,0x00,0x00,0x52,0xaa,0x52,0xaa,0x52,0xaa,0x52,0xaa,0x52,0xaa,0x52,0xaa,
    0x52,0xaa,0x52,0xaa,0x00,0x00,0x00,0x00,0x00,0x00,0x52,0xaa,0x52,0xaa,0x52,0xaa,0x52,0xaa,0x00,0x00,0x00,0x00,0x52,0xaa,0x52,0xaa,0x52,0xaa,0x52,0xaa,0x00,0x00,
    0x00,0x00,0x52,0xaa,0x52,0xaa,0x52,0xaa,0x52,0xaa,0x52,0xaa,0x52,0xaa,0x52,0xaa,0x52,0xaa,0x52,0xaa,0x52,0xaa,0x00,0x00,0x00,0x00,0x52,0xaa,0x52,0xaa,0x52,0xaa,
    0x52,0xaa,0x00,0x00,0x00,0x00,0x52,0xaa,0x52,0xaa,0x52,0xaa,0x52,0xaa,0x00,0x00,0x00,0x00,0x52,0xaa,0x52,0xaa,0x52,0xaa,0x52,0xaa,0x00,0x00,0x00,0x00,0x52,0xaa,
    0x52,0xaa,0x52,0xaa,0x52,0xaa,0x00,0x00,0x00,0x00,0x00,0x00,0x52,0xaa,0x52,0xaa,0x52,0xaa,0x52,0xaa,0x52,0xaa,0x52,0xaa,0x52,0xaa,0x52,0xaa,0x00,0x00,0x00,0x00,
    0x00,0x00,0x00,0x00,0x00,0x00,0x00,0x00,0x00,0x00,0x00,0x00,0x00,0x00,0x00,0x00,0x00,0x00,0x00,0x00,0x00,0x00,0x00,0x00,0x00,0x00,0x00,0x00,0x00,0x00,0x00,0x00,
    0x00,0x00,0x00,0x00,0x00,0x00,0x00,0x00,0x00,0x00,0x00,0x00,0x00,0x00,0x00,0x00,0x00,0x00,0x00,0x00,0x00,0x00,0x00,0x00,0x00,0x00,0x00,0x00,0x00,0x00,0x00,0x00,
    0x00,0x00,0x00,0x00,0x00,0x00,0x00,0x00,0x00,0x00,0x00,0x00,0x00,0x00,0x00,0x00,0x00,0x00,0x00,0x00,0x00,0x00,0x00,0x00,0x00,0x00,0x00,0x00,0x00,0x00,0x00,0x00,
    0x00,0x00,0x00,0x00,0x00,0x00,0x00,0x00,0x00,0x00,0x00,0x00,0x00,0x00,0x00,0x00,0x00,0x00,0x00,0x00,0x00,0x00,0x00,0x00,0x00,0x00,0x00,0x00,0x00,0x00,0x00,0x00,
    0x00,0x00,0x00,0x00,0x00,0x00,0x00,0x00,0x00,0x00,0x00,0x00,0x00,0x00,0x00,0x00,0x00,0x00,0x00,0x00,0x00,0x00,0x00,0x00,0x00,0x00,0x00,0x00,0x00,0x00,0x00,0x00,
    0x00,0x00,0x00,0x00,0x00,0x00,0x00,0x00,0x00,0x00,0x00,0x00,0x00,0x00,0x00,0x00,0x00,0x00,0x00,0x00,0x00,0x00,0x00,0x00,0x00,0x00,0x00,0x00,0x00,0x00,0x00,0x00,
    0x00,0x00,0x00,0x00,0x00,0x00,0x00,0x00,0x00,0x00,0x00,0x00,0x00,0x00,0x00,0x00,0x00,0x00,0x00,0x00,0x00,0x00,0x00,0x00,0x00,0x00,0x00,0x00,0x00,0x00,0x00,0x00,
    0x00,0x00,0x00,0x00,0x00,0x00,0x00,0x00,0x00,0x00,0x00,0x00,0x00,0x00,0x00,0x00,0x00,0x00,0x00,0x00,0x00,0x00,0x00,0x00,0x00,0x00,0x00,0x00,0x00,0x00,0x00,0x00,
    0x00,0x00,0x00,0x00,0x00,0x00,0x00,0x00,0x00,0x00,0x00,0x00,0x00,0x00,0x00,0x00,0x00,0x00,0x00,0x00,0x00,0x00,0x00,0x00,0x00,0x00,0x00,0x00,0x00,0x00,0x00,0x00,
    0x00,0x00,0x00,0x00,0x00,0x00,0x00,0x00,0x00,0x00,0x00,0x00,0x00,0x00,0x00,0x00,0x00,0x00,0x00,0x00,0x00,0x00,0x00,0x00,0x00,0x00,0x00,0x00,0x00,0x00,0x00,0x00,
    0x00,0x00,0x00,0x00,0x00,0x00,0x00,0x00,0x00,0x00,0x00,0x00,0x00,0x00,0x00,0x00,0x00,0x00,0x00,0x00,0x00,0x00,0x00,0x00,0x00,0x00,0x00,0x00,0x00,0x00,0x00,0x00,
    0x00,0x00,0x00,0x00,0x00,0x00,0x00,0x00,0x00,0x00,0x00,0x00,0x00,0x00,0x00,0x00,0x00,0x00,0x00,0x00,0x00,0x00,0x00,0x00,0x00,0x00,0x00,0x00,0x00,0x00,0x00,0x00,
    0x00,0x00,0x00,0x00,0x00,0x00,0x00,0x00,0x00,0x00,0x00,0x00,0x00,0x00,0x00,0x00,0x00,0x00,0x00,0x00,0x00,0x00,0x00,0x00,0x00,0x00,0x00,0x00,0x00,0x00,0x00,0x00,
    0x00,0x00,0x00,0x00,0x00,0x00,0x00,0x00,0x00,0x00,0x00,0x00,0x00,0x00,0x00,0x00,0x00,0x00,0x00,0x00,0x00,0x00,0x00,0x00,0x00,0x00,0x00,0x00,0x00,0x00,0x00,0x00,
    0x00,0x00,0x00,0x00,0x00,0x00,0x00,0x00,0x00,0x00,0x00,0x00,0x00,0x00,0x00,0x00,0x00,0x00,0x00,0x00,0x00,0x00,0x00,0x00,0x00,0x00,0x00,0x00,0x00,0x00,0x00,0x00,
    0x00,0x00,0x00,0x00,0x00,0x00,0x00,0x00,0x00,0x00,0x00,0x00,0x00,0x00,0x00,0x00,0x00,0x00,0x00,0x00,0x00,0x00,0x00,0x00,0x00,0x00,0x00,0x00,0x00,0x00,0x00,0x00,
    0x00,0x00,0x00,0x00,0x00,0x00,0x00,0x00,0x00,0x00,0x00,0x00,0x00,0x00,0x00,0x00,0x00,0x00,0x00,0x00,0x00,0x00,0x00,0x00,0x00,0x00,0x00,0x00,0x00,0x00,0x00,0x00,
    0x00,0x00,0x00,0x00,0x00,0x00,0x00,0x00,0x00,0x00,0x00,0x00,0x00,0x00,0x00,0x00,0x00,0x00,0x00,0x00,0x00,0x00,0x00,0x00,0x00,0x00,0x00,0x00,0x00,0x00,0x00,0x00,
    0x00,0x00,0x00,0x00,0x00,0x00,0x00,0x00,0x00,0x00,0x00,0x00,0x00,0x00,0x00,0x00,0x00,0x00,0x00,0x00,0x00,0x00,0x00,0x00,0x00,0x00,0x00,0x00,0x00,0x00,0x00,0x00,
    0x00,0x00,0x00,0x00,0x00,0x00,0x00,0x00,0x00,0x00,0x00,0x00,0x00,0x00,0x00,0x00,0x00,0x00,0x00,0x00,0x00,0x00,0x00,0x00,0x00,0x00,0x00,0x00,0x00,0x00,0x00,0x00,
    0x00,0x00,0x00,0x00,0x00,0x00,0x00,0x00,0x00,0x00,0x00,0x00,0x00,0x00,0x00,0x00,0x00,0x00,0x00,0x00,0x00,0x00,0x00,0x00,0x00,0x00,0x00,0x00,0x00,0x00,0x00,0x00,
    0x00,0x00,0x00,0x00,0x00,0x00,0x00,0x00,0x00,0x00,0x00,0x00,0x00,0x00,0x00,0x00,0x00,0x00,0x00,0x00,0x00,0x00,0x00,0x00,0x00,0x00,0x00,0x00,0x00,0x00,0x00,0x00,
    0x00,0x00,0x00,0x00,0x00,0x00,0x00,0x00,0x00,0x00,0x00,0x00,0x00,0x00,0x00,0x00,0x00,0x00,0x00,0x00,0x00,0x00,0x00,0x00,0x00,0x00,0x00,0x00,0x00,0x00,0x00,0x00,
    0x00,0x00,0x00,0x00,0x00,0x00,0x00,0x00,0x00,0x00,0x00,0x00,0x00,0x00,0x00,0x00,0x00,0x00,0x00,0x00,0x00,0x00,0x00,0x00,0x00,0x00,0x00,0x00,0x00,0x00,0x00,0x00,
    0x00,0x00,0x52,0xaa,0x52,0xaa,0x52,0xaa,0x52,0xaa,0x52,0xaa,0x52,0xaa,0x52,0xaa,0x52,0xaa,0x52,0xaa,0x00,0x00,0x00,0x00,0x00,0x00,0x00,0x00,0x52,0xaa,0x52,0xaa,
    0x52,0xaa,0x52,0xaa,0x52,0xaa,0x52,0xaa,0x52,0xaa,0x52,0xaa,0x00,0x00,0x00,0x00,0x00,0x00,0x52,0xaa,0x52,0xaa,0x52,0xaa,0x52,0xaa,0x52,0xaa,0x52,0xaa,0x52,0xaa,
    0x52,0xaa,0x52,0xaa,0x00,0x00,0x00,0x00,0x00,0x00,0x00,0x00,0x52,0xaa,0x52,0xaa,0x52,0xaa,0x52,0xaa,0x52,0xaa,0x52,0xaa,0x52,0xaa,0x52,0xaa,0x52,0xaa,0x00,0x00,
    0x00,0x00,0x52,0xaa,0x52,0xaa,0x52,0xaa,0x52,0xaa,0x52,0xaa,0x52,0xaa,0x52,0xaa,0x52,0xaa,0x52,0xaa,0x52,0xaa,0x00,0x00,0x00,0x00,0x52,0xaa,0x52,0xaa,0x52,0xaa,
    0x52,0xaa,0x00,0x00,0x00,0x00,0x52,0xaa,0x52,0xaa,0x52,0xaa,0x52,0xaa,0x00,0x00,0x00,0x00,0x52,0xaa,0x52,0xaa,0x52,0xaa,0x52,0xaa,0x00,0x00,0x00,0x00,0x52,0xaa,
    0x52,0xaa,0x52,0xaa,0x52,0xaa,0x00,0x00,0x00,0x00,0x52,0xaa,0x52,0xaa,0x52,0xaa,0x52,0xaa,0x00,0x00,0x00,0x00,0x52,0xaa,0x52,0xaa,0x52,0xaa,0x52,0xaa,0x00,0x00,
    0x00,0x00,0x52,0xaa,0x52,0xaa,0x52,0xaa,0x52,0xaa,0x00,0x00,0x00,0x00,0x52,0xaa,0x52,0xaa,0x52,0xaa,0x52,0xaa,0x00,0x00,0x00,0x00,0x52,0xaa,0x52,0xaa,0x52,0xaa,
    0x52,0xaa,0x00,0x00,0x00,0x00,0x52,0xaa,0x52,0xaa,0x52,0xaa,0x52,0xaa,0x00,0x00,0x00,0x00,0x52,0xaa,0x52,0xaa,0x52,0xaa,0x52,0xaa,0x52,0xaa,0x52,0xaa,0x52,0xaa,
    0x52,0xaa,0x52,0xaa,0x52,0xaa,0x00,0x00,0x00,0x00,0x00,0x00,0x00,0x00,0x00,0x00,0x00,0x00,0x00,0x00,0x52,0xaa,0x52,0xaa,0x52,0xaa,0x52,0xaa,0x00,0x00,0x00,0x00,
    0x00,0x00,0x00,0x00,0x00,0x00,0x00,0x00,0x00,0x00,0x00,0x00,0x00,0x00,0x00,0x00,0x00,0x00,0x00,0x00,0x00,0x00,0x00,0x00,0x00,0x00,0x00,0x00,0x52,0xaa,0x52,0xaa,
    0x52,0xaa,0x52,0xaa,0x00,0x00,0x00,0x00,0x00,0x00,0x00,0x00,0x00,0x00,0x00,0x00,0x00,0x00,0x00,0x00,0x00,0x00,0x00,0x00,0x00,0x00,0x00,0x00,0x00,0x00,0x00,0x00,
    0x00,0x00,0x00,0x00,0x00,0x00,0x00,0x00,0x00,0x00,0x00,0x00,0x00,0x00,0x00,0x00,0x00,0x00,0x00,0x00,0x00,0x00,0x00,0x00,0x00,0x00,0x00,0x00,0x00,0x00,0x00,0x00,
    0x00,0x00,0x52,0xaa,0xff,0xff,0xff,0xff,0xff,0xff,0xff,0xff,0xff,0xff,0xff,0xff,0xff,0xff,0x52,0xaa,0x52,0xaa,0x00,0x00,0x00,0x00,0x52,0xaa,0x52,0xaa,0xff,0xff,
    0xff,0xff,0xff,0xff,0xff,0xff,0xff,0xff,0xff,0xff,0x52,0xaa,0x52,0xaa,0x00,0x00,0x00,0x00,0x52,0xaa,0xff,0xff,0xff,0xff,0xff,0xff,0xff,0xff,0xff,0xff,0xff,0xff,
    0xff,0xff,0x52,0xaa,0x52,0xaa,0x00,0x00,0x00,0x00,0x52,0xaa,0x52,0xaa,0xff,0xff,0xff,0xff,0xff,0xff,0xff,0xff,0xff,0xff,0xff,0xff,0xff,0xff,0x52,0xaa,0x00,0x00,
    0x00,0x00,0x52,0xaa,0xff,0xff,0xff,0xff,0xff,0xff,0xff,0xff,0xff,0xff,0xff,0xff,0xff,0xff,0xff,0xff,0x52,0xaa,0x00,0x00,0x00,0x00,0x52,0xaa,0xff,0xff,0xff,0xff,
    0x52,0xaa,0x00,0x00,0x00,0x00,0x52,0xaa,0xff,0xff,0xff,0xff,0x52,0xaa,0x00,0x00,0x00,0x00,0x52,0xaa,0xff,0xff,0xff,0xff,0x52,0xaa,0x00,0x00,0x00,0x00,0x52,0xaa,
    0xff,0xff,0xff,0xff,0x52,0xaa,0x00,0x00,0x00,0x00,0x52,0xaa,0xff,0xff,0xff,0xff,0x52,0xaa,0x00,0x00,0x00,0x00,0x52,0xaa,0xff,0xff,0xff,0xff,0x52,0xaa,0x00,0x00,
    0x00,0x00,0x52,0xaa,0xff,0xff,0xff,0xff,0x52,0xaa,0x00,0x00,0x00,0x00,0x52,0xaa,0xff,0xff,0xff,0xff,0x52,0xaa,0x00,0x00,0x00,0x00,0x52,0xaa,0xff,0xff,0xff,0xff,
    0x52,0xaa,0x00,0x00,0x00,0x00,0x52,0xaa,0xff,0xff,0xff,0xff,0x52,0xaa,0x00,0x00,0x00,0x00,0x52,0xaa,0xff,0xff,0xff,0xff,0xff,0xff,0xff,0xff,0xff,0xff,0xff,0xff,
    0xff,0xff,0xff,0xff,0x52,0xaa,0x00,0x00,0x00,0x00,0x00,0x00,0x00,0x00,0x00,0x00,0x00,0x00,0x00,0x00,0x52,0xaa,0xff,0xff,0xff,0xff,0x52,0xaa,0x00,0x00,0x00,0x00,
    0x00,0x00,0x00,0x00,0x52,0xaa,0x52,0xaa,0x52,0xaa,0x52,0xaa,0x52,0xaa,0x52,0xaa,0x52,0xaa,0x00,0x00,0x00,0x00,0x00,0x00,0x00,0x00,0x00,0x00,0x52,0xaa,0xff,0xff,
    0xff,0xff,0x52,0xaa,0x00,0x00,0x00,0x00,0x00,0x00,0x00,0x00,0x00,0x00,0x00,0x00,0x00,0x00,0x00,0x00,0x00,0x00,0x00,0x00,0x00,0x00,0x00,0x00,0x00,0x00,0x00,0x00,
    0x00,0x00,0x00,0x00,0x00,0x00,0x00,0x00,0x00,0x00,0x00,0x00,0x00,0x00,0x00,0x00,0x00,0x00,0x00,0x00,0x00,0x00,0x00,0x00,0x00,0x00,0x00,0x00,0x00,0x00,0x00,0x00,
    0x00,0x00,0x52,0xaa,0xff,0xff,0xff,0xff,0xff,0xff,0xff,0xff,0xff,0xff,0xff,0xff,0xff,0xff,0xff,0xff,0x52,0xaa,0x00,0x00,0x00,0x00,0x52,0xaa,0xff,0xff,0xff,0xff,
    0xff,0xff,0xff,0xff,0xff,0xff,0xff,0xff,0xff,0xff,0xff,0xff,0x52,0xaa,0x00,0x00,0x00,0x00,0x52,0xaa,0xff,0xff,0xff,0xff,0xff,0xff,0xff,0xff,0xff,0xff,0xff,0xff,
    0xff,0xff,0xff,0xff,0x52,0xaa,0x00,0x00,0x00,0x00,0x52,0xaa,0xff,0xff,0xff,0xff,0xff,0xff,0xff,0xff,0xff,0xff,0xff,0xff,0xff,0xff,0xff,0xff,0x52,0xaa,0x00,0x00,
    0x00,0x00,0x52,0xaa,0xff,0xff,0xff,0xff,0xff,0xff,0xff,0xff,0xff,0xff,0xff,0xff,0xff,0xff,0xff,0xff,0x52,0xaa,0x00,0x00,0x00,0x00,0x52,0xaa,0xff,0xff,0xff,0xff,
    0x52,0xaa,0x00,0x00,0x00,0x00,0x52,0xaa,0xff,0xff,0xff,0xff,0x52,0xaa,0x00,0x00,0x00,0x00,0x52,0xaa,0xff,0xff,0xff,0xff,0x52,0xaa,0x00,0x00,0x00,0x00,0x52,0xaa,
    0xff,0xff,0xff,0xff,0x52,0xaa,0x00,0x00,0x00,0x00,0x52,0xaa,0xff,0xff,0xff,0xff,0x52,0xaa,0x00,0x00,0x00,0x00,0x52,0xaa,0xff,0xff,0xff,0xff,0x52,0xaa,0x00,0x00,
    0x00,0x00,0x52,0xaa,0xff,0xff,0xff,0xff,0x52,0xaa,0x52,0xaa,0x52,0xaa,0x52,0xaa,0xff,0xff,0xff,0xff,0x52,0xaa,0x00,0x00,0x00,0x00,0x52,0xaa,0xff,0xff,0xff,0xff,
    0x52,0xaa,0x52,0xaa,0x52,0xaa,0x52,0xaa,0xff,0xff,0xff,0xff,0x52,0xaa,0x00,0x00,0x00,0x00,0x52,0xaa,0xff,0xff,0xff,0xff,0xff,0xff,0xff,0xff,0xff,0xff,0xff,0xff,
    0xff,0xff,0xff,0xff,0x52,0xaa,0x00,0x00,0x00,0x00,0x00,0x00,0x00,0x00,0x00,0x00,0x00,0x00,0x00,0x00,0x52,0xaa,0xff,0xff,0x52,0xaa,0x52,0xaa,0x00,0x00,0x00,0x00,
    0x00,0x00,0x52,0xaa,0x52,0xaa,0xff,0xff,0xff,0xff,0xff,0xff,0xff,0xff,0xff,0xff,0x52,0xaa,0x52,0xaa,0x00,0x00,0x00,0x00,0x00,0x00,0x00,0x00,0x52,0xaa,0x52,0xaa,
    0xff,0xff,0x52,0xaa,0x00,0x00,0x00,0x00,0x00,0x00,0x00,0x00,0x00,0x00,0x00,0x00,0x00,0x00,0x00,0x00,0x00,0x00,0x00,0x00,0x00,0x00,0x00,0x00,0x00,0x00,0x00,0x00,
    0x00,0x00,0x00,0x00,0x00,0x00,0x00,0x00,0x00,0x00,0x00,0x00,0x00,0x00,0x00,0x00,0x00,0x00,0x00,0x00,0x00,0x00,0x00,0x00,0x00,0x00,0x00,0x00,0x00,0x00,0x00,0x00,
    0x00,0x00,0x52,0xaa,0xff,0xff,0xff,0xff,0x52,0xaa,0x52,0xaa,0x52,0xaa,0x52,0xaa,0xff,0xff,0xff,0xff,0x52,0xaa,0x00,0x00,0x00,0x00,0x52,0xaa,0xff,0xff,0xff,0xff,
    0x52,0xaa,0x52,0xaa,0x52,0xaa,0x52,0xaa,0xff,0xff,0xff,0xff,0x52,0xaa,0x00,0x00,0x00,0x00,0x52,0xaa,0xff,0xff,0xff,0xff,0x52,0xaa,0x52,0xaa,0x52,0xaa,0x52,0xaa,
    0xff,0xff,0xff,0xff,0x52,0xaa,0x00,0x00,0x00,0x00,0x52,0xaa,0xff,0xff,0xff,0xff,0x52,0xaa,0x52,0xaa,0x52,0xaa,0x52,0xaa,0x52,0xaa,0x52,0xaa,0x52,0xaa,0x00,0x00,
    0x00,0x00,0x52,0xaa,0x52,0xaa,0x52,0xaa,0x52,0xaa,0xff,0xff,0xff,0xff,0x52,0xaa,0x52,0xaa,0x52,0xaa,0x52,0xaa,0x00,0x00,0x00,0x00,0x52,0xaa,0xff,0xff,0xff,0xff,
    0x52,0xaa,0x00,0x00,0x00,0x00,0x52,0xaa,0xff,0xff,0xff,0xff,0x52,0xaa,0x00,0x00,0x00,0x00,0x52,0xaa,0xff,0xff,0xff,0xff,0x52,0xaa,0x00,0x00,0x00,0x00,0x52,0xaa,
    0xff,0xff,0xff,0xff,0x52,0xaa,0x00,0x00,0x00,0x00,0x52,0xaa,0xff,0xff,0xff,0xff,0x52,0xaa,0x00,0x00,0x00,0x00,0x52,0xaa,0xff,0xff,0xff,0xff,0x52,0xaa,0x00,0x00,
    0x00,0x00,0x52,0xaa,0xff,0xff,0xff,0xff,0xff,0xff,0x52,0xaa,0x52,0xaa,0xff,0xff,0xff,0xff,0xff,0xff,0x52,0xaa,0x00,0x00,0x00,0x00,0x52,0xaa,0xff,0xff,0xff,0xff,
    0xff,0xff,0x52,0xaa,0x52,0xaa,0xff,0xff,0xff,0xff,0xff,0xff,0x52,0xaa,0x00,0x00,0x00,0x00,0x52,0xaa,0xff,0xff,0xff,0xff,0xff,0xff,0x52,0xaa,0x52,0xaa,0x52,0xaa,
    0x52,0xaa,0x52,0xaa,0x52,0xaa,0x00,0x00,0x00,0x00,0x00,0x00,0x00,0x00,0x00,0x00,0x00,0x00,0x00,0x00,0x52,0xaa,0xff,0xff,0x52,0xaa,0x00,0x00,0x00,0x00,0x00,0x00,
    0x00,0x00,0x52,0xaa,0xff,0xff,0xff,0xff,0xff,0xff,0xff,0xff,0xff,0xff,0xff,0xff,0xff,0xff,0x52,0xaa,0x00,0x00,0x00,0x00,0x00,0x00,0x00,0x00,0x00,0x00,0x52,0xaa,
    0xff,0xff,0x52,0xaa,0x00,0x00,0x00,0x00,0x00,0x00,0x00,0x00,0x00,0x00,0x00,0x00,0x00,0x00,0x00,0x00,0x00,0x00,0x00,0x00,0x00,0x00,0x00,0x00,0x00,0x00,0x00,0x00,
    0x00,0x00,0x00,0x00,0x00,0x00,0x00,0x00,0x00,0x00,0x00,0x00,0x00,0x00,0x00,0x00,0x00,0x00,0x00,0x00,0x00,0x00,0x00,0x00,0x00,0x00,0x00,0x00,0x00,0x00,0x00,0x00,
    0x00,0x00,0x52,0xaa,0xff,0xff,0xff,0xff,0x52,0xaa,0x52,0xaa,0x52,0xaa,0x52,0xaa,0xff,0xff,0xff,0xff,0x52,0xaa,0x00,0x00,0x00,0x00,0x52,0xaa,0xff,0xff,0xff,0xff,
    0x52,0xaa,0x00,0x00,0x00,0x00,0x52,0xaa,0xff,0xff,0xff,0xff,0x52,0xaa,0x00,0x00,0x00,0x00,0x52,0xaa,0xff,0xff,0xff,0xff,0x52,0xaa,0xff,0xff,0xff,0xff,0xff,0xff,
    0xff,0xff,0xff,0xff,0x52,0xaa,0x00,0x00,0x00,0x00,0x52,0xaa,0xff,0xff,0xff,0xff,0xff,0xff,0xff,0xff,0xff,0xff,0xff,0xff,0xff,0xff,0xff,0xff,0x52,0xaa,0x00,0x00,
    0x00,0x00,0x00,0x00,0x00,0x00,0x00,0x00,0x52,0xaa,0xff,0xff,0xff,0xff,0x52,0xaa,0x00,0x00,0x00,0x00,0x00,0x00,0x00,0x00,0x00,0x00,0x52,0xaa,0xff,0xff,0xff,0xff,
    0x52,0xaa,0x00,0x00,0x00,0x00,0x52,0xaa,0xff,0xff,0xff,0xff,0x52,0xaa,0x00,0x00,0x00,0x00,0x52,0xaa,0xff,0xff,0xff,0xff,0x52,0xaa,0x00,0x00,0x00,0x00,0x52,0xaa,
    0xff,0xff,0xff,0xff,0x52,0xaa,0x00,0x00,0x00,0x00,0x52,0xaa,0xff,0xff,0xff,0xff,0x52,0xaa,0x52,0xaa,0x52,0xaa,0x52,0xaa,0xff,0xff,0xff,0xff,0x52,0xaa,0x00,0x00,
    0x00,0x00,0x52,0xaa,0x52,0xaa,0xff,0xff,0xff,0xff,0xff,0xff,0xff,0xff,0xff,0xff,0xff,0xff,0x52,0xaa,0x52,0xaa,0x00,0x00,0x00,0x00,0x52,0xaa,0x52,0xaa,0xff,0xff,
    0xff,0xff,0xff,0xff,0xff,0xff,0xff,0xff,0xff,0xff,0x52,0xaa,0x52,0xaa,0x00,0x00,0x00,0x00,0x52,0xaa,0x52,0xaa,0xff,0xff,0xff,0xff,0xff,0xff,0xff,0xff,0xff,0xff,
    0x52,0xaa,0x52,0xaa,0x00,0x00,0x00,0x00,0x00,0x00,0x00,0x00,0x00,0x00,0x00,0x00,0x00,0x00,0x00,0x00,0x52,0xaa,0xff,0xff,0x52,0xaa,0x00,0x00,0x00,0x00,0x00,0x00,
    0x00,0x00,0x52,0xaa,0xff,0xff,0x52,0xaa,0x52,0xaa,0xff,0xff,0x52,0xaa,0x52,0xaa,0xff,0xff,0x52,0xaa,0x00,0x00,0x00,0x00,0x00,0x00,0x00,0x00,0x00,0x00,0x52,0xaa,
    0xff,0xff,0x52,0xaa,0x00,0x00,0x00,0x00,0x00,0x00,0x00,0x00,0x00,0x00,0x00,0x00,0x00,0x00,0x00,0x00,0x00,0x00,0x00,0x00,0x00,0x00,0x00,0x00,0x00,0x00,0x00,0x00,
    0x00,0x00,0x00,0x00,0x00,0x00,0x00,0x00,0x00,0x00,0x00,0x00,0x00,0x00,0x00,0x00,0x00,0x00,0x00,0x00,0x00,0x00,0x00,0x00,0x00,0x00,0x00,0x00,0x00,0x00,0x00,0x00,
    0x00,0x00,0x52,0xaa,0xff,0xff,0xff,0xff,0x52,0xaa,0xff,0xff,0xff,0xff,0xff,0xff,0xff,0xff,0xff,0xff,0x52,0xaa,0x00,0x00,0x00,0x00,0x52,0xaa,0xff,0xff,0xff,0xff,
    0x52,0xaa,0x00,0x00,0x00,0x00,0x52,0xaa,0xff,0xff,0xff,0xff,0x52,0xaa,0x00,0x00,0x00,0x00,0x52,0xaa,0xff,0xff,0xff,0xff,0x52,0xaa,0xff,0xff,0xff,0xff,0xff,0xff,
    0xff,0xff,0xff,0xff,0x52,0xaa,0x00,0x00,0x00,0x00,0x52,0xaa,0xff,0xff,0xff,0xff,0xff,0xff,0xff,0xff,0xff,0xff,0xff,0xff,0xff,0xff,0xff,0xff,0x52,0xaa,0x00,0x00,
    0x00,0x00,0x00,0x00,0x00,0x00,0x00,0x00,0x52,0xaa,0xff,0xff,0xff,0xff,0x52,0xaa,0x00,0x00,0x00,0x00,0x00,0x00,0x00,0x00,0x00,0x00,0x52,0xaa,0xff,0xff,0xff,0xff,
    0x52,0xaa,0x00,0x00,0x00,0x00,0x52,0xaa,0xff,0xff,0xff,0xff,0x52,0xaa,0x00,0x00,0x00,0x00,0x52,0xaa,0xff,0xff,0xff,0xff,0x52,0xaa,0x52,0xaa,0x52,0xaa,0x52,0xaa,
    0xff,0xff,0xff,0xff,0x52,0xaa,0x00,0x00,0x00,0x00,0x52,0xaa,0xff,0xff,0xff,0xff,0x52,0xaa,0xff,0xff,0xff,0xff,0x52,0xaa,0xff,0xff,0xff,0xff,0x52,0xaa,0x00,0x00,
    0x00,0x00,0x52,0xaa,0x52,0xaa,0xff,0xff,0xff,0xff,0xff,0xff,0xff,0xff,0xff,0xff,0xff,0xff,0x52,0xaa,0x52,0xaa,0x00,0x00,0x00,0x00,0x00,0x00,0x52,0xaa,0x52,0xaa,
    0xff,0xff,0xff,0xff,0xff,0xff,0xff,0xff,0x52,0xaa,0x52,0xaa,0x00,0x00,0x00,0x00,0x00,0x00,0x00,0x00,0x52,0xaa,0x52,0xaa,0xff,0xff,0xff,0xff,0xff,0xff,0xff,0xff,
    0xff,0xff,0x52,0xaa,0x52,0xaa,0x00,0x00,0x00,0x00,0x00,0x00,0x00,0x00,0x00,0x00,0x00,0x00,0x00,0x00,0x52,0xaa,0xff,0xff,0x52,0xaa,0x00,0x00,0x00,0x00,0x00,0x00,
    0x00,0x00,0x52,0xaa,0xff,0xff,0x00,0x00,0x52,0xaa,0xff,0xff,0x00,0x00,0x52,0xaa,0xff,0xff,0x52,0xaa,0x00,0x00,0x00,0x00,0x00,0x00,0x00,0x00,0x00,0x00,0x52,0xaa,
    0xff,0xff,0x52,0xaa,0x00,0x00,0x00,0x00,0x00,0x00,0x00,0x00,0x00,0x00,0x00,0x00,0x00,0x00,0x00,0x00,0x00,0x00,0x00,0x00,0x00,0x00,0x00,0x00,0x00,0x00,0x00,0x00,
    0x00,0x00,0x00,0x00,0x00,0x00,0x00,0x00,0x00,0x00,0x00,0x00,0x00,0x00,0x00,0x00,0x00,0x00,0x00,0x00,0x00,0x00,0x00,0x00,0x00,0x00,0x00,0x00,0x00,0x00,0x00,0x00,
    0x00,0x00,0x52,0xaa,0xff,0xff,0xff,0xff,0x52,0xaa,0xff,0xff,0xff,0xff,0xff,0xff,0xff,0xff,0x52,0xaa,0x52,0xaa,0x00,0x00,0x00,0x00,0x52,0xaa,0xff,0xff,0xff,0xff,
    0x52,0xaa,0x52,0xaa,0x52,0xaa,0x52,0xaa,0xff,0xff,0xff,0xff,0x52,0xaa,0x00,0x00,0x00,0x00,0x52,0xaa,0xff,0xff,0xff,0xff,0x52,0xaa,0x52,0xaa,0x52,0xaa,0x52,0xaa,
    0xff,0xff,0xff,0xff,0x52,0xaa,0x00,0x00,0x00,0x00,0x52,0xaa,0x52,0xaa,0x52,0xaa,0x52,0xaa,0x52,0xaa,0x52,0xaa,0x52,0xaa,0xff,0xff,0xff,0xff,0x52,0xaa,0x00,0x00,
    0x00,0x00,0x00,0x00,0x00,0x00,0x00,0x00,0x52,0xaa,0xff,0xff,0xff,0xff,0x52,0xaa,0x00,0x00,0x00,0x00,0x00,0x00,0x00,0x00,0x00,0x00,0x52,0xaa,0xff,0xff,0xff,0xff,
    0x52,0xaa,0x52,0xaa,0x52,0xaa,0x52,0xaa,0xff,0xff,0xff,0xff,0x52,0xaa,0x00,0x00,0x00,0x00,0x52,0xaa,0xff,0xff,0xff,0xff,0xff,0xff,0x52,0xaa,0x52,0xaa,0xff,0xff,
    0xff,0xff,0xff,0xff,0x52,0xaa,0x00,0x00,0x00,0x00,0x52,0xaa,0xff,0xff,0xff,0xff,0x52,0xaa,0xff,0xff,0xff,0xff,0x52,0xaa,0xff,0xff,0xff,0xff,0x52,0xaa,0x00,0x00,
    0x00,0x00,0x52,0xaa,0xff,0xff,0xff,0xff,0xff,0xff,0x52,0xaa,0x52,0xaa,0xff,0xff,0xff,0xff,0xff,0xff,0x52,0xaa,0x00,0x00,0x00,0x00,0x00,0x00,0x00,0x00,0x52,0xaa,
    0x52,0xaa,0xff,0xff,0xff,0xff,0x52,0xaa,0x52,0xaa,0x00,0x00,0x00,0x00,0x00,0x00,0x00,0x00,0x52,0xaa,0x52,0xaa,0x52,0xaa,0x52,0xaa,0x52,0xaa,0x52,0xaa,0xff,0xff,
    0xff,0xff,0xff,0xff,0x52,0xaa,0x00,0x00,0x00,0x00,0x00,0x00,0x00,0x00,0x00,0x00,0x00,0x00,0x00,0x00,0x52,0xaa,0xff,0xff,0x52,0xaa,0x00,0x00,0x00,0x00,0x00,0x00,
    0x00,0x00,0x52,0xaa,0xff,0xff,0xff,0xff,0xff,0xff,0xff,0xff,0xff,0xff,0xff,0xff,0xff,0xff,0x52,0xaa,0x00,0x00,0x00,0x00,0x00,0x00,0x00,0x00,0x00,0x00,0x52,0xaa,
    0xff,0xff,0x52,0xaa,0x00,0x00,0x00,0x00,0x00,0x00,0x00,0x00,0x00,0x00,0x00,0x00,0x00,0x00,0x00,0x00,0x00,0x00,0x00,0x00,0x00,0x00,0x00,0x00,0x00,0x00,0x00,0x00,
    0x00,0x00,0x00,0x00,0x00,0x00,0x00,0x00,0x00,0x00,0x00,0x00,0x00,0x00,0x00,0x00,0x00,0x00,0x00,0x00,0x00,0x00,0x00,0x00,0x00,0x00,0x00,0x00,0x00,0x00,0x00,0x00,
    0x00,0x00,0x52,0xaa,0xff,0xff,0xff,0xff,0x52,0xaa,0x52,0xaa,0x52,0xaa,0x52,0xaa,0x52,0xaa,0x52,0xaa,0x00,0x00,0x00,0x00,0x00,0x00,0x52,0xaa,0xff,0xff,0xff,0xff,
    0xff,0xff,0xff,0xff,0xff,0xff,0x52,0xaa,0xff,0xff,0xff,0xff,0x52,0xaa,0x00,0x00,0x00,0x00,0x52,0xaa,0xff,0xff,0xff,0xff,0x52,0xaa,0x00,0x00,0x00,0x00,0x52,0xaa,
    0xff,0xff,0xff,0xff,0x52,0xaa,0x00,0x00,0x00,0x00,0x52,0xaa,0xff,0xff,0xff,0xff,0xff,0xff,0xff,0xff,0xff,0xff,0xff,0xff,0xff,0xff,0xff,0xff,0x52,0xaa,0x00,0x00,
    0x00,0x00,0x00,0x00,0x00,0x00,0x00,0x00,0x52,0xaa,0xff,0xff,0xff,0xff,0x52,0xaa,0x00,0x00,0x00,0x00,0x00,0x00,0x00,0x00,0x00,0x00,0x52,0xaa,0xff,0xff,0xff,0xff,
    0xff,0xff,0xff,0xff,0xff,0xff,0xff,0xff,0xff,0xff,0xff,0xff,0x52,0xaa,0x00,0x00,0x00,0x00,0x52,0xaa,0x52,0xaa,0xff,0xff,0xff,0xff,0xff,0xff,0xff,0xff,0xff,0xff,
    0xff,0xff,0x52,0xaa,0x52,0xaa,0x00,0x00,0x00,0x00,0x52,0xaa,0xff,0xff,0xff,0xff,0xff,0xff,0xff,0xff,0xff,0xff,0xff,0xff,0xff,0xff,0xff,0xff,0x52,0xaa,0x00,0x00,
    0x00,0x00,0x52,0xaa,0xff,0xff,0xff,0xff,0x52,0xaa,0x52,0xaa,0x52,0xaa,0x52,0xaa,0xff,0xff,0xff,0xff,0x52,0xaa,0x00,0x00,0x00,0x00,0x00,0x00,0x00,0x00,0x00,0x00,
    0x52,0xaa,0xff,0xff,0xff,0xff,0x52,0xaa,0x00,0x00,0x00,0x00,0x00,0x00,0x00,0x00,0x00,0x00,0x52,0xaa,0xff,0xff,0xff,0xff,0xff,0xff,0xff,0xff,0xff,0xff,0xff,0xff,
    0xff,0xff,0xff,0xff,0x52,0xaa,0x00,0x00,0x00,0x00,0x00,0x00,0x00,0x00,0x00,0x00,0x00,0x00,0x00,0x00,0x52,0xaa,0xff,0xff,0x52,0xaa,0x52,0xaa,0x00,0x00,0x00,0x00,
    0x00,0x00,0x52,0xaa,0x52,0xaa,0xff,0xff,0xff,0xff,0xff,0xff,0xff,0xff,0xff,0xff,0x52,0xaa,0x52,0xaa,0x00,0x00,0x00,0x00,0x00,0x00,0x00,0x00,0x52,0xaa,0x52,0xaa,
    0xff,0xff,0x52,0xaa,0x00,0x00,0x00,0x00,0x00,0x00,0x00,0x00,0x00,0x00,0x00,0x00,0x00,0x00,0x00,0x00,0x00,0x00,0x00,0x00,0x00,0x00,0x00,0x00,0x00,0x00,0x00,0x00,
    0x00,0x00,0x00,0x00,0x00,0x00,0x00,0x00,0x00,0x00,0x00,0x00,0x00,0x00,0x00,0x00,0x00,0x00,0x00,0x00,0x00,0x00,0x00,0x00,0x00,0x00,0x00,0x00,0x00,0x00,0x00,0x00,
    0x00,0x00,0x52,0xaa,0xff,0xff,0xff,0xff,0x52,0xaa,0x00,0x00,0x00,0x00,0x00,0x00,0x00,0x00,0x00,0x00,0x00,0x00,0x00,0x00,0x00,0x00,0x52,0xaa,0x52,0xaa,0xff,0xff,
    0xff,0xff,0xff,0xff,0xff,0xff,0x52,0xaa,0xff,0xff,0xff,0xff,0x52,0xaa,0x00,0x00,0x00,0x00,0x52,0xaa,0xff,0xff,0xff,0xff,0x52,0xaa,0x00,0x00,0x00,0x00,0x52,0xaa,
    0xff,0xff,0xff,0xff,0x52,0xaa,0x00,0x00,0x00,0x00,0x52,0xaa,0xff,0xff,0xff,0xff,0xff,0xff,0xff,0xff,0xff,0xff,0xff,0xff,0xff,0xff,0x52,0xaa,0x52,0xaa,0x00,0x00,
    0x00,0x00,0x00,0x00,0x00,0x00,0x00,0x00,0x52,0xaa,0xff,0xff,0xff,0xff,0x52,0xaa,0x00,0x00,0x00,0x00,0x00,0x00,0x00,0x00,0x00,0x00,0x52,0xaa,0xff,0xff,0xff,0xff,
    0xff,0xff,0xff,0xff,0xff,0xff,0xff,0xff,0xff,0xff,0xff,0xff,0x52,0xaa,0x00,0x00,0x00,0x00,0x00,0x00,0x52,0xaa,0x52,0xaa,0xff,0xff,0xff,0xff,0xff,0xff,0xff,0xff,
    0x52,0xaa,0x52,0xaa,0x00,0x00,0x00,0x00,0x00,0x00,0x52,0xaa,0x52,0xaa,0xff,0xff,0xff,0xff,0xff,0xff,0xff,0xff,0xff,0xff,0xff,0xff,0x52,0xaa,0x52,0xaa,0x00,0x00,
    0x00,0x00,0x52,0xaa,0xff,0xff,0xff,0xff,0x52,0xaa,0x00,0x00,0x00,0x00,0x52,0xaa,0xff,0xff,0xff,0xff,0x52,0xaa,0x00,0x00,0x00,0x00,0x00,0x00,0x00,0x00,0x00,0x00,
    0x52,0xaa,0xff,0xff,0xff,0xff,0x52,0xaa,0x00,0x00,0x00,0x00,0x00,0x00,0x00,0x00,0x00,0x00,0x52,0xaa,0xff,0xff,0xff,0xff,0xff,0xff,0xff,0xff,0xff,0xff,0xff,0xff,
    0xff,0xff,0xff,0xff,0x52,0xaa,0x00,0x00,0x00,0x00,0x00,0x00,0x00,0x00,0x00,0x00,0x00,0x00,0x00,0x00,0x52,0xaa,0xff,0xff,0xff,0xff,0x52,0xaa,0x00,0x00,0x00,0x00,
    0x00,0x00,0x00,0x00,0x52,0xaa,0x52,0xaa,0x52,0xaa,0x52,0xaa,0x52,0xaa,0x52,0xaa,0x52,0xaa,0x00,0x00,0x00,0x00,0x00,0x00,0x00,0x00,0x00,0x00,0x52,0xaa,0xff,0xff,
    0xff,0xff,0x52,0xaa,0x00,0x00,0x00,0x00,0x00,0x00,0x00,0x00,0x00,0x00,0x00,0x00,0x00,0x00,0x00,0x00,0x00,0x00,0x00,0x00,0x00,0x00,0x00,0x00,0x00,0x00,0x00,0x00,
    0x00,0x00,0x00,0x00,0x00,0x00,0x00,0x00,0x00,0x00,0x00,0x00,0x00,0x00,0x00,0x00,0x00,0x00,0x00,0x00,0x00,0x00,0x00,0x00,0x00,0x00,0x00,0x00,0x00,0x00,0x00,0x00,
    0x00,0x00,0x52,0xaa,0x52,0xaa,0x52,0xaa,0x52,0xaa,0x00,0x00,0x00,0x00,0x00,0x00,0x00,0x00,0x00,0x00,0x00,0x00,0x00,0x00,0x00,0x00,0x00,0x00,0x52,0xaa,0x52,0xaa,
    0x52,0xaa,0x52,0xaa,0x52,0xaa,0x52,0xaa,0x52,0xaa,0x52,0xaa,0x52,0xaa,0x00,0x00,0x00,0x00,0x52,0xaa,0x52,0xaa,0x52,0xaa,0x52,0xaa,0x00,0x00,0x00,0x00,0x52,0xaa,
    0x52,0xaa,0x52,0xaa,0x52,0xaa,0x00,0x00,0x00,0x00,0x52,0xaa,0x52,0xaa,0x52,0xaa,0x52,0xaa,0x52,0xaa,0x52,0xaa,0x52,0xaa,0x52,0xaa,0x52,0xaa,0x00,0x00,0x00,0x00,
    0x00,0x00,0x00,0x00,0x00,0x00,0x00,0x00,0x52,0xaa,0x52,0xaa,0x52,0xaa,0x52,0xaa,0x00,0x00,0x00,0x00,0x00,0x00,0x00,0x00,0x00,0x00,0x52,0xaa,0x52,0xaa,0x52,0xaa,
    0x52,0xaa,0x52,0xaa,0x52,0xaa,0x52,0xaa,0x52,0xaa,0x52,0xaa,0x52,0xaa,0x00,0x00,0x00,0x00,0x00,0x00,0x00,0x00,0x52,0xaa,0x52,0xaa,0x52,0xaa,0x52,0xaa,0x52,0xaa,
    0x52,0xaa,0x00,0x00,0x00,0x00,0x00,0x00,0x00,0x00,0x00,0x00,0x52,0xaa,0x52,0xaa,0x52,0xaa,0x52,0xaa,0x52,0xaa,0x52,0xaa,0x52,0xaa,0x52,0xaa,0x00,0x00,0x00,0x00,
    0x00,0x00,0x52,0xaa,0x52,0xaa,0x52,0xaa,0x52,0xaa,0x00,0x00,0x00,0x00,0x52,0xaa,0x52,0xaa,0x52,0xaa,0x52,0xaa,0x00,0x00,0x00,0x00,0x00,0x00,0x00,0x00,0x00,0x00,
    0x52,0xaa,0x52,0xaa,0x52,0xaa,0x52,0xaa,0x00,0x00,0x00,0x00,0x00,0x00,0x00,0x00,0x00,0x00,0x52,0xaa,0x52,0xaa,0x52,0xaa,0x52,0xaa,0x52,0xaa,0x52,0xaa,0x52,0xaa,
    0x52,0xaa,0x52,0xaa,0x52,0xaa,0x00,0x00,0x00,0x00,0x00,0x00,0x00,0x00,0x00,0x00,0x00,0x00,0x00,0x00,0x52,0xaa,0x52,0xaa,0x52,0xaa,0x52,0xaa,0x00,0x00,0x00,0x00,
    0x00,0x00,0x00,0x00,0x00,0x00,0x00,0x00,0x00,0x00,0x00,0x00,0x00,0x00,0x00,0x00,0x00,0x00,0x00,0x00,0x00,0x00,0x00,0x00,0x00,0x00,0x00,0x00,0x52,0xaa,0x52,0xaa,
    0x52,0xaa,0x52,0xaa,0x00,0x00,0x00,0x00,0x00,0x00,0x00,0x00,0x00,0x00,0x00,0x00,0x00,0x00,0x00,0x00,0x00,0x00,0x00,0x00,0x00,0x00,0x00,0x00,0x00,0x00,0x00,0x00,
    0x00,0x00,0x00,0x00,0x00,0x00,0x00,0x00,0x00,0x00,0x00,0x00,0x00,0x00,0x00,0x00,0x00,0x00,0x00,0x00,0x00,0x00,0x00,0x00,0x00,0x00,0x00,0x00,0x00,0x00,0x00,0x00,
    0x00,0x00,0x00,0x00,0x00,0x00,0x00,0x00,0x00,0x00,0x00,0x00,0x00,0x00,0x00,0x00,0x00,0x00,0x00,0x00,0x00,0x00,0x00,0x00,0x00,0x00,0x00,0x00,0x00,0x00,0x00,0x00,
    0x00,0x00,0x00,0x00,0x00,0x00,0x00,0x00,0x00,0x00,0x00,0x00,0x00,0x00,0x00,0x00,0x00,0x00,0x00,0x00,0x00,0x00,0x00,0x00,0x00,0x00,0x00,0x00,0x00,0x00,0x00,0x00,
    0x00,0x00,0x00,0x00,0x00,0x00,0x00,0x00,0x00,0x00,0x00,0x00,0x00,0x00,0x00,0x00,0x00,0x00,0x00,0x00,0x00,0x00,0x00,0x00,0x00,0x00,0x00,0x00,0x00,0x00,0x00,0x00,
    0x00,0x00,0x00,0x00,0x00,0x00,0x00,0x00,0x00,0x00,0x00,0x00,0x00,0x00,0x00,0x00,0x00,0x00,0x00,0x00,0x00,0x00,0x00,0x00,0x00,0x00,0x00,0x00,0x00,0x00,0x00,0x00,
    0x00,0x00,0x00,0x00,0x00,0x00,0x00,0x00,0x00,0x00,0x00,0x00,0x00,0x00,0x00,0x00,0x00,0x00,0x00,0x00,0x00,0x00,0x00,0x00,0x00,0x00,0x00,0x00,0x00,0x00,0x00,0x00,
    0x00,0x00,0x00,0x00,0x00,0x00,0x00,0x00,0x00,0x00,0x00,0x00,0x00,0x00,0x00,0x00,0x00,0x00,0x00,0x00,0x00,0x00,0x00,0x00,0x00,0x00,0x00,0x00,0x00,0x00,0x00,0x00,
    0x00,0x00,0x00,0x00,0x00,0x00,0x00,0x00,0x00,0x00,0x00,0x00,0x00,0x00,0x00,0x00,0x00,0x00,0x00,0x00,0x00,0x00,0x00,0x00,0x00,0x00,0x00,0x00,0x00,0x00,0x00,0x00,
    0x00,0x00,0x00,0x00,0x00,0x00,0x00,0x00,0x00,0x00,0x00,0x00,0x00,0x00,0x00,0x00,0x00,0x00,0x00,0x00,0x00,0x00,0x00,0x00,0x00,0x00,0x00,0x00,0x00,0x00,0x00,0x00,
    0x00,0x00,0x00,0x00,0x00,0x00,0x00,0x00,0x00,0x00,0x00,0x00,0x00,0x00,0x00,0x00,0x00,0x00,0x00,0x00,0x00,0x00,0x00,0x00,0x00,0x00,0x00,0x00,0x00,0x00,0x00,0x00,
    0x00,0x00,0x00,0x00,0x00,0x00,0x00,0x00,0x00,0x00,0x00,0x00,0x00,0x00,0x00,0x00,0x00,0x00,0x00,0x00,0x00,0x00,0x00,0x00,0x00,0x00,0x00,0x00,0x00,0x00,0x00,0x00,
    0x00,0x00,0x00,0x00,0x00,0x00,0x00,0x00,0x00,0x00,0x00,0x00,0x00,0x00,0x00,0x00,0x00,0x00,0x00,0x00,0x00,0x00,0x00,0x00,0x00,0x00,0x00,0x00,0x00,0x00,0x00,0x00,
    0x00,0x00,0x00,0x00,0x00,0x00,0x00,0x00,0x00,0x00,0x00,0x00,0x00,0x00,0x00,0x00,0x00,0x00,0x00,0x00,0x00,0x00,0x00,0x00,0x00,0x00,0x00,0x00,0x00,0x00,0x00,0x00
  };
