2024-11-21 13:40:41,576 [INFO] Activator:176 - 


2024-11-21 13:40:41,578 [INFO] Activator:177 - !SESSION log4j initialized
2024-11-21 13:40:44,652 [INFO] LogOutputStream:77 - [STDOUT_REDIRECT] 
2024-11-21 13:40:51,792 [INFO] ApplicationProperties:184 - Using Application install path: C:\ST\STM32CubeIDE_1.16.1\STM32CubeIDE\plugins\com.st.stm32cube.common.mx_6.12.1.202409122256
2024-11-21 13:40:51,809 [INFO] DbMcusXml:78 - Set database path to: C:\ST\STM32CubeIDE_1.16.1\STM32CubeIDE\plugins\com.st.stm32cube.common.mx_6.12.1.202409122256\\db\/mcu/
2024-11-21 13:40:51,810 [INFO] ApiDb:274 - Set plugin database path to: C:\ST\STM32CubeIDE_1.16.1\STM32CubeIDE\plugins\com.st.stm32cube.common.mx_6.12.1.202409122256\\db\/plugins/boardmanager/
2024-11-21 13:40:51,810 [WARN] ApiDb:259 - Overriding images path with different value:  => C:\ST\STM32CubeIDE_1.16.1\STM32CubeIDE\plugins\com.st.stm32cube.common.mx_6.12.1.202409122256\\db\/plugins/mcufinder/images/
2024-11-21 13:40:51,816 [INFO] ApiDb:250 - Set database path to: C:\Users\Bruno\.stmcufinder\plugins\mcufinder//mcu/
2024-11-21 13:40:51,817 [INFO] DbMcusAds:125 - Set database path to: C:\Users\Bruno\.stmcufinder\plugins\mcufinder//mcu/
2024-11-21 13:40:51,819 [INFO] CrossReferenceDbSqlite:203 - Set database path to: C:\Users\Bruno\.stmcufinder\plugins\mcufinder//mcu/cs/
2024-11-21 13:40:51,925 [INFO] RulesReader:64 - Compatibility file has been processed (297 Rules)
2024-11-21 13:40:52,013 [INFO] DbMcusXml:78 - Set database path to: C:\ST\STM32CubeIDE_1.16.1\STM32CubeIDE\plugins\com.st.stm32cube.common.mx_6.12.1.202409122256\\db\/mcu/
2024-11-21 13:40:52,014 [INFO] ApiDb:274 - Set plugin database path to: C:\ST\STM32CubeIDE_1.16.1\STM32CubeIDE\plugins\com.st.stm32cube.common.mx_6.12.1.202409122256\\db\/plugins/boardmanager/
2024-11-21 13:40:52,014 [INFO] ApiDb:261 - Set plugin images path to: C:\ST\STM32CubeIDE_1.16.1\STM32CubeIDE\plugins\com.st.stm32cube.common.mx_6.12.1.202409122256\\db\/plugins/mcufinder/images/
2024-11-21 13:40:52,015 [WARN] DbFile:41 - Overriding database path with different value: C:\Users\Bruno\.stmcufinder\plugins\mcufinder/ => C:\Users\Bruno\.stmcufinder\plugins\mcufinder
2024-11-21 13:40:52,015 [INFO] ApiDb:250 - Set database path to: C:\Users\Bruno\.stmcufinder\plugins\mcufinder//mcu/
2024-11-21 13:40:52,016 [WARN] DbFile:41 - Overriding database path with different value: C:\Users\Bruno\.stmcufinder\plugins\mcufinder/ => C:\Users\Bruno\.stmcufinder\plugins\mcufinder
2024-11-21 13:40:52,016 [INFO] DbMcusAds:125 - Set database path to: C:\Users\Bruno\.stmcufinder\plugins\mcufinder//mcu/
2024-11-21 13:40:52,016 [WARN] DbFile:41 - Overriding database path with different value: C:\Users\Bruno\.stmcufinder\plugins\mcufinder/ => C:\Users\Bruno\.stmcufinder\plugins\mcufinder
2024-11-21 13:40:52,016 [WARN] DbFile:41 - Overriding database path with different value: C:\Users\Bruno\.stmcufinder\plugins\mcufinder/ => C:\Users\Bruno\.stmcufinder\plugins\mcufinder
2024-11-21 13:40:52,016 [INFO] CrossReferenceDbSqlite:203 - Set database path to: C:\Users\Bruno\.stmcufinder\plugins\mcufinder//mcu/cs/
2024-11-21 13:40:52,119 [INFO] MainPanel:268 - HeapMemory: 268435456
2024-11-21 13:40:52,201 [INFO] DbMcusXml:78 - Set database path to: C:\ST\STM32CubeIDE_1.16.1\STM32CubeIDE\plugins\com.st.stm32cube.common.mx_6.12.1.202409122256\\db\/mcu/
2024-11-21 13:40:52,201 [INFO] ApiDb:274 - Set plugin database path to: C:\ST\STM32CubeIDE_1.16.1\STM32CubeIDE\plugins\com.st.stm32cube.common.mx_6.12.1.202409122256\\db\/plugins/boardmanager/
2024-11-21 13:40:52,202 [INFO] ApiDb:261 - Set plugin images path to: C:\ST\STM32CubeIDE_1.16.1\STM32CubeIDE\plugins\com.st.stm32cube.common.mx_6.12.1.202409122256\\db\/plugins/mcufinder/images/
2024-11-21 13:40:52,202 [WARN] DbFile:41 - Overriding database path with different value: C:\Users\Bruno\.stmcufinder\plugins\mcufinder/ => C:\Users\Bruno\.stmcufinder\plugins\mcufinder
2024-11-21 13:40:52,202 [INFO] ApiDb:250 - Set database path to: C:\Users\Bruno\.stmcufinder\plugins\mcufinder//mcu/
2024-11-21 13:40:52,202 [WARN] DbFile:41 - Overriding database path with different value: C:\Users\Bruno\.stmcufinder\plugins\mcufinder/ => C:\Users\Bruno\.stmcufinder\plugins\mcufinder
2024-11-21 13:40:52,202 [INFO] DbMcusAds:125 - Set database path to: C:\Users\Bruno\.stmcufinder\plugins\mcufinder//mcu/
2024-11-21 13:40:52,202 [WARN] DbFile:41 - Overriding database path with different value: C:\Users\Bruno\.stmcufinder\plugins\mcufinder/ => C:\Users\Bruno\.stmcufinder\plugins\mcufinder
2024-11-21 13:40:52,202 [WARN] DbFile:41 - Overriding database path with different value: C:\Users\Bruno\.stmcufinder\plugins\mcufinder/ => C:\Users\Bruno\.stmcufinder\plugins\mcufinder
2024-11-21 13:40:52,203 [INFO] CrossReferenceDbSqlite:203 - Set database path to: C:\Users\Bruno\.stmcufinder\plugins\mcufinder//mcu/cs/
2024-11-21 13:40:52,221 [INFO] ApplicationProperties:184 - Using Application install path: C:\ST\STM32CubeIDE_1.16.1\STM32CubeIDE\plugins\com.st.stm32cube.common.mx_6.12.1.202409122256
2024-11-21 13:40:52,223 [INFO] PluginManage:196 - Search for loadable plugins [exclusion list=, ]
2024-11-21 13:40:52,225 [INFO] PluginManage:310 - Check plugin analytics
2024-11-21 13:40:52,395 [INFO] AnalyticsPlugin:253 - Accepted Software Licenses: STM32CubeMX.6.6.1
2024-11-21 13:40:52,395 [INFO] AnalyticsPlugin:255 - Accepted CMSIS Pack Licenses: 
2024-11-21 13:40:52,395 [INFO] AnalyticsPlugin:257 - Accepted Firmware Licenses: FW.G0.1.6.0
2024-11-21 13:40:52,398 [INFO] PluginManage:359 - Loaded plugin analytics (category:tool,tabindex:-1)
2024-11-21 13:40:52,398 [INFO] PluginManage:310 - Check plugin cadmodel
2024-11-21 13:40:52,403 [INFO] CADModel:105 - Init CAD model plugin
2024-11-21 13:40:52,403 [INFO] PluginManage:359 - Loaded plugin cadmodel (category:power,tabindex:5)
2024-11-21 13:40:52,403 [INFO] PluginManage:310 - Check plugin clock
2024-11-21 13:40:52,412 [INFO] PluginManage:359 - Loaded plugin clock (category:base,tabindex:2)
2024-11-21 13:40:52,412 [INFO] PluginManage:310 - Check plugin ddr
2024-11-21 13:40:52,414 [INFO] PluginManage:359 - Loaded plugin ddr (category:tool,tabindex:6)
2024-11-21 13:40:52,414 [INFO] PluginManage:310 - Check plugin filemanager
2024-11-21 13:40:52,558 [INFO] PluginManage:359 - Loaded plugin filemanager (category:base,tabindex:10)
2024-11-21 13:40:52,559 [INFO] PluginManage:310 - Check plugin ipmanager
2024-11-21 13:40:52,568 [INFO] PluginManage:359 - Loaded plugin ipmanager (category:base,tabindex:5)
2024-11-21 13:40:52,568 [INFO] PluginManage:310 - Check plugin lpbam
2024-11-21 13:40:52,577 [INFO] PluginManage:359 - Loaded plugin lpbam (category:base,tabindex:0)
2024-11-21 13:40:52,577 [INFO] PluginManage:310 - Check plugin memorymap
2024-11-21 13:40:52,590 [INFO] PluginManage:359 - Loaded plugin memorymap (category:base,tabindex:4)
2024-11-21 13:40:52,591 [INFO] PluginManage:310 - Check plugin pinoutandconfiguration
2024-11-21 13:40:52,604 [INFO] PluginManage:359 - Loaded plugin pinoutandconfiguration (category:base,tabindex:1)
2024-11-21 13:40:52,604 [INFO] PluginManage:310 - Check plugin pinoutconfig
2024-11-21 13:40:52,693 [WARN] SupportedApi:132 - Cannot load RTOS API schema: s4s-elt-must-match.1: The content of 'definitions' must match (annotation?, (simpleType | complexType)?, (unique | key | keyref)*)). A problem was found starting at: attribute.
2024-11-21 13:40:52,827 [INFO] PluginManage:359 - Loaded plugin pinoutconfig (category:base,tabindex:0)
2024-11-21 13:40:52,827 [INFO] PluginManage:310 - Check plugin power
2024-11-21 13:40:52,836 [INFO] PluginManage:359 - Loaded plugin power (category:power,tabindex:4)
2024-11-21 13:40:52,836 [INFO] PluginManage:310 - Check plugin projectmanager
2024-11-21 13:40:52,854 [INFO] PluginManage:359 - Loaded plugin projectmanager (category:projectmanager,tabindex:4)
2024-11-21 13:40:52,854 [INFO] PluginManage:310 - Check plugin rif
2024-11-21 13:40:52,859 [INFO] PluginManage:359 - Loaded plugin rif (category:base,tabindex:3)
2024-11-21 13:40:52,859 [INFO] PluginManage:310 - Check plugin thirdparty
2024-11-21 13:40:52,978 [INFO] PluginManage:359 - Loaded plugin thirdparty (category:base,tabindex:-1)
2024-11-21 13:40:52,978 [INFO] PluginManage:310 - Check plugin tools
2024-11-21 13:40:52,978 [WARN] IntegrityCheckThread:84 - waiting for thirdparty lock release [integrity check]
2024-11-21 13:40:52,978 [INFO] IntegrityCheckThread:86 - entering critical section [integrity check]
2024-11-21 13:40:52,979 [INFO] ThirdPartyUpdaterWithRetryManager:70 - Updater plugin not ready yet. [1/15]
2024-11-21 13:40:52,981 [INFO] PluginManage:359 - Loaded plugin tools (category:base,tabindex:7)
2024-11-21 13:40:52,981 [INFO] PluginManage:310 - Check plugin tutovideos
2024-11-21 13:40:53,139 [INFO] PluginManage:359 - Loaded plugin tutovideos (category:base,tabindex:-1)
2024-11-21 13:40:53,140 [INFO] PluginManage:310 - Check plugin updater
2024-11-21 13:40:53,170 [INFO] PluginManage:359 - Loaded plugin updater (category:base,tabindex:12)
2024-11-21 13:40:53,170 [INFO] PluginManage:310 - Check plugin userauth
2024-11-21 13:40:53,175 [INFO] UserAuth:113 - Init User Auth plugin
2024-11-21 13:40:53,175 [INFO] PluginManage:359 - Loaded plugin userauth (category:base,tabindex:14)
2024-11-21 13:40:53,176 [INFO] PluginManage:283 - PluginManage : Loaded plugins [18]
2024-11-21 13:40:53,377 [INFO] PinOutPanel:1561 - setPackage(No Configuration,No Configuration)
2024-11-21 13:40:53,462 [INFO] CADModel:165 - CPN selected for project level
2024-11-21 13:40:53,462 [INFO] CADModel:114 - Register for checkConnection events
2024-11-21 13:40:53,479 [INFO] IPUIPlugin:80 - create IPUIPlugin
2024-11-21 13:40:53,479 [INFO] PluginManager:220 - loadIPPluginJar : add adc
2024-11-21 13:40:53,482 [INFO] IPUIPlugin:80 - create IPUIPlugin
2024-11-21 13:40:53,482 [INFO] PluginManager:220 - loadIPPluginJar : add aes
2024-11-21 13:40:53,485 [INFO] IPUIPlugin:80 - create IPUIPlugin
2024-11-21 13:40:53,485 [INFO] PluginManager:220 - loadIPPluginJar : add can
2024-11-21 13:40:53,487 [INFO] IPUIPlugin:80 - create IPUIPlugin
2024-11-21 13:40:53,487 [INFO] PluginManager:220 - loadIPPluginJar : add comp
2024-11-21 13:40:53,490 [INFO] IPUIPlugin:80 - create IPUIPlugin
2024-11-21 13:40:53,490 [INFO] PluginManager:220 - loadIPPluginJar : add cryp
2024-11-21 13:40:53,492 [INFO] IPUIPlugin:80 - create IPUIPlugin
2024-11-21 13:40:53,492 [INFO] PluginManager:220 - loadIPPluginJar : add ddr_ctrl_phy
2024-11-21 13:40:53,495 [INFO] IPUIPlugin:80 - create IPUIPlugin
2024-11-21 13:40:53,495 [INFO] PluginManager:220 - loadIPPluginJar : add dfsdm
2024-11-21 13:40:53,501 [INFO] IPUIPlugin:80 - create IPUIPlugin
2024-11-21 13:40:53,501 [INFO] PluginManager:220 - loadIPPluginJar : add dma
2024-11-21 13:40:53,504 [INFO] IPUIPlugin:80 - create IPUIPlugin
2024-11-21 13:40:53,504 [INFO] PluginManager:220 - loadIPPluginJar : add dma3
2024-11-21 13:40:53,507 [INFO] IPUIPlugin:80 - create IPUIPlugin
2024-11-21 13:40:53,507 [INFO] PluginManager:220 - loadIPPluginJar : add extmemmanager
2024-11-21 13:40:53,509 [INFO] IPUIPlugin:80 - create IPUIPlugin
2024-11-21 13:40:53,509 [INFO] PluginManager:220 - loadIPPluginJar : add fatfs
2024-11-21 13:40:53,513 [INFO] IPUIPlugin:80 - create IPUIPlugin
2024-11-21 13:40:53,513 [INFO] PluginManager:220 - loadIPPluginJar : add fmc
2024-11-21 13:40:53,519 [INFO] IPUIPlugin:80 - create IPUIPlugin
2024-11-21 13:40:53,519 [INFO] PluginManager:220 - loadIPPluginJar : add freertos
2024-11-21 13:40:53,521 [INFO] IPUIPlugin:80 - create IPUIPlugin
2024-11-21 13:40:53,521 [INFO] PluginManager:220 - loadIPPluginJar : add genericplugin
2024-11-21 13:40:53,523 [INFO] IPUIPlugin:80 - create IPUIPlugin
2024-11-21 13:40:53,523 [INFO] PluginManager:220 - loadIPPluginJar : add gfxmmu
2024-11-21 13:40:53,528 [INFO] IPUIPlugin:80 - create IPUIPlugin
2024-11-21 13:40:53,528 [INFO] PluginManager:220 - loadIPPluginJar : add gic
2024-11-21 13:40:53,532 [INFO] IPUIPlugin:80 - create IPUIPlugin
2024-11-21 13:40:53,532 [INFO] PluginManager:220 - loadIPPluginJar : add gpio
2024-11-21 13:40:53,535 [INFO] IPUIPlugin:80 - create IPUIPlugin
2024-11-21 13:40:53,535 [INFO] PluginManager:220 - loadIPPluginJar : add gtzc
2024-11-21 13:40:53,537 [INFO] IPUIPlugin:80 - create IPUIPlugin
2024-11-21 13:40:53,537 [INFO] PluginManager:220 - loadIPPluginJar : add hash
2024-11-21 13:40:53,540 [INFO] IPUIPlugin:80 - create IPUIPlugin
2024-11-21 13:40:53,540 [INFO] PluginManager:220 - loadIPPluginJar : add i2c
2024-11-21 13:40:53,542 [INFO] IPUIPlugin:80 - create IPUIPlugin
2024-11-21 13:40:53,542 [INFO] PluginManager:220 - loadIPPluginJar : add i2s
2024-11-21 13:40:53,545 [INFO] IPUIPlugin:80 - create IPUIPlugin
2024-11-21 13:40:53,545 [INFO] PluginManager:220 - loadIPPluginJar : add i3c
2024-11-21 13:40:53,548 [INFO] IPUIPlugin:80 - create IPUIPlugin
2024-11-21 13:40:53,548 [INFO] PluginManager:220 - loadIPPluginJar : add ipddr
2024-11-21 13:40:53,554 [INFO] IPUIPlugin:80 - create IPUIPlugin
2024-11-21 13:40:53,555 [INFO] PluginManager:220 - loadIPPluginJar : add linkedlist
2024-11-21 13:40:53,557 [INFO] IPUIPlugin:80 - create IPUIPlugin
2024-11-21 13:40:53,558 [INFO] PluginManager:220 - loadIPPluginJar : add lorawan
2024-11-21 13:40:53,559 [INFO] IPUIPlugin:80 - create IPUIPlugin
2024-11-21 13:40:53,559 [INFO] PluginManager:220 - loadIPPluginJar : add ltdc
2024-11-21 13:40:53,564 [INFO] IPUIPlugin:80 - create IPUIPlugin
2024-11-21 13:40:53,564 [INFO] PluginManager:220 - loadIPPluginJar : add mdma
2024-11-21 13:40:53,567 [INFO] IPUIPlugin:80 - create IPUIPlugin
2024-11-21 13:40:53,567 [INFO] PluginManager:220 - loadIPPluginJar : add nvic
2024-11-21 13:40:53,570 [INFO] IPUIPlugin:80 - create IPUIPlugin
2024-11-21 13:40:53,570 [INFO] PluginManager:220 - loadIPPluginJar : add opamp
2024-11-21 13:40:53,573 [INFO] IPUIPlugin:80 - create IPUIPlugin
2024-11-21 13:40:53,573 [INFO] PluginManager:220 - loadIPPluginJar : add openamp
2024-11-21 13:40:53,576 [INFO] IPUIPlugin:80 - create IPUIPlugin
2024-11-21 13:40:53,577 [INFO] PluginManager:220 - loadIPPluginJar : add pdm2pcm
2024-11-21 13:40:53,583 [INFO] IPUIPlugin:80 - create IPUIPlugin
2024-11-21 13:40:53,585 [INFO] PluginManager:220 - loadIPPluginJar : add plateformsettings
2024-11-21 13:40:53,587 [INFO] IPUIPlugin:80 - create IPUIPlugin
2024-11-21 13:40:53,588 [INFO] PluginManager:220 - loadIPPluginJar : add quadspi
2024-11-21 13:40:53,589 [INFO] IPUIPlugin:80 - create IPUIPlugin
2024-11-21 13:40:53,590 [INFO] PluginManager:220 - loadIPPluginJar : add radio
2024-11-21 13:40:53,593 [INFO] IPUIPlugin:80 - create IPUIPlugin
2024-11-21 13:40:53,594 [INFO] PluginManager:220 - loadIPPluginJar : add resmgrutility
2024-11-21 13:40:53,597 [INFO] IPUIPlugin:80 - create IPUIPlugin
2024-11-21 13:40:53,597 [INFO] PluginManager:220 - loadIPPluginJar : add sai
2024-11-21 13:40:53,599 [INFO] IPUIPlugin:80 - create IPUIPlugin
2024-11-21 13:40:53,599 [INFO] PluginManager:220 - loadIPPluginJar : add spi
2024-11-21 13:40:53,605 [INFO] IPUIPlugin:80 - create IPUIPlugin
2024-11-21 13:40:53,605 [INFO] PluginManager:220 - loadIPPluginJar : add stm32_wpan
2024-11-21 13:40:53,607 [INFO] IPUIPlugin:80 - create IPUIPlugin
2024-11-21 13:40:53,607 [INFO] PluginManager:220 - loadIPPluginJar : add tim
2024-11-21 13:40:53,610 [INFO] IPUIPlugin:80 - create IPUIPlugin
2024-11-21 13:40:53,610 [INFO] PluginManager:220 - loadIPPluginJar : add touchsensing
2024-11-21 13:40:53,612 [INFO] IPUIPlugin:80 - create IPUIPlugin
2024-11-21 13:40:53,613 [INFO] PluginManager:220 - loadIPPluginJar : add tracer_emb
2024-11-21 13:40:53,614 [INFO] IPUIPlugin:80 - create IPUIPlugin
2024-11-21 13:40:53,615 [INFO] PluginManager:220 - loadIPPluginJar : add ts
2024-11-21 13:40:53,616 [INFO] IPUIPlugin:80 - create IPUIPlugin
2024-11-21 13:40:53,617 [INFO] PluginManager:220 - loadIPPluginJar : add tsc
2024-11-21 13:40:53,619 [INFO] IPUIPlugin:80 - create IPUIPlugin
2024-11-21 13:40:53,619 [INFO] PluginManager:220 - loadIPPluginJar : add ucpd
2024-11-21 13:40:53,622 [INFO] IPUIPlugin:80 - create IPUIPlugin
2024-11-21 13:40:53,622 [INFO] PluginManager:220 - loadIPPluginJar : add usart
2024-11-21 13:40:53,625 [INFO] IPUIPlugin:80 - create IPUIPlugin
2024-11-21 13:40:53,625 [INFO] PluginManager:220 - loadIPPluginJar : add usbx
2024-11-21 13:40:53,748 [INFO] CADModel:165 - CPN selected for project level
2024-11-21 13:40:53,748 [INFO] CADModel:114 - Register for checkConnection events
2024-11-21 13:40:53,748 [FATAL] Updater:334 - Updater called before beeing initialized
2024-11-21 13:40:53,748 [ERROR] CADModel:125 - Updater not yet initialized, retry later 
2024-11-21 13:40:53,858 [INFO] CADModel:165 - CPN selected for project level
2024-11-21 13:40:53,859 [INFO] CADModel:114 - Register for checkConnection events
2024-11-21 13:40:53,859 [FATAL] Updater:334 - Updater called before beeing initialized
2024-11-21 13:40:53,859 [ERROR] CADModel:125 - Updater not yet initialized, retry later 
2024-11-21 13:40:53,861 [FATAL] Updater:334 - Updater called before beeing initialized
2024-11-21 13:40:53,956 [FATAL] Updater:334 - Updater called before beeing initialized
2024-11-21 13:40:53,960 [INFO] DbMcusAds:53 - JSON generation date=Fri Sep 20 15:04:38 CEST 2024 (1726837478367)
2024-11-21 13:40:53,960 [FATAL] Updater:334 - Updater called before beeing initialized
2024-11-21 13:40:53,994 [WARN] DetailPanel:346 - Failed to get advertising image, set to default
2024-11-21 13:40:54,088 [FATAL] Updater:334 - Updater called before beeing initialized
2024-11-21 13:40:54,090 [FATAL] Updater:334 - Updater called before beeing initialized
2024-11-21 13:40:54,090 [FATAL] Updater:334 - Updater called before beeing initialized
2024-11-21 13:40:54,090 [WARN] DetailPanel:346 - Failed to get advertising image, set to default
2024-11-21 13:40:54,091 [FATAL] Updater:334 - Updater called before beeing initialized
2024-11-21 13:40:54,135 [ERROR] Updater:1164 - MainUpdater not yet initialized. External WinMGr cannot be set.
2024-11-21 13:40:54,138 [INFO] Updater:1100 - Updater Version found : 6.12.1
2024-11-21 13:40:54,155 [INFO] ApplicationProperties:184 - Using Application install path: C:\ST\STM32CubeIDE_1.16.1\STM32CubeIDE\plugins\com.st.stm32cube.common.mx_6.12.1.202409122256
2024-11-21 13:40:54,405 [INFO] MainUpdater:2873 - connection check result : 10
2024-11-21 13:40:54,406 [INFO] MainUpdater:290 - Updater Check For Update Now.
2024-11-21 13:40:54,406 [INFO] MicroXplorer:498 - Change Database Version : DB.6.0.121
2024-11-21 13:40:54,411 [INFO] McuFinderGlobals:63 - Set McuFinder mode to 2 (CubeIDE integrated)
2024-11-21 13:40:54,411 [INFO] UserAuth:179 - activating auth plugin
2024-11-21 13:40:54,421 [INFO] UserAuth:417 - Internet connection configuration mode: 1
2024-11-21 13:40:54,433 [INFO] JxBrowserEngine:152 - Initiate JxBrowser Engine with user profile folder
2024-11-21 13:40:54,590 [INFO] CheckServerUpdateThread:120 - End of CheckServer Thread
2024-11-21 13:40:55,015 [INFO] WebApp:167 - Instantiating new browser for Auth
2024-11-21 13:40:55,844 [INFO] WebApp:448 - Apply proxy settings
2024-11-21 13:40:55,844 [INFO] WebApp:533 - Chromium requires no authentication
2024-11-21 13:40:55,854 [INFO] WebApp:476 - Direct internet connection detected
2024-11-21 13:40:55,906 [INFO] WebApp:869 - Register for checkConnection events
2024-11-21 13:40:55,906 [INFO] WebApp:448 - Apply proxy settings
2024-11-21 13:40:55,906 [INFO] WebApp:533 - Chromium requires no authentication
2024-11-21 13:40:55,908 [INFO] WebApp:476 - Direct internet connection detected
2024-11-21 13:40:56,336 [INFO] WebApp:220 - Starting web application
2024-11-21 13:40:56,338 [INFO] WebApp:578 - Web application path used C:\ST\STM32CubeIDE_1.16.1\STM32CubeIDE\plugins\com.st.stm32cube.common.mx_6.12.1.202409122256\db\plugins\mcufinder\reactClient1\index.html
2024-11-21 13:40:56,474 [INFO] WebApp:186 - Connection restablished
2024-11-21 13:40:57,004 [WARN] PackLoader:240 - Cannot read IP mode file for STMicroelectronics.FP-SNS-MOTENVWB1.1.4.0
2024-11-21 13:40:57,020 [WARN] PackLoader:240 - Cannot read IP mode file for STMicroelectronics.FP-ATR-ASTRA1.2.0.1
2024-11-21 13:40:57,088 [WARN] PackLoader:240 - Cannot read IP mode file for STMicroelectronics.X-CUBE-SMBUS.2.1.0
2024-11-21 13:40:57,099 [WARN] PackLoader:240 - Cannot read IP mode file for STMicroelectronics.X-CUBE-WB05N.1.1.0
2024-11-21 13:40:57,320 [WARN] PackLoader:240 - Cannot read IP mode file for STMicroelectronics.X-CUBE-MEMS1.9.2.0
2024-11-21 13:40:57,522 [WARN] PackLoader:240 - Cannot read IP mode file for STMicroelectronics.X-CUBE-AZRTOS-F7.1.1.0
2024-11-21 13:40:57,534 [WARN] PackLoader:240 - Cannot read IP mode file for STMicroelectronics.X-CUBE-BLE1.6.2.3
2024-11-21 13:40:57,662 [WARN] PackLoader:240 - Cannot read IP mode file for STMicroelectronics.X-CUBE-MEMS1.11.0.0
2024-11-21 13:40:57,765 [WARN] PackLoader:240 - Cannot read IP mode file for STMicroelectronics.FP-SNS-FLIGHT1.5.0.2
2024-11-21 13:40:57,779 [WARN] PackLoader:240 - Cannot read IP mode file for STMicroelectronics.X-CUBE-TOF1.3.1.0
2024-11-21 13:40:57,788 [WARN] PackLoader:240 - Cannot read IP mode file for STMicroelectronics.X-CUBE-DISPLAY.3.0.0
2024-11-21 13:40:57,794 [WARN] PackLoader:240 - Cannot read IP mode file for STMicroelectronics.X-CUBE-BLE1.7.0.0
2024-11-21 13:40:57,799 [WARN] PackLoader:240 - Cannot read IP mode file for STMicroelectronics.X-CUBE-NFC10.1.0.0
2024-11-21 13:40:57,804 [WARN] PackLoader:240 - Cannot read IP mode file for STMicroelectronics.X-CUBE-AI.7.2.0
2024-11-21 13:40:57,812 [WARN] PackLoader:240 - Cannot read IP mode file for STMicroelectronics.X-CUBE-BLEMGR.3.1.0
2024-11-21 13:40:57,818 [WARN] PackLoader:240 - Cannot read IP mode file for STMicroelectronics.FP-SNS-SMARTAG2.1.2.0
2024-11-21 13:40:57,826 [INFO] LogOutputStream:77 - [STDOUT_REDIRECT] 1 : Invalid condition id : UX_CORESTACK_Condition cause : null
2024-11-21 13:40:57,826 [INFO] LogOutputStream:77 - [STDOUT_REDIRECT] 1 : Invalid condition id : UX_CORESTACK_Condition cause : null
2024-11-21 13:40:57,828 [INFO] LogOutputStream:77 - [STDOUT_REDIRECT] 1 : Invalid condition id : UX_CORESTACK_Condition cause : null
2024-11-21 13:40:57,829 [INFO] LogOutputStream:77 - [STDOUT_REDIRECT] 1 : Invalid condition id : UX_CORESTACK_Condition cause : null
2024-11-21 13:40:57,830 [INFO] LogOutputStream:77 - [STDOUT_REDIRECT] 1 : Invalid condition id : UX_CORESTACK_Condition cause : null
2024-11-21 13:40:57,833 [WARN] PackLoader:240 - Cannot read IP mode file for STMicroelectronics.X-CUBE-AZRTOS-WL.2.0.0
2024-11-21 13:40:57,837 [WARN] PackLoader:240 - Cannot read IP mode file for STMicroelectronics.FP-SNS-MOTENV1.5.0.0
2024-11-21 13:40:57,842 [WARN] PackLoader:240 - Cannot read IP mode file for wolfSSL.I-CUBE-wolfMQTT.1.19.0
2024-11-21 13:40:57,849 [WARN] PackLoader:240 - Cannot read IP mode file for WES.I-CUBE-Cesium.1.3.0
2024-11-21 13:40:57,854 [WARN] PackLoader:240 - Cannot read IP mode file for STMicroelectronics.X-CUBE-BLE2.3.3.0
2024-11-21 13:40:57,859 [WARN] PackLoader:240 - Cannot read IP mode file for STMicroelectronics.X-CUBE-DISPLAY.2.2.0
2024-11-21 13:40:57,866 [WARN] PackLoader:240 - Cannot read IP mode file for STMicroelectronics.X-CUBE-NFC9.1.0.0
2024-11-21 13:40:57,902 [WARN] PackLoader:240 - Cannot read IP mode file for STMicroelectronics.X-CUBE-AZRTOS-H7.2.1.0
2024-11-21 13:40:57,909 [WARN] PackLoader:240 - Cannot read IP mode file for STMicroelectronics.X-CUBE-TCPP.4.1.0
2024-11-21 13:40:57,915 [WARN] PackLoader:240 - Cannot read IP mode file for STMicroelectronics.X-CUBE-ALGOBUILD.1.3.0
2024-11-21 13:40:57,928 [WARN] PackLoader:240 - Cannot read IP mode file for STMicroelectronics.X-CUBE-AZRTOS-G0.1.1.0
2024-11-21 13:40:57,934 [WARN] PackLoader:240 - Cannot read IP mode file for STMicroelectronics.X-CUBE-SAFEA1.1.2.2
2024-11-21 13:40:57,940 [WARN] PackLoader:240 - Cannot read IP mode file for STMicroelectronics.X-CUBE-NFC4.3.0.0
2024-11-21 13:40:57,970 [WARN] PackLoader:240 - Cannot read IP mode file for SEGGER.I-CUBE-embOS.1.2.0
2024-11-21 13:40:58,012 [WARN] PackLoader:240 - Cannot read IP mode file for EmbeddedOffice.I-CUBE-FS-RTOS.1.0.1
2024-11-21 13:40:58,012 [ERROR] ConditionMgr:805 - Attr not supported : Dmpu
2024-11-21 13:40:58,012 [ERROR] ConditionMgr:805 - Attr not supported : Dmpu
2024-11-21 13:40:58,013 [ERROR] ConditionMgr:805 - Attr not supported : Dmpu
2024-11-21 13:40:58,013 [ERROR] ConditionMgr:805 - Attr not supported : Dmpu
2024-11-21 13:40:58,013 [ERROR] ConditionMgr:805 - Attr not supported : Dmpu
2024-11-21 13:40:58,013 [ERROR] ConditionMgr:805 - Attr not supported : Dmpu
2024-11-21 13:40:58,013 [ERROR] ConditionMgr:805 - Attr not supported : Dmpu
2024-11-21 13:40:58,013 [ERROR] ConditionMgr:805 - Attr not supported : Dmpu
2024-11-21 13:40:58,013 [ERROR] ConditionMgr:805 - Attr not supported : Dmpu
2024-11-21 13:40:58,013 [ERROR] ConditionMgr:805 - Attr not supported : Dmpu
2024-11-21 13:40:58,013 [ERROR] ConditionMgr:805 - Attr not supported : Dmpu
2024-11-21 13:40:58,013 [ERROR] ConditionMgr:805 - Attr not supported : Dmpu
2024-11-21 13:40:58,013 [ERROR] ConditionMgr:805 - Attr not supported : Dmpu
2024-11-21 13:40:58,013 [ERROR] ConditionMgr:805 - Attr not supported : Dmpu
2024-11-21 13:40:58,013 [ERROR] ConditionMgr:805 - Attr not supported : Dmpu
2024-11-21 13:40:58,014 [ERROR] ConditionMgr:805 - Attr not supported : Dmpu
2024-11-21 13:40:58,014 [ERROR] ConditionMgr:805 - Attr not supported : Dmpu
2024-11-21 13:40:58,014 [ERROR] ConditionMgr:805 - Attr not supported : Dmpu
2024-11-21 13:40:58,014 [ERROR] ConditionMgr:805 - Attr not supported : Dmpu
2024-11-21 13:40:58,014 [ERROR] ConditionMgr:805 - Attr not supported : Dmpu
2024-11-21 13:40:58,014 [ERROR] ConditionMgr:805 - Attr not supported : Dmpu
2024-11-21 13:40:58,014 [ERROR] ConditionMgr:805 - Attr not supported : Dmpu
2024-11-21 13:40:58,014 [ERROR] ConditionMgr:805 - Attr not supported : Dmpu
2024-11-21 13:40:58,014 [ERROR] ConditionMgr:805 - Attr not supported : Dmpu
2024-11-21 13:40:58,015 [ERROR] ConditionMgr:805 - Attr not supported : Dmpu
2024-11-21 13:40:58,015 [ERROR] ConditionMgr:805 - Attr not supported : Dmpu
2024-11-21 13:40:58,015 [ERROR] ConditionMgr:805 - Attr not supported : Dmpu
2024-11-21 13:40:58,015 [ERROR] ConditionMgr:805 - Attr not supported : Dmpu
2024-11-21 13:40:58,015 [ERROR] ConditionMgr:805 - Attr not supported : Dmpu
2024-11-21 13:40:58,015 [ERROR] ConditionMgr:805 - Attr not supported : Dmpu
2024-11-21 13:40:58,015 [ERROR] ConditionMgr:805 - Attr not supported : Dmpu
2024-11-21 13:40:58,015 [ERROR] ConditionMgr:805 - Attr not supported : Dmpu
2024-11-21 13:40:58,015 [ERROR] ConditionMgr:805 - Attr not supported : Dmpu
2024-11-21 13:40:58,015 [ERROR] ConditionMgr:805 - Attr not supported : Dmpu
2024-11-21 13:40:58,015 [ERROR] ConditionMgr:805 - Attr not supported : Dmpu
2024-11-21 13:40:58,015 [ERROR] ConditionMgr:805 - Attr not supported : Dmpu
2024-11-21 13:40:58,016 [ERROR] ConditionMgr:805 - Attr not supported : Dmpu
2024-11-21 13:40:58,016 [ERROR] ConditionMgr:805 - Attr not supported : Dmpu
2024-11-21 13:40:58,016 [ERROR] ConditionMgr:805 - Attr not supported : Dmpu
2024-11-21 13:40:58,016 [ERROR] ConditionMgr:805 - Attr not supported : Dmpu
2024-11-21 13:40:58,016 [ERROR] ConditionMgr:805 - Attr not supported : Dmpu
2024-11-21 13:40:58,016 [ERROR] ConditionMgr:805 - Attr not supported : Dmpu
2024-11-21 13:40:58,016 [ERROR] ConditionMgr:805 - Attr not supported : Dmpu
2024-11-21 13:40:58,016 [ERROR] ConditionMgr:805 - Attr not supported : Dmpu
2024-11-21 13:40:58,016 [ERROR] ConditionMgr:805 - Attr not supported : Dmpu
2024-11-21 13:40:58,016 [ERROR] ConditionMgr:805 - Attr not supported : Dmpu
2024-11-21 13:40:58,016 [ERROR] ConditionMgr:805 - Attr not supported : Dmpu
2024-11-21 13:40:58,016 [ERROR] ConditionMgr:805 - Attr not supported : Dmpu
2024-11-21 13:40:58,016 [ERROR] ConditionMgr:805 - Attr not supported : Dmpu
2024-11-21 13:40:58,016 [ERROR] ConditionMgr:805 - Attr not supported : Dmpu
2024-11-21 13:40:58,016 [ERROR] ConditionMgr:805 - Attr not supported : Dmpu
2024-11-21 13:40:58,016 [ERROR] ConditionMgr:805 - Attr not supported : Dmpu
2024-11-21 13:40:58,017 [ERROR] ConditionMgr:805 - Attr not supported : Dmpu
2024-11-21 13:40:58,017 [ERROR] ConditionMgr:805 - Attr not supported : Dmpu
2024-11-21 13:40:58,017 [ERROR] ConditionMgr:805 - Attr not supported : Dmpu
2024-11-21 13:40:58,017 [ERROR] ConditionMgr:805 - Attr not supported : Dmpu
2024-11-21 13:40:58,017 [ERROR] ConditionMgr:805 - Attr not supported : Dmpu
2024-11-21 13:40:58,017 [ERROR] ConditionMgr:805 - Attr not supported : Dmpu
2024-11-21 13:40:58,017 [ERROR] ConditionMgr:805 - Attr not supported : Dmpu
2024-11-21 13:40:58,017 [ERROR] ConditionMgr:805 - Attr not supported : Dmpu
2024-11-21 13:40:58,017 [ERROR] ConditionMgr:805 - Attr not supported : Dmpu
2024-11-21 13:40:58,017 [ERROR] ConditionMgr:805 - Attr not supported : Dmpu
2024-11-21 13:40:58,017 [ERROR] ConditionMgr:805 - Attr not supported : Dmpu
2024-11-21 13:40:58,017 [ERROR] ConditionMgr:805 - Attr not supported : Dmpu
2024-11-21 13:40:58,022 [WARN] PackLoader:240 - Cannot read IP mode file for RealThread.X-CUBE-RT-Thread_Nano.4.1.1
2024-11-21 13:40:58,026 [WARN] PackLoader:240 - Cannot read IP mode file for STMicroelectronics.FP-ATR-SIGFOX1.3.2.0
2024-11-21 13:40:58,030 [WARN] ConditionMgr:438 - getConditionDescription Invalid condition id : Cortex-A Device cause : null
2024-11-21 13:40:58,051 [WARN] ConditionMgr:1039 - genDependencies : Invalid condition id : Cortex-A Device cause : null
2024-11-21 13:40:58,051 [WARN] ConditionMgr:1039 - genDependencies : Invalid condition id : Cortex-A Device cause : null
2024-11-21 13:40:58,051 [WARN] ConditionMgr:1039 - genDependencies : Invalid condition id : Cortex-A Device cause : null
2024-11-21 13:40:58,056 [WARN] PackLoader:240 - Cannot read IP mode file for STMicroelectronics.X-CUBE-EEPRMA1.5.1.0
2024-11-21 13:40:58,063 [WARN] PackLoader:240 - Cannot read IP mode file for emotas.I-CUBE-CANOPEN.1.1.2
2024-11-21 13:40:58,067 [WARN] PackLoader:240 - Cannot read IP mode file for STMicroelectronics.X-CUBE-TOUCHGFX.4.20.0
2024-11-21 13:40:58,073 [WARN] PackLoader:240 - Cannot read IP mode file for ITTIA_DB.I-CUBE-ITTIADB.8.9.0
2024-11-21 13:40:58,099 [WARN] PackLoader:240 - Cannot read IP mode file for SEGGER.I-CUBE-embOS.1.3.1
2024-11-21 13:40:58,151 [WARN] PackLoader:240 - Cannot read IP mode file for STMicroelectronics.X-CUBE-ALGOBUILD.1.4.0
2024-11-21 13:40:58,154 [WARN] PackLoader:240 - Cannot read IP mode file for STMicroelectronics.X-CUBE-AI.9.1.0
2024-11-21 13:40:58,159 [WARN] PackLoader:240 - Cannot read IP mode file for STMicroelectronics.X-CUBE-GNSS1.6.0.0
2024-11-21 13:40:58,176 [WARN] PackLoader:240 - Cannot read IP mode file for STMicroelectronics.X-CUBE-AZRTOS-F4.1.1.0
2024-11-21 13:40:58,182 [WARN] PackLoader:240 - Cannot read IP mode file for STMicroelectronics.X-CUBE-ISPU.2.1.0
2024-11-21 13:40:58,186 [WARN] PackLoader:240 - Cannot read IP mode file for STMicroelectronics.X-CUBE-FREERTOS.1.2.0
2024-11-21 13:40:58,200 [WARN] PackLoader:240 - Cannot read IP mode file for STMicroelectronics.X-CUBE-AZRTOS-L5.2.0.0
2024-11-21 13:40:58,208 [WARN] PackLoader:240 - Cannot read IP mode file for STMicroelectronics.X-CUBE-NFC6.3.1.0
2024-11-21 13:40:58,214 [WARN] PackLoader:240 - Cannot read IP mode file for STMicroelectronics.X-CUBE-DPower.1.2.0
2024-11-21 13:40:58,218 [WARN] PackLoader:240 - Cannot read IP mode file for STMicroelectronics.X-CUBE-NFC4.2.0.4
2024-11-21 13:40:58,233 [WARN] PackLoader:240 - Cannot read IP mode file for STMicroelectronics.X-CUBE-AZRTOS-F4.1.0.0
2024-11-21 13:40:58,240 [WARN] PackLoader:240 - Cannot read IP mode file for STMicroelectronics.X-CUBE-NFC7.1.0.1
2024-11-21 13:40:58,245 [WARN] PackLoader:240 - Cannot read IP mode file for STMicroelectronics.X-CUBE-NFC7.1.0.0
2024-11-21 13:40:58,259 [WARN] ConditionMgr:438 - getConditionDescription Invalid condition id : LAN8742 Phy interface Condition cause : null
2024-11-21 13:40:58,259 [WARN] PackLoader:240 - Cannot read IP mode file for STMicroelectronics.X-CUBE-AZRTOS-L4.2.0.0
2024-11-21 13:40:58,260 [WARN] ConditionMgr:1039 - genDependencies : Invalid condition id : LAN8742 Phy interface Condition cause : null
2024-11-21 13:40:58,261 [WARN] ConditionMgr:1039 - genDependencies : Invalid condition id : LAN8742 Phy interface Condition cause : null
2024-11-21 13:40:58,261 [WARN] ConditionMgr:1039 - genDependencies : Invalid condition id : LAN8742 Phy interface Condition cause : null
2024-11-21 13:40:58,267 [WARN] PackLoader:240 - Cannot read IP mode file for STMicroelectronics.X-CUBE-SFXS2LP1.4.0.0
2024-11-21 13:40:58,283 [WARN] PackLoader:240 - Cannot read IP mode file for STMicroelectronics.X-CUBE-AZRTOS-H7.3.3.0
2024-11-21 13:40:58,291 [WARN] PackLoader:240 - Cannot read IP mode file for RoweBots.I-CUBE-UNISONRTOS.5.5.0-4
2024-11-21 13:40:58,295 [WARN] PackLoader:240 - Cannot read IP mode file for wolfSSL.I-CUBE-wolfSSL.5.4.0
2024-11-21 13:40:58,303 [WARN] PackLoader:240 - Cannot read IP mode file for STMicroelectronics.X-CUBE-IPS.3.0.0
2024-11-21 13:40:58,316 [WARN] ConditionMgr:438 - getConditionDescription Invalid condition id : UX DEVICE CLASS RTOS Condition cause : null
2024-11-21 13:40:58,316 [WARN] ConditionMgr:438 - getConditionDescription Invalid condition id : UX DEVICE CLASS RTOS Condition cause : null
2024-11-21 13:40:58,318 [WARN] PackLoader:240 - Cannot read IP mode file for STMicroelectronics.X-CUBE-AZRTOS-WB.2.0.0
2024-11-21 13:40:58,318 [WARN] ConditionMgr:1039 - genDependencies : Invalid condition id : UX DEVICE CLASS RTOS Condition cause : null
2024-11-21 13:40:58,318 [WARN] ConditionMgr:1039 - genDependencies : Invalid condition id : UX DEVICE CLASS RTOS Condition cause : null
2024-11-21 13:40:58,318 [WARN] ConditionMgr:1039 - genDependencies : Invalid condition id : UX DEVICE CLASS RTOS Condition cause : null
2024-11-21 13:40:58,319 [WARN] ConditionMgr:1039 - genDependencies : Invalid condition id : UX DEVICE CLASS RTOS Condition cause : null
2024-11-21 13:40:58,319 [WARN] ConditionMgr:1039 - genDependencies : Invalid condition id : UX DEVICE CLASS RTOS Condition cause : null
2024-11-21 13:40:58,323 [WARN] PackLoader:240 - Cannot read IP mode file for STMicroelectronics.X-CUBE-GNSS1.7.0.0
2024-11-21 13:40:58,327 [WARN] PackLoader:240 - Cannot read IP mode file for STMicroelectronics.X-CUBE-BLEMGR.1.0.0
2024-11-21 13:40:58,336 [WARN] PackLoader:240 - Cannot read IP mode file for STMicroelectronics.FP-SNS-STBOX1.2.0.0
2024-11-21 13:40:58,348 [WARN] PackLoader:240 - Cannot read IP mode file for STMicroelectronics.X-CUBE-SUBG2.5.0.0
2024-11-21 13:40:58,356 [WARN] PackLoader:240 - Cannot read IP mode file for Cesanta.I-CUBE-Mongoose.7.13.0
2024-11-21 13:40:58,366 [WARN] PackLoader:240 - Cannot read IP mode file for STMicroelectronics.X-CUBE-AZRTOS-G4.2.0.0
2024-11-21 13:40:58,370 [WARN] PackLoader:240 - Cannot read IP mode file for STMicroelectronics.FP-ATR-ASTRA1.1.1.0
2024-11-21 13:40:58,379 [WARN] PackLoader:240 - Cannot read IP mode file for STMicroelectronics.X-CUBE-AZRTOS-G4.1.0.0
2024-11-21 13:40:58,398 [WARN] PackLoader:240 - Cannot read IP mode file for STMicroelectronics.X-CUBE-AZRTOS-L4.1.0.0
2024-11-21 13:40:58,406 [WARN] PackLoader:240 - Cannot read IP mode file for STMicroelectronics.X-CUBE-ALS.1.0.2
2024-11-21 13:40:58,413 [WARN] PackLoader:240 - Cannot read IP mode file for STMicroelectronics.X-CUBE-AZRTOS-WL.1.0.0
2024-11-21 13:40:58,416 [WARN] PackLoader:240 - Cannot read IP mode file for STMicroelectronics.X-CUBE-TOUCHGFX.4.24.1
2024-11-21 13:40:58,420 [WARN] PackLoader:240 - Cannot read IP mode file for wolfSSL.I-CUBE-wolfTPM.3.4.0
2024-11-21 13:40:58,425 [WARN] PackLoader:240 - Cannot read IP mode file for portGmbH.I-Cube-SoM-uGOAL.1.1.0
2024-11-21 13:40:58,428 [WARN] PackLoader:240 - Cannot read IP mode file for STMicroelectronics.X-CUBE-ALS.1.0.1
2024-11-21 13:40:58,438 [WARN] PackLoader:240 - Cannot read IP mode file for STMicroelectronics.X-CUBE-AZRTOS-L5.1.0.0
2024-11-21 13:40:58,445 [WARN] PackLoader:240 - Cannot read IP mode file for STMicroelectronics.X-CUBE-EEPRMA1.3.1.1
2024-11-21 13:40:58,462 [WARN] PackLoader:240 - Cannot read IP mode file for STMicroelectronics.X-CUBE-AZRTOS-H7RS.1.0.0
2024-11-21 13:40:58,466 [WARN] PackLoader:240 - Cannot read IP mode file for STMicroelectronics.FP-ATR-ASTRA1.2.0.0
2024-11-21 13:40:58,475 [WARN] PackLoader:240 - Cannot read IP mode file for STMicroelectronics.X-CUBE-TOF1.3.4.2
2024-11-21 13:40:58,501 [WARN] PackLoader:240 - Cannot read IP mode file for Infineon.AIROC-Wi-Fi-Bluetooth-STM32.1.6.1
2024-11-21 13:40:58,507 [WARN] PackLoader:240 - Cannot read IP mode file for wolfSSL.I-CUBE-wolfSSH.1.4.17
2024-11-21 13:40:58,508 [INFO] ThirdParty:978 - Integrity check success = true
2024-11-21 13:40:58,508 [INFO] IntegrityCheckThread:100 - exiting critical section [integrity check]
2024-11-21 13:40:58,508 [INFO] IntegrityCheckThread:103 - End integrity checks thread
2024-11-21 14:46:37,633 [INFO] Activator:176 - 


2024-11-21 14:46:37,635 [INFO] Activator:177 - !SESSION log4j initialized
2024-11-21 14:46:41,078 [INFO] LogOutputStream:77 - [STDOUT_REDIRECT] 
2024-11-21 14:46:44,006 [INFO] ApplicationProperties:184 - Using Application install path: C:\ST\STM32CubeIDE_1.16.1\STM32CubeIDE\plugins\com.st.stm32cube.common.mx_6.12.1.202409122256
2024-11-21 14:46:44,022 [INFO] DbMcusXml:78 - Set database path to: C:\ST\STM32CubeIDE_1.16.1\STM32CubeIDE\plugins\com.st.stm32cube.common.mx_6.12.1.202409122256\\db\/mcu/
2024-11-21 14:46:44,023 [INFO] ApiDb:274 - Set plugin database path to: C:\ST\STM32CubeIDE_1.16.1\STM32CubeIDE\plugins\com.st.stm32cube.common.mx_6.12.1.202409122256\\db\/plugins/boardmanager/
2024-11-21 14:46:44,023 [WARN] ApiDb:259 - Overriding images path with different value:  => C:\ST\STM32CubeIDE_1.16.1\STM32CubeIDE\plugins\com.st.stm32cube.common.mx_6.12.1.202409122256\\db\/plugins/mcufinder/images/
2024-11-21 14:46:44,029 [INFO] ApiDb:250 - Set database path to: C:\Users\Bruno\.stmcufinder\plugins\mcufinder//mcu/
2024-11-21 14:46:44,030 [INFO] DbMcusAds:125 - Set database path to: C:\Users\Bruno\.stmcufinder\plugins\mcufinder//mcu/
2024-11-21 14:46:44,032 [INFO] CrossReferenceDbSqlite:203 - Set database path to: C:\Users\Bruno\.stmcufinder\plugins\mcufinder//mcu/cs/
2024-11-21 14:46:44,142 [INFO] RulesReader:64 - Compatibility file has been processed (297 Rules)
2024-11-21 14:46:44,223 [INFO] DbMcusXml:78 - Set database path to: C:\ST\STM32CubeIDE_1.16.1\STM32CubeIDE\plugins\com.st.stm32cube.common.mx_6.12.1.202409122256\\db\/mcu/
2024-11-21 14:46:44,223 [INFO] ApiDb:274 - Set plugin database path to: C:\ST\STM32CubeIDE_1.16.1\STM32CubeIDE\plugins\com.st.stm32cube.common.mx_6.12.1.202409122256\\db\/plugins/boardmanager/
2024-11-21 14:46:44,223 [INFO] ApiDb:261 - Set plugin images path to: C:\ST\STM32CubeIDE_1.16.1\STM32CubeIDE\plugins\com.st.stm32cube.common.mx_6.12.1.202409122256\\db\/plugins/mcufinder/images/
2024-11-21 14:46:44,223 [WARN] DbFile:41 - Overriding database path with different value: C:\Users\Bruno\.stmcufinder\plugins\mcufinder/ => C:\Users\Bruno\.stmcufinder\plugins\mcufinder
2024-11-21 14:46:44,223 [INFO] ApiDb:250 - Set database path to: C:\Users\Bruno\.stmcufinder\plugins\mcufinder//mcu/
2024-11-21 14:46:44,224 [WARN] DbFile:41 - Overriding database path with different value: C:\Users\Bruno\.stmcufinder\plugins\mcufinder/ => C:\Users\Bruno\.stmcufinder\plugins\mcufinder
2024-11-21 14:46:44,224 [INFO] DbMcusAds:125 - Set database path to: C:\Users\Bruno\.stmcufinder\plugins\mcufinder//mcu/
2024-11-21 14:46:44,224 [WARN] DbFile:41 - Overriding database path with different value: C:\Users\Bruno\.stmcufinder\plugins\mcufinder/ => C:\Users\Bruno\.stmcufinder\plugins\mcufinder
2024-11-21 14:46:44,224 [WARN] DbFile:41 - Overriding database path with different value: C:\Users\Bruno\.stmcufinder\plugins\mcufinder/ => C:\Users\Bruno\.stmcufinder\plugins\mcufinder
2024-11-21 14:46:44,224 [INFO] CrossReferenceDbSqlite:203 - Set database path to: C:\Users\Bruno\.stmcufinder\plugins\mcufinder//mcu/cs/
2024-11-21 14:46:44,299 [INFO] MainPanel:268 - HeapMemory: 268435456
2024-11-21 14:46:44,381 [INFO] DbMcusXml:78 - Set database path to: C:\ST\STM32CubeIDE_1.16.1\STM32CubeIDE\plugins\com.st.stm32cube.common.mx_6.12.1.202409122256\\db\/mcu/
2024-11-21 14:46:44,381 [INFO] ApiDb:274 - Set plugin database path to: C:\ST\STM32CubeIDE_1.16.1\STM32CubeIDE\plugins\com.st.stm32cube.common.mx_6.12.1.202409122256\\db\/plugins/boardmanager/
2024-11-21 14:46:44,382 [INFO] ApiDb:261 - Set plugin images path to: C:\ST\STM32CubeIDE_1.16.1\STM32CubeIDE\plugins\com.st.stm32cube.common.mx_6.12.1.202409122256\\db\/plugins/mcufinder/images/
2024-11-21 14:46:44,382 [WARN] DbFile:41 - Overriding database path with different value: C:\Users\Bruno\.stmcufinder\plugins\mcufinder/ => C:\Users\Bruno\.stmcufinder\plugins\mcufinder
2024-11-21 14:46:44,382 [INFO] ApiDb:250 - Set database path to: C:\Users\Bruno\.stmcufinder\plugins\mcufinder//mcu/
2024-11-21 14:46:44,382 [WARN] DbFile:41 - Overriding database path with different value: C:\Users\Bruno\.stmcufinder\plugins\mcufinder/ => C:\Users\Bruno\.stmcufinder\plugins\mcufinder
2024-11-21 14:46:44,382 [INFO] DbMcusAds:125 - Set database path to: C:\Users\Bruno\.stmcufinder\plugins\mcufinder//mcu/
2024-11-21 14:46:44,382 [WARN] DbFile:41 - Overriding database path with different value: C:\Users\Bruno\.stmcufinder\plugins\mcufinder/ => C:\Users\Bruno\.stmcufinder\plugins\mcufinder
2024-11-21 14:46:44,383 [WARN] DbFile:41 - Overriding database path with different value: C:\Users\Bruno\.stmcufinder\plugins\mcufinder/ => C:\Users\Bruno\.stmcufinder\plugins\mcufinder
2024-11-21 14:46:44,383 [INFO] CrossReferenceDbSqlite:203 - Set database path to: C:\Users\Bruno\.stmcufinder\plugins\mcufinder//mcu/cs/
2024-11-21 14:46:44,401 [INFO] ApplicationProperties:184 - Using Application install path: C:\ST\STM32CubeIDE_1.16.1\STM32CubeIDE\plugins\com.st.stm32cube.common.mx_6.12.1.202409122256
2024-11-21 14:46:44,403 [INFO] PluginManage:196 - Search for loadable plugins [exclusion list=, ]
2024-11-21 14:46:44,404 [INFO] PluginManage:310 - Check plugin analytics
2024-11-21 14:46:44,569 [INFO] AnalyticsPlugin:253 - Accepted Software Licenses: STM32CubeMX.6.6.1
2024-11-21 14:46:44,570 [INFO] AnalyticsPlugin:255 - Accepted CMSIS Pack Licenses: 
2024-11-21 14:46:44,570 [INFO] AnalyticsPlugin:257 - Accepted Firmware Licenses: FW.G0.1.6.0
2024-11-21 14:46:44,573 [INFO] PluginManage:359 - Loaded plugin analytics (category:tool,tabindex:-1)
2024-11-21 14:46:44,574 [INFO] PluginManage:310 - Check plugin cadmodel
2024-11-21 14:46:44,578 [INFO] CADModel:105 - Init CAD model plugin
2024-11-21 14:46:44,578 [INFO] PluginManage:359 - Loaded plugin cadmodel (category:power,tabindex:5)
2024-11-21 14:46:44,579 [INFO] PluginManage:310 - Check plugin clock
2024-11-21 14:46:44,587 [INFO] PluginManage:359 - Loaded plugin clock (category:base,tabindex:2)
2024-11-21 14:46:44,587 [INFO] PluginManage:310 - Check plugin ddr
2024-11-21 14:46:44,591 [INFO] PluginManage:359 - Loaded plugin ddr (category:tool,tabindex:6)
2024-11-21 14:46:44,591 [INFO] PluginManage:310 - Check plugin filemanager
2024-11-21 14:46:44,731 [INFO] PluginManage:359 - Loaded plugin filemanager (category:base,tabindex:10)
2024-11-21 14:46:44,731 [INFO] PluginManage:310 - Check plugin ipmanager
2024-11-21 14:46:44,739 [INFO] PluginManage:359 - Loaded plugin ipmanager (category:base,tabindex:5)
2024-11-21 14:46:44,739 [INFO] PluginManage:310 - Check plugin lpbam
2024-11-21 14:46:44,747 [INFO] PluginManage:359 - Loaded plugin lpbam (category:base,tabindex:0)
2024-11-21 14:46:44,747 [INFO] PluginManage:310 - Check plugin memorymap
2024-11-21 14:46:44,760 [INFO] PluginManage:359 - Loaded plugin memorymap (category:base,tabindex:4)
2024-11-21 14:46:44,760 [INFO] PluginManage:310 - Check plugin pinoutandconfiguration
2024-11-21 14:46:44,767 [INFO] PluginManage:359 - Loaded plugin pinoutandconfiguration (category:base,tabindex:1)
2024-11-21 14:46:44,767 [INFO] PluginManage:310 - Check plugin pinoutconfig
2024-11-21 14:46:44,849 [WARN] SupportedApi:132 - Cannot load RTOS API schema: s4s-elt-must-match.1: The content of 'definitions' must match (annotation?, (simpleType | complexType)?, (unique | key | keyref)*)). A problem was found starting at: attribute.
2024-11-21 14:46:44,973 [INFO] PluginManage:359 - Loaded plugin pinoutconfig (category:base,tabindex:0)
2024-11-21 14:46:44,973 [INFO] PluginManage:310 - Check plugin power
2024-11-21 14:46:44,981 [INFO] PluginManage:359 - Loaded plugin power (category:power,tabindex:4)
2024-11-21 14:46:44,982 [INFO] PluginManage:310 - Check plugin projectmanager
2024-11-21 14:46:44,997 [INFO] PluginManage:359 - Loaded plugin projectmanager (category:projectmanager,tabindex:4)
2024-11-21 14:46:44,997 [INFO] PluginManage:310 - Check plugin rif
2024-11-21 14:46:45,002 [INFO] PluginManage:359 - Loaded plugin rif (category:base,tabindex:3)
2024-11-21 14:46:45,003 [INFO] PluginManage:310 - Check plugin thirdparty
2024-11-21 14:46:45,119 [INFO] PluginManage:359 - Loaded plugin thirdparty (category:base,tabindex:-1)
2024-11-21 14:46:45,120 [INFO] PluginManage:310 - Check plugin tools
2024-11-21 14:46:45,120 [WARN] IntegrityCheckThread:84 - waiting for thirdparty lock release [integrity check]
2024-11-21 14:46:45,121 [INFO] IntegrityCheckThread:86 - entering critical section [integrity check]
2024-11-21 14:46:45,121 [INFO] ThirdPartyUpdaterWithRetryManager:70 - Updater plugin not ready yet. [1/15]
2024-11-21 14:46:45,122 [INFO] PluginManage:359 - Loaded plugin tools (category:base,tabindex:7)
2024-11-21 14:46:45,122 [INFO] PluginManage:310 - Check plugin tutovideos
2024-11-21 14:46:45,273 [INFO] PluginManage:359 - Loaded plugin tutovideos (category:base,tabindex:-1)
2024-11-21 14:46:45,273 [INFO] PluginManage:310 - Check plugin updater
2024-11-21 14:46:45,287 [INFO] PluginManage:359 - Loaded plugin updater (category:base,tabindex:12)
2024-11-21 14:46:45,287 [INFO] PluginManage:310 - Check plugin userauth
2024-11-21 14:46:45,292 [INFO] UserAuth:113 - Init User Auth plugin
2024-11-21 14:46:45,292 [INFO] PluginManage:359 - Loaded plugin userauth (category:base,tabindex:14)
2024-11-21 14:46:45,292 [INFO] PluginManage:283 - PluginManage : Loaded plugins [18]
2024-11-21 14:46:45,497 [INFO] PinOutPanel:1561 - setPackage(No Configuration,No Configuration)
2024-11-21 14:46:45,587 [INFO] CADModel:165 - CPN selected for project level
2024-11-21 14:46:45,588 [INFO] CADModel:114 - Register for checkConnection events
2024-11-21 14:46:45,604 [INFO] IPUIPlugin:80 - create IPUIPlugin
2024-11-21 14:46:45,605 [INFO] PluginManager:220 - loadIPPluginJar : add adc
2024-11-21 14:46:45,608 [INFO] IPUIPlugin:80 - create IPUIPlugin
2024-11-21 14:46:45,608 [INFO] PluginManager:220 - loadIPPluginJar : add aes
2024-11-21 14:46:45,611 [INFO] IPUIPlugin:80 - create IPUIPlugin
2024-11-21 14:46:45,611 [INFO] PluginManager:220 - loadIPPluginJar : add can
2024-11-21 14:46:45,613 [INFO] IPUIPlugin:80 - create IPUIPlugin
2024-11-21 14:46:45,613 [INFO] PluginManager:220 - loadIPPluginJar : add comp
2024-11-21 14:46:45,615 [INFO] IPUIPlugin:80 - create IPUIPlugin
2024-11-21 14:46:45,615 [INFO] PluginManager:220 - loadIPPluginJar : add cryp
2024-11-21 14:46:45,617 [INFO] IPUIPlugin:80 - create IPUIPlugin
2024-11-21 14:46:45,617 [INFO] PluginManager:220 - loadIPPluginJar : add ddr_ctrl_phy
2024-11-21 14:46:45,620 [INFO] IPUIPlugin:80 - create IPUIPlugin
2024-11-21 14:46:45,620 [INFO] PluginManager:220 - loadIPPluginJar : add dfsdm
2024-11-21 14:46:45,625 [INFO] IPUIPlugin:80 - create IPUIPlugin
2024-11-21 14:46:45,625 [INFO] PluginManager:220 - loadIPPluginJar : add dma
2024-11-21 14:46:45,628 [INFO] IPUIPlugin:80 - create IPUIPlugin
2024-11-21 14:46:45,628 [INFO] PluginManager:220 - loadIPPluginJar : add dma3
2024-11-21 14:46:45,630 [INFO] IPUIPlugin:80 - create IPUIPlugin
2024-11-21 14:46:45,630 [INFO] PluginManager:220 - loadIPPluginJar : add extmemmanager
2024-11-21 14:46:45,632 [INFO] IPUIPlugin:80 - create IPUIPlugin
2024-11-21 14:46:45,632 [INFO] PluginManager:220 - loadIPPluginJar : add fatfs
2024-11-21 14:46:45,636 [INFO] IPUIPlugin:80 - create IPUIPlugin
2024-11-21 14:46:45,636 [INFO] PluginManager:220 - loadIPPluginJar : add fmc
2024-11-21 14:46:45,641 [INFO] IPUIPlugin:80 - create IPUIPlugin
2024-11-21 14:46:45,641 [INFO] PluginManager:220 - loadIPPluginJar : add freertos
2024-11-21 14:46:45,642 [INFO] IPUIPlugin:80 - create IPUIPlugin
2024-11-21 14:46:45,642 [INFO] PluginManager:220 - loadIPPluginJar : add genericplugin
2024-11-21 14:46:45,644 [INFO] IPUIPlugin:80 - create IPUIPlugin
2024-11-21 14:46:45,645 [INFO] PluginManager:220 - loadIPPluginJar : add gfxmmu
2024-11-21 14:46:45,649 [INFO] IPUIPlugin:80 - create IPUIPlugin
2024-11-21 14:46:45,649 [INFO] PluginManager:220 - loadIPPluginJar : add gic
2024-11-21 14:46:45,653 [INFO] IPUIPlugin:80 - create IPUIPlugin
2024-11-21 14:46:45,653 [INFO] PluginManager:220 - loadIPPluginJar : add gpio
2024-11-21 14:46:45,656 [INFO] IPUIPlugin:80 - create IPUIPlugin
2024-11-21 14:46:45,656 [INFO] PluginManager:220 - loadIPPluginJar : add gtzc
2024-11-21 14:46:45,659 [INFO] IPUIPlugin:80 - create IPUIPlugin
2024-11-21 14:46:45,659 [INFO] PluginManager:220 - loadIPPluginJar : add hash
2024-11-21 14:46:45,662 [INFO] IPUIPlugin:80 - create IPUIPlugin
2024-11-21 14:46:45,662 [INFO] PluginManager:220 - loadIPPluginJar : add i2c
2024-11-21 14:46:45,664 [INFO] IPUIPlugin:80 - create IPUIPlugin
2024-11-21 14:46:45,665 [INFO] PluginManager:220 - loadIPPluginJar : add i2s
2024-11-21 14:46:45,667 [INFO] IPUIPlugin:80 - create IPUIPlugin
2024-11-21 14:46:45,667 [INFO] PluginManager:220 - loadIPPluginJar : add i3c
2024-11-21 14:46:45,670 [INFO] IPUIPlugin:80 - create IPUIPlugin
2024-11-21 14:46:45,670 [INFO] PluginManager:220 - loadIPPluginJar : add ipddr
2024-11-21 14:46:45,676 [INFO] IPUIPlugin:80 - create IPUIPlugin
2024-11-21 14:46:45,676 [INFO] PluginManager:220 - loadIPPluginJar : add linkedlist
2024-11-21 14:46:45,678 [INFO] IPUIPlugin:80 - create IPUIPlugin
2024-11-21 14:46:45,679 [INFO] PluginManager:220 - loadIPPluginJar : add lorawan
2024-11-21 14:46:45,680 [INFO] IPUIPlugin:80 - create IPUIPlugin
2024-11-21 14:46:45,680 [INFO] PluginManager:220 - loadIPPluginJar : add ltdc
2024-11-21 14:46:45,686 [INFO] IPUIPlugin:80 - create IPUIPlugin
2024-11-21 14:46:45,686 [INFO] PluginManager:220 - loadIPPluginJar : add mdma
2024-11-21 14:46:45,689 [INFO] IPUIPlugin:80 - create IPUIPlugin
2024-11-21 14:46:45,689 [INFO] PluginManager:220 - loadIPPluginJar : add nvic
2024-11-21 14:46:45,691 [INFO] IPUIPlugin:80 - create IPUIPlugin
2024-11-21 14:46:45,691 [INFO] PluginManager:220 - loadIPPluginJar : add opamp
2024-11-21 14:46:45,694 [INFO] IPUIPlugin:80 - create IPUIPlugin
2024-11-21 14:46:45,694 [INFO] PluginManager:220 - loadIPPluginJar : add openamp
2024-11-21 14:46:45,697 [INFO] IPUIPlugin:80 - create IPUIPlugin
2024-11-21 14:46:45,697 [INFO] PluginManager:220 - loadIPPluginJar : add pdm2pcm
2024-11-21 14:46:45,702 [INFO] IPUIPlugin:80 - create IPUIPlugin
2024-11-21 14:46:45,705 [INFO] PluginManager:220 - loadIPPluginJar : add plateformsettings
2024-11-21 14:46:45,707 [INFO] IPUIPlugin:80 - create IPUIPlugin
2024-11-21 14:46:45,707 [INFO] PluginManager:220 - loadIPPluginJar : add quadspi
2024-11-21 14:46:45,709 [INFO] IPUIPlugin:80 - create IPUIPlugin
2024-11-21 14:46:45,709 [INFO] PluginManager:220 - loadIPPluginJar : add radio
2024-11-21 14:46:45,712 [INFO] IPUIPlugin:80 - create IPUIPlugin
2024-11-21 14:46:45,712 [INFO] PluginManager:220 - loadIPPluginJar : add resmgrutility
2024-11-21 14:46:45,715 [INFO] IPUIPlugin:80 - create IPUIPlugin
2024-11-21 14:46:45,716 [INFO] PluginManager:220 - loadIPPluginJar : add sai
2024-11-21 14:46:45,718 [INFO] IPUIPlugin:80 - create IPUIPlugin
2024-11-21 14:46:45,718 [INFO] PluginManager:220 - loadIPPluginJar : add spi
2024-11-21 14:46:45,723 [INFO] IPUIPlugin:80 - create IPUIPlugin
2024-11-21 14:46:45,724 [INFO] PluginManager:220 - loadIPPluginJar : add stm32_wpan
2024-11-21 14:46:45,725 [INFO] IPUIPlugin:80 - create IPUIPlugin
2024-11-21 14:46:45,726 [INFO] PluginManager:220 - loadIPPluginJar : add tim
2024-11-21 14:46:45,729 [INFO] IPUIPlugin:80 - create IPUIPlugin
2024-11-21 14:46:45,729 [INFO] PluginManager:220 - loadIPPluginJar : add touchsensing
2024-11-21 14:46:45,731 [INFO] IPUIPlugin:80 - create IPUIPlugin
2024-11-21 14:46:45,732 [INFO] PluginManager:220 - loadIPPluginJar : add tracer_emb
2024-11-21 14:46:45,733 [INFO] IPUIPlugin:80 - create IPUIPlugin
2024-11-21 14:46:45,734 [INFO] PluginManager:220 - loadIPPluginJar : add ts
2024-11-21 14:46:45,735 [INFO] IPUIPlugin:80 - create IPUIPlugin
2024-11-21 14:46:45,735 [INFO] PluginManager:220 - loadIPPluginJar : add tsc
2024-11-21 14:46:45,737 [INFO] IPUIPlugin:80 - create IPUIPlugin
2024-11-21 14:46:45,738 [INFO] PluginManager:220 - loadIPPluginJar : add ucpd
2024-11-21 14:46:45,741 [INFO] IPUIPlugin:80 - create IPUIPlugin
2024-11-21 14:46:45,741 [INFO] PluginManager:220 - loadIPPluginJar : add usart
2024-11-21 14:46:45,744 [INFO] IPUIPlugin:80 - create IPUIPlugin
2024-11-21 14:46:45,744 [INFO] PluginManager:220 - loadIPPluginJar : add usbx
2024-11-21 14:46:45,875 [INFO] CADModel:165 - CPN selected for project level
2024-11-21 14:46:45,875 [INFO] CADModel:114 - Register for checkConnection events
2024-11-21 14:46:45,875 [FATAL] Updater:334 - Updater called before beeing initialized
2024-11-21 14:46:45,875 [ERROR] CADModel:125 - Updater not yet initialized, retry later 
2024-11-21 14:46:46,086 [INFO] CADModel:165 - CPN selected for project level
2024-11-21 14:46:46,086 [INFO] CADModel:114 - Register for checkConnection events
2024-11-21 14:46:46,086 [FATAL] Updater:334 - Updater called before beeing initialized
2024-11-21 14:46:46,086 [ERROR] CADModel:125 - Updater not yet initialized, retry later 
2024-11-21 14:46:46,091 [FATAL] Updater:334 - Updater called before beeing initialized
2024-11-21 14:46:46,202 [FATAL] Updater:334 - Updater called before beeing initialized
2024-11-21 14:46:46,207 [INFO] DbMcusAds:53 - JSON generation date=Fri Sep 20 15:04:38 CEST 2024 (1726837478367)
2024-11-21 14:46:46,207 [FATAL] Updater:334 - Updater called before beeing initialized
2024-11-21 14:46:46,242 [WARN] DetailPanel:346 - Failed to get advertising image, set to default
2024-11-21 14:46:46,339 [FATAL] Updater:334 - Updater called before beeing initialized
2024-11-21 14:46:46,340 [FATAL] Updater:334 - Updater called before beeing initialized
2024-11-21 14:46:46,340 [FATAL] Updater:334 - Updater called before beeing initialized
2024-11-21 14:46:46,340 [WARN] DetailPanel:346 - Failed to get advertising image, set to default
2024-11-21 14:46:46,341 [FATAL] Updater:334 - Updater called before beeing initialized
2024-11-21 14:46:46,387 [ERROR] Updater:1164 - MainUpdater not yet initialized. External WinMGr cannot be set.
2024-11-21 14:46:46,389 [INFO] Updater:1100 - Updater Version found : 6.12.1
2024-11-21 14:46:46,405 [INFO] ApplicationProperties:184 - Using Application install path: C:\ST\STM32CubeIDE_1.16.1\STM32CubeIDE\plugins\com.st.stm32cube.common.mx_6.12.1.202409122256
2024-11-21 14:46:46,692 [INFO] MainUpdater:2873 - connection check result : 10
2024-11-21 14:46:46,692 [INFO] MainUpdater:290 - Updater Check For Update Now.
2024-11-21 14:46:46,692 [INFO] MicroXplorer:498 - Change Database Version : DB.6.0.121
2024-11-21 14:46:46,702 [INFO] McuFinderGlobals:63 - Set McuFinder mode to 2 (CubeIDE integrated)
2024-11-21 14:46:46,703 [INFO] UserAuth:179 - activating auth plugin
2024-11-21 14:46:46,709 [INFO] UserAuth:417 - Internet connection configuration mode: 1
2024-11-21 14:46:46,745 [INFO] JxBrowserEngine:152 - Initiate JxBrowser Engine with user profile folder
2024-11-21 14:46:46,876 [INFO] CheckServerUpdateThread:120 - End of CheckServer Thread
2024-11-21 14:46:47,335 [INFO] WebApp:167 - Instantiating new browser for Auth
2024-11-21 14:46:48,121 [INFO] WebApp:448 - Apply proxy settings
2024-11-21 14:46:48,121 [INFO] WebApp:533 - Chromium requires no authentication
2024-11-21 14:46:48,136 [INFO] WebApp:476 - Direct internet connection detected
2024-11-21 14:46:48,181 [INFO] WebApp:869 - Register for checkConnection events
2024-11-21 14:46:48,182 [INFO] WebApp:448 - Apply proxy settings
2024-11-21 14:46:48,182 [INFO] WebApp:533 - Chromium requires no authentication
2024-11-21 14:46:48,235 [INFO] WebApp:476 - Direct internet connection detected
2024-11-21 14:46:48,419 [INFO] WebApp:220 - Starting web application
2024-11-21 14:46:48,419 [INFO] WebApp:578 - Web application path used C:\ST\STM32CubeIDE_1.16.1\STM32CubeIDE\plugins\com.st.stm32cube.common.mx_6.12.1.202409122256\db\plugins\mcufinder\reactClient1\index.html
2024-11-21 14:46:48,419 [WARN] PackLoader:240 - Cannot read IP mode file for STMicroelectronics.FP-SNS-MOTENVWB1.1.4.0
2024-11-21 14:46:48,429 [WARN] PackLoader:240 - Cannot read IP mode file for STMicroelectronics.FP-ATR-ASTRA1.2.0.1
2024-11-21 14:46:48,438 [WARN] PackLoader:240 - Cannot read IP mode file for STMicroelectronics.X-CUBE-SMBUS.2.1.0
2024-11-21 14:46:48,448 [WARN] PackLoader:240 - Cannot read IP mode file for STMicroelectronics.X-CUBE-WB05N.1.1.0
2024-11-21 14:46:48,549 [WARN] PackLoader:240 - Cannot read IP mode file for STMicroelectronics.X-CUBE-MEMS1.9.2.0
2024-11-21 14:46:48,822 [WARN] PackLoader:240 - Cannot read IP mode file for STMicroelectronics.X-CUBE-AZRTOS-F7.1.1.0
2024-11-21 14:46:48,832 [WARN] PackLoader:240 - Cannot read IP mode file for STMicroelectronics.X-CUBE-BLE1.6.2.3
2024-11-21 14:46:48,886 [WARN] PackLoader:240 - Cannot read IP mode file for STMicroelectronics.X-CUBE-MEMS1.11.0.0
2024-11-21 14:46:49,037 [WARN] PackLoader:240 - Cannot read IP mode file for STMicroelectronics.FP-SNS-FLIGHT1.5.0.2
2024-11-21 14:46:49,047 [WARN] PackLoader:240 - Cannot read IP mode file for STMicroelectronics.X-CUBE-TOF1.3.1.0
2024-11-21 14:46:49,057 [WARN] PackLoader:240 - Cannot read IP mode file for STMicroelectronics.X-CUBE-DISPLAY.3.0.0
2024-11-21 14:46:49,064 [WARN] PackLoader:240 - Cannot read IP mode file for STMicroelectronics.X-CUBE-BLE1.7.0.0
2024-11-21 14:46:49,070 [WARN] PackLoader:240 - Cannot read IP mode file for STMicroelectronics.X-CUBE-NFC10.1.0.0
2024-11-21 14:46:49,075 [WARN] PackLoader:240 - Cannot read IP mode file for STMicroelectronics.X-CUBE-AI.7.2.0
2024-11-21 14:46:49,083 [WARN] PackLoader:240 - Cannot read IP mode file for STMicroelectronics.X-CUBE-BLEMGR.3.1.0
2024-11-21 14:46:49,090 [WARN] PackLoader:240 - Cannot read IP mode file for STMicroelectronics.FP-SNS-SMARTAG2.1.2.0
2024-11-21 14:46:49,099 [INFO] LogOutputStream:77 - [STDOUT_REDIRECT] 1 : Invalid condition id : UX_CORESTACK_Condition cause : null
2024-11-21 14:46:49,100 [INFO] LogOutputStream:77 - [STDOUT_REDIRECT] 1 : Invalid condition id : UX_CORESTACK_Condition cause : null
2024-11-21 14:46:49,101 [INFO] LogOutputStream:77 - [STDOUT_REDIRECT] 1 : Invalid condition id : UX_CORESTACK_Condition cause : null
2024-11-21 14:46:49,102 [INFO] LogOutputStream:77 - [STDOUT_REDIRECT] 1 : Invalid condition id : UX_CORESTACK_Condition cause : null
2024-11-21 14:46:49,104 [INFO] LogOutputStream:77 - [STDOUT_REDIRECT] 1 : Invalid condition id : UX_CORESTACK_Condition cause : null
2024-11-21 14:46:49,107 [WARN] PackLoader:240 - Cannot read IP mode file for STMicroelectronics.X-CUBE-AZRTOS-WL.2.0.0
2024-11-21 14:46:49,112 [WARN] PackLoader:240 - Cannot read IP mode file for STMicroelectronics.FP-SNS-MOTENV1.5.0.0
2024-11-21 14:46:49,117 [WARN] PackLoader:240 - Cannot read IP mode file for wolfSSL.I-CUBE-wolfMQTT.1.19.0
2024-11-21 14:46:49,124 [WARN] PackLoader:240 - Cannot read IP mode file for WES.I-CUBE-Cesium.1.3.0
2024-11-21 14:46:49,128 [WARN] PackLoader:240 - Cannot read IP mode file for STMicroelectronics.X-CUBE-BLE2.3.3.0
2024-11-21 14:46:49,152 [WARN] PackLoader:240 - Cannot read IP mode file for STMicroelectronics.X-CUBE-DISPLAY.2.2.0
2024-11-21 14:46:49,159 [INFO] WebApp:186 - Connection restablished
2024-11-21 14:46:49,161 [WARN] PackLoader:240 - Cannot read IP mode file for STMicroelectronics.X-CUBE-NFC9.1.0.0
2024-11-21 14:46:49,180 [WARN] PackLoader:240 - Cannot read IP mode file for STMicroelectronics.X-CUBE-AZRTOS-H7.2.1.0
2024-11-21 14:46:49,188 [WARN] PackLoader:240 - Cannot read IP mode file for STMicroelectronics.X-CUBE-TCPP.4.1.0
2024-11-21 14:46:49,196 [WARN] PackLoader:240 - Cannot read IP mode file for STMicroelectronics.X-CUBE-ALGOBUILD.1.3.0
2024-11-21 14:46:49,214 [WARN] PackLoader:240 - Cannot read IP mode file for STMicroelectronics.X-CUBE-AZRTOS-G0.1.1.0
2024-11-21 14:46:49,226 [WARN] PackLoader:240 - Cannot read IP mode file for STMicroelectronics.X-CUBE-SAFEA1.1.2.2
2024-11-21 14:46:49,233 [WARN] PackLoader:240 - Cannot read IP mode file for STMicroelectronics.X-CUBE-NFC4.3.0.0
2024-11-21 14:46:49,292 [WARN] PackLoader:240 - Cannot read IP mode file for SEGGER.I-CUBE-embOS.1.2.0
2024-11-21 14:46:49,334 [WARN] PackLoader:240 - Cannot read IP mode file for EmbeddedOffice.I-CUBE-FS-RTOS.1.0.1
2024-11-21 14:46:49,335 [ERROR] ConditionMgr:805 - Attr not supported : Dmpu
2024-11-21 14:46:49,335 [ERROR] ConditionMgr:805 - Attr not supported : Dmpu
2024-11-21 14:46:49,335 [ERROR] ConditionMgr:805 - Attr not supported : Dmpu
2024-11-21 14:46:49,335 [ERROR] ConditionMgr:805 - Attr not supported : Dmpu
2024-11-21 14:46:49,335 [ERROR] ConditionMgr:805 - Attr not supported : Dmpu
2024-11-21 14:46:49,336 [ERROR] ConditionMgr:805 - Attr not supported : Dmpu
2024-11-21 14:46:49,336 [ERROR] ConditionMgr:805 - Attr not supported : Dmpu
2024-11-21 14:46:49,336 [ERROR] ConditionMgr:805 - Attr not supported : Dmpu
2024-11-21 14:46:49,336 [ERROR] ConditionMgr:805 - Attr not supported : Dmpu
2024-11-21 14:46:49,336 [ERROR] ConditionMgr:805 - Attr not supported : Dmpu
2024-11-21 14:46:49,336 [ERROR] ConditionMgr:805 - Attr not supported : Dmpu
2024-11-21 14:46:49,336 [ERROR] ConditionMgr:805 - Attr not supported : Dmpu
2024-11-21 14:46:49,337 [ERROR] ConditionMgr:805 - Attr not supported : Dmpu
2024-11-21 14:46:49,337 [ERROR] ConditionMgr:805 - Attr not supported : Dmpu
2024-11-21 14:46:49,337 [ERROR] ConditionMgr:805 - Attr not supported : Dmpu
2024-11-21 14:46:49,337 [ERROR] ConditionMgr:805 - Attr not supported : Dmpu
2024-11-21 14:46:49,337 [ERROR] ConditionMgr:805 - Attr not supported : Dmpu
2024-11-21 14:46:49,337 [ERROR] ConditionMgr:805 - Attr not supported : Dmpu
2024-11-21 14:46:49,337 [ERROR] ConditionMgr:805 - Attr not supported : Dmpu
2024-11-21 14:46:49,337 [ERROR] ConditionMgr:805 - Attr not supported : Dmpu
2024-11-21 14:46:49,337 [ERROR] ConditionMgr:805 - Attr not supported : Dmpu
2024-11-21 14:46:49,337 [ERROR] ConditionMgr:805 - Attr not supported : Dmpu
2024-11-21 14:46:49,337 [ERROR] ConditionMgr:805 - Attr not supported : Dmpu
2024-11-21 14:46:49,337 [ERROR] ConditionMgr:805 - Attr not supported : Dmpu
2024-11-21 14:46:49,337 [ERROR] ConditionMgr:805 - Attr not supported : Dmpu
2024-11-21 14:46:49,338 [ERROR] ConditionMgr:805 - Attr not supported : Dmpu
2024-11-21 14:46:49,338 [ERROR] ConditionMgr:805 - Attr not supported : Dmpu
2024-11-21 14:46:49,338 [ERROR] ConditionMgr:805 - Attr not supported : Dmpu
2024-11-21 14:46:49,338 [ERROR] ConditionMgr:805 - Attr not supported : Dmpu
2024-11-21 14:46:49,338 [ERROR] ConditionMgr:805 - Attr not supported : Dmpu
2024-11-21 14:46:49,338 [ERROR] ConditionMgr:805 - Attr not supported : Dmpu
2024-11-21 14:46:49,338 [ERROR] ConditionMgr:805 - Attr not supported : Dmpu
2024-11-21 14:46:49,338 [ERROR] ConditionMgr:805 - Attr not supported : Dmpu
2024-11-21 14:46:49,338 [ERROR] ConditionMgr:805 - Attr not supported : Dmpu
2024-11-21 14:46:49,338 [ERROR] ConditionMgr:805 - Attr not supported : Dmpu
2024-11-21 14:46:49,338 [ERROR] ConditionMgr:805 - Attr not supported : Dmpu
2024-11-21 14:46:49,338 [ERROR] ConditionMgr:805 - Attr not supported : Dmpu
2024-11-21 14:46:49,338 [ERROR] ConditionMgr:805 - Attr not supported : Dmpu
2024-11-21 14:46:49,338 [ERROR] ConditionMgr:805 - Attr not supported : Dmpu
2024-11-21 14:46:49,339 [ERROR] ConditionMgr:805 - Attr not supported : Dmpu
2024-11-21 14:46:49,339 [ERROR] ConditionMgr:805 - Attr not supported : Dmpu
2024-11-21 14:46:49,339 [ERROR] ConditionMgr:805 - Attr not supported : Dmpu
2024-11-21 14:46:49,339 [ERROR] ConditionMgr:805 - Attr not supported : Dmpu
2024-11-21 14:46:49,339 [ERROR] ConditionMgr:805 - Attr not supported : Dmpu
2024-11-21 14:46:49,339 [ERROR] ConditionMgr:805 - Attr not supported : Dmpu
2024-11-21 14:46:49,339 [ERROR] ConditionMgr:805 - Attr not supported : Dmpu
2024-11-21 14:46:49,339 [ERROR] ConditionMgr:805 - Attr not supported : Dmpu
2024-11-21 14:46:49,339 [ERROR] ConditionMgr:805 - Attr not supported : Dmpu
2024-11-21 14:46:49,339 [ERROR] ConditionMgr:805 - Attr not supported : Dmpu
2024-11-21 14:46:49,340 [ERROR] ConditionMgr:805 - Attr not supported : Dmpu
2024-11-21 14:46:49,340 [ERROR] ConditionMgr:805 - Attr not supported : Dmpu
2024-11-21 14:46:49,340 [ERROR] ConditionMgr:805 - Attr not supported : Dmpu
2024-11-21 14:46:49,340 [ERROR] ConditionMgr:805 - Attr not supported : Dmpu
2024-11-21 14:46:49,340 [ERROR] ConditionMgr:805 - Attr not supported : Dmpu
2024-11-21 14:46:49,341 [ERROR] ConditionMgr:805 - Attr not supported : Dmpu
2024-11-21 14:46:49,341 [ERROR] ConditionMgr:805 - Attr not supported : Dmpu
2024-11-21 14:46:49,341 [ERROR] ConditionMgr:805 - Attr not supported : Dmpu
2024-11-21 14:46:49,341 [ERROR] ConditionMgr:805 - Attr not supported : Dmpu
2024-11-21 14:46:49,341 [ERROR] ConditionMgr:805 - Attr not supported : Dmpu
2024-11-21 14:46:49,341 [ERROR] ConditionMgr:805 - Attr not supported : Dmpu
2024-11-21 14:46:49,341 [ERROR] ConditionMgr:805 - Attr not supported : Dmpu
2024-11-21 14:46:49,341 [ERROR] ConditionMgr:805 - Attr not supported : Dmpu
2024-11-21 14:46:49,341 [ERROR] ConditionMgr:805 - Attr not supported : Dmpu
2024-11-21 14:46:49,341 [ERROR] ConditionMgr:805 - Attr not supported : Dmpu
2024-11-21 14:46:49,346 [WARN] PackLoader:240 - Cannot read IP mode file for RealThread.X-CUBE-RT-Thread_Nano.4.1.1
2024-11-21 14:46:49,350 [WARN] PackLoader:240 - Cannot read IP mode file for STMicroelectronics.FP-ATR-SIGFOX1.3.2.0
2024-11-21 14:46:49,354 [WARN] ConditionMgr:438 - getConditionDescription Invalid condition id : Cortex-A Device cause : null
2024-11-21 14:46:49,376 [WARN] ConditionMgr:1039 - genDependencies : Invalid condition id : Cortex-A Device cause : null
2024-11-21 14:46:49,376 [WARN] ConditionMgr:1039 - genDependencies : Invalid condition id : Cortex-A Device cause : null
2024-11-21 14:46:49,376 [WARN] ConditionMgr:1039 - genDependencies : Invalid condition id : Cortex-A Device cause : null
2024-11-21 14:46:49,381 [WARN] PackLoader:240 - Cannot read IP mode file for STMicroelectronics.X-CUBE-EEPRMA1.5.1.0
2024-11-21 14:46:49,423 [WARN] PackLoader:240 - Cannot read IP mode file for emotas.I-CUBE-CANOPEN.1.1.2
2024-11-21 14:46:49,428 [WARN] PackLoader:240 - Cannot read IP mode file for STMicroelectronics.X-CUBE-TOUCHGFX.4.20.0
2024-11-21 14:46:49,433 [WARN] PackLoader:240 - Cannot read IP mode file for ITTIA_DB.I-CUBE-ITTIADB.8.9.0
2024-11-21 14:46:49,458 [WARN] PackLoader:240 - Cannot read IP mode file for SEGGER.I-CUBE-embOS.1.3.1
2024-11-21 14:46:49,489 [WARN] PackLoader:240 - Cannot read IP mode file for STMicroelectronics.X-CUBE-ALGOBUILD.1.4.0
2024-11-21 14:46:49,493 [WARN] PackLoader:240 - Cannot read IP mode file for STMicroelectronics.X-CUBE-AI.9.1.0
2024-11-21 14:46:49,498 [WARN] PackLoader:240 - Cannot read IP mode file for STMicroelectronics.X-CUBE-GNSS1.6.0.0
2024-11-21 14:46:49,513 [WARN] PackLoader:240 - Cannot read IP mode file for STMicroelectronics.X-CUBE-AZRTOS-F4.1.1.0
2024-11-21 14:46:49,534 [WARN] PackLoader:240 - Cannot read IP mode file for STMicroelectronics.X-CUBE-ISPU.2.1.0
2024-11-21 14:46:49,546 [WARN] PackLoader:240 - Cannot read IP mode file for STMicroelectronics.X-CUBE-FREERTOS.1.2.0
2024-11-21 14:46:49,561 [WARN] PackLoader:240 - Cannot read IP mode file for STMicroelectronics.X-CUBE-AZRTOS-L5.2.0.0
2024-11-21 14:46:49,571 [WARN] PackLoader:240 - Cannot read IP mode file for STMicroelectronics.X-CUBE-NFC6.3.1.0
2024-11-21 14:46:49,579 [WARN] PackLoader:240 - Cannot read IP mode file for STMicroelectronics.X-CUBE-DPower.1.2.0
2024-11-21 14:46:49,583 [WARN] PackLoader:240 - Cannot read IP mode file for STMicroelectronics.X-CUBE-NFC4.2.0.4
2024-11-21 14:46:49,600 [WARN] PackLoader:240 - Cannot read IP mode file for STMicroelectronics.X-CUBE-AZRTOS-F4.1.0.0
2024-11-21 14:46:49,608 [WARN] PackLoader:240 - Cannot read IP mode file for STMicroelectronics.X-CUBE-NFC7.1.0.1
2024-11-21 14:46:49,612 [WARN] PackLoader:240 - Cannot read IP mode file for STMicroelectronics.X-CUBE-NFC7.1.0.0
2024-11-21 14:46:49,628 [WARN] ConditionMgr:438 - getConditionDescription Invalid condition id : LAN8742 Phy interface Condition cause : null
2024-11-21 14:46:49,629 [WARN] PackLoader:240 - Cannot read IP mode file for STMicroelectronics.X-CUBE-AZRTOS-L4.2.0.0
2024-11-21 14:46:49,630 [WARN] ConditionMgr:1039 - genDependencies : Invalid condition id : LAN8742 Phy interface Condition cause : null
2024-11-21 14:46:49,630 [WARN] ConditionMgr:1039 - genDependencies : Invalid condition id : LAN8742 Phy interface Condition cause : null
2024-11-21 14:46:49,631 [WARN] ConditionMgr:1039 - genDependencies : Invalid condition id : LAN8742 Phy interface Condition cause : null
2024-11-21 14:46:49,637 [WARN] PackLoader:240 - Cannot read IP mode file for STMicroelectronics.X-CUBE-SFXS2LP1.4.0.0
2024-11-21 14:46:49,687 [WARN] PackLoader:240 - Cannot read IP mode file for STMicroelectronics.X-CUBE-AZRTOS-H7.3.3.0
2024-11-21 14:46:49,700 [WARN] PackLoader:240 - Cannot read IP mode file for RoweBots.I-CUBE-UNISONRTOS.5.5.0-4
2024-11-21 14:46:49,705 [WARN] PackLoader:240 - Cannot read IP mode file for wolfSSL.I-CUBE-wolfSSL.5.4.0
2024-11-21 14:46:49,715 [WARN] PackLoader:240 - Cannot read IP mode file for STMicroelectronics.X-CUBE-IPS.3.0.0
2024-11-21 14:46:49,730 [WARN] ConditionMgr:438 - getConditionDescription Invalid condition id : UX DEVICE CLASS RTOS Condition cause : null
2024-11-21 14:46:49,731 [WARN] ConditionMgr:438 - getConditionDescription Invalid condition id : UX DEVICE CLASS RTOS Condition cause : null
2024-11-21 14:46:49,732 [WARN] PackLoader:240 - Cannot read IP mode file for STMicroelectronics.X-CUBE-AZRTOS-WB.2.0.0
2024-11-21 14:46:49,733 [WARN] ConditionMgr:1039 - genDependencies : Invalid condition id : UX DEVICE CLASS RTOS Condition cause : null
2024-11-21 14:46:49,733 [WARN] ConditionMgr:1039 - genDependencies : Invalid condition id : UX DEVICE CLASS RTOS Condition cause : null
2024-11-21 14:46:49,734 [WARN] ConditionMgr:1039 - genDependencies : Invalid condition id : UX DEVICE CLASS RTOS Condition cause : null
2024-11-21 14:46:49,734 [WARN] ConditionMgr:1039 - genDependencies : Invalid condition id : UX DEVICE CLASS RTOS Condition cause : null
2024-11-21 14:46:49,734 [WARN] ConditionMgr:1039 - genDependencies : Invalid condition id : UX DEVICE CLASS RTOS Condition cause : null
2024-11-21 14:46:49,739 [WARN] PackLoader:240 - Cannot read IP mode file for STMicroelectronics.X-CUBE-GNSS1.7.0.0
2024-11-21 14:46:49,745 [WARN] PackLoader:240 - Cannot read IP mode file for STMicroelectronics.X-CUBE-BLEMGR.1.0.0
2024-11-21 14:46:49,753 [WARN] PackLoader:240 - Cannot read IP mode file for STMicroelectronics.FP-SNS-STBOX1.2.0.0
2024-11-21 14:46:49,764 [WARN] PackLoader:240 - Cannot read IP mode file for STMicroelectronics.X-CUBE-SUBG2.5.0.0
2024-11-21 14:46:49,782 [WARN] PackLoader:240 - Cannot read IP mode file for Cesanta.I-CUBE-Mongoose.7.13.0
2024-11-21 14:46:49,795 [WARN] PackLoader:240 - Cannot read IP mode file for STMicroelectronics.X-CUBE-AZRTOS-G4.2.0.0
2024-11-21 14:46:49,799 [WARN] PackLoader:240 - Cannot read IP mode file for STMicroelectronics.FP-ATR-ASTRA1.1.1.0
2024-11-21 14:46:49,815 [WARN] PackLoader:240 - Cannot read IP mode file for STMicroelectronics.X-CUBE-AZRTOS-G4.1.0.0
2024-11-21 14:46:49,831 [WARN] PackLoader:240 - Cannot read IP mode file for STMicroelectronics.X-CUBE-AZRTOS-L4.1.0.0
2024-11-21 14:46:49,836 [WARN] PackLoader:240 - Cannot read IP mode file for STMicroelectronics.X-CUBE-ALS.1.0.2
2024-11-21 14:46:49,846 [WARN] PackLoader:240 - Cannot read IP mode file for STMicroelectronics.X-CUBE-AZRTOS-WL.1.0.0
2024-11-21 14:46:49,849 [WARN] PackLoader:240 - Cannot read IP mode file for STMicroelectronics.X-CUBE-TOUCHGFX.4.24.1
2024-11-21 14:46:49,852 [WARN] PackLoader:240 - Cannot read IP mode file for wolfSSL.I-CUBE-wolfTPM.3.4.0
2024-11-21 14:46:49,858 [WARN] PackLoader:240 - Cannot read IP mode file for portGmbH.I-Cube-SoM-uGOAL.1.1.0
2024-11-21 14:46:49,863 [WARN] PackLoader:240 - Cannot read IP mode file for STMicroelectronics.X-CUBE-ALS.1.0.1
2024-11-21 14:46:49,875 [WARN] PackLoader:240 - Cannot read IP mode file for STMicroelectronics.X-CUBE-AZRTOS-L5.1.0.0
2024-11-21 14:46:49,881 [WARN] PackLoader:240 - Cannot read IP mode file for STMicroelectronics.X-CUBE-EEPRMA1.3.1.1
2024-11-21 14:46:49,917 [WARN] PackLoader:240 - Cannot read IP mode file for STMicroelectronics.X-CUBE-AZRTOS-H7RS.1.0.0
2024-11-21 14:46:49,922 [WARN] PackLoader:240 - Cannot read IP mode file for STMicroelectronics.FP-ATR-ASTRA1.2.0.0
2024-11-21 14:46:49,930 [WARN] PackLoader:240 - Cannot read IP mode file for STMicroelectronics.X-CUBE-TOF1.3.4.2
2024-11-21 14:46:49,958 [WARN] PackLoader:240 - Cannot read IP mode file for Infineon.AIROC-Wi-Fi-Bluetooth-STM32.1.6.1
2024-11-21 14:46:49,965 [WARN] PackLoader:240 - Cannot read IP mode file for wolfSSL.I-CUBE-wolfSSH.1.4.17
2024-11-21 14:46:49,965 [INFO] ThirdParty:978 - Integrity check success = true
2024-11-21 14:46:49,965 [INFO] IntegrityCheckThread:100 - exiting critical section [integrity check]
2024-11-21 14:46:49,965 [INFO] IntegrityCheckThread:103 - End integrity checks thread
2024-11-21 14:47:12,882 [INFO] Activator:176 - 


2024-11-21 14:47:12,884 [INFO] Activator:177 - !SESSION log4j initialized
2024-11-21 14:47:16,773 [INFO] LogOutputStream:77 - [STDOUT_REDIRECT] 
2024-11-21 14:47:19,787 [INFO] ApplicationProperties:184 - Using Application install path: C:\ST\STM32CubeIDE_1.16.1\STM32CubeIDE\plugins\com.st.stm32cube.common.mx_6.12.1.202409122256
2024-11-21 14:47:19,802 [INFO] DbMcusXml:78 - Set database path to: C:\ST\STM32CubeIDE_1.16.1\STM32CubeIDE\plugins\com.st.stm32cube.common.mx_6.12.1.202409122256\\db\/mcu/
2024-11-21 14:47:19,803 [INFO] ApiDb:274 - Set plugin database path to: C:\ST\STM32CubeIDE_1.16.1\STM32CubeIDE\plugins\com.st.stm32cube.common.mx_6.12.1.202409122256\\db\/plugins/boardmanager/
2024-11-21 14:47:19,803 [WARN] ApiDb:259 - Overriding images path with different value:  => C:\ST\STM32CubeIDE_1.16.1\STM32CubeIDE\plugins\com.st.stm32cube.common.mx_6.12.1.202409122256\\db\/plugins/mcufinder/images/
2024-11-21 14:47:19,808 [INFO] ApiDb:250 - Set database path to: C:\Users\Bruno\.stmcufinder\plugins\mcufinder//mcu/
2024-11-21 14:47:19,810 [INFO] DbMcusAds:125 - Set database path to: C:\Users\Bruno\.stmcufinder\plugins\mcufinder//mcu/
2024-11-21 14:47:19,812 [INFO] CrossReferenceDbSqlite:203 - Set database path to: C:\Users\Bruno\.stmcufinder\plugins\mcufinder//mcu/cs/
2024-11-21 14:47:19,916 [INFO] RulesReader:64 - Compatibility file has been processed (297 Rules)
2024-11-21 14:47:19,982 [INFO] DbMcusXml:78 - Set database path to: C:\ST\STM32CubeIDE_1.16.1\STM32CubeIDE\plugins\com.st.stm32cube.common.mx_6.12.1.202409122256\\db\/mcu/
2024-11-21 14:47:19,982 [INFO] ApiDb:274 - Set plugin database path to: C:\ST\STM32CubeIDE_1.16.1\STM32CubeIDE\plugins\com.st.stm32cube.common.mx_6.12.1.202409122256\\db\/plugins/boardmanager/
2024-11-21 14:47:19,983 [INFO] ApiDb:261 - Set plugin images path to: C:\ST\STM32CubeIDE_1.16.1\STM32CubeIDE\plugins\com.st.stm32cube.common.mx_6.12.1.202409122256\\db\/plugins/mcufinder/images/
2024-11-21 14:47:19,983 [WARN] DbFile:41 - Overriding database path with different value: C:\Users\Bruno\.stmcufinder\plugins\mcufinder/ => C:\Users\Bruno\.stmcufinder\plugins\mcufinder
2024-11-21 14:47:19,983 [INFO] ApiDb:250 - Set database path to: C:\Users\Bruno\.stmcufinder\plugins\mcufinder//mcu/
2024-11-21 14:47:19,983 [WARN] DbFile:41 - Overriding database path with different value: C:\Users\Bruno\.stmcufinder\plugins\mcufinder/ => C:\Users\Bruno\.stmcufinder\plugins\mcufinder
2024-11-21 14:47:19,983 [INFO] DbMcusAds:125 - Set database path to: C:\Users\Bruno\.stmcufinder\plugins\mcufinder//mcu/
2024-11-21 14:47:19,983 [WARN] DbFile:41 - Overriding database path with different value: C:\Users\Bruno\.stmcufinder\plugins\mcufinder/ => C:\Users\Bruno\.stmcufinder\plugins\mcufinder
2024-11-21 14:47:19,983 [WARN] DbFile:41 - Overriding database path with different value: C:\Users\Bruno\.stmcufinder\plugins\mcufinder/ => C:\Users\Bruno\.stmcufinder\plugins\mcufinder
2024-11-21 14:47:19,983 [INFO] CrossReferenceDbSqlite:203 - Set database path to: C:\Users\Bruno\.stmcufinder\plugins\mcufinder//mcu/cs/
2024-11-21 14:47:20,056 [INFO] MainPanel:268 - HeapMemory: 268435456
2024-11-21 14:47:20,132 [INFO] DbMcusXml:78 - Set database path to: C:\ST\STM32CubeIDE_1.16.1\STM32CubeIDE\plugins\com.st.stm32cube.common.mx_6.12.1.202409122256\\db\/mcu/
2024-11-21 14:47:20,132 [INFO] ApiDb:274 - Set plugin database path to: C:\ST\STM32CubeIDE_1.16.1\STM32CubeIDE\plugins\com.st.stm32cube.common.mx_6.12.1.202409122256\\db\/plugins/boardmanager/
2024-11-21 14:47:20,133 [INFO] ApiDb:261 - Set plugin images path to: C:\ST\STM32CubeIDE_1.16.1\STM32CubeIDE\plugins\com.st.stm32cube.common.mx_6.12.1.202409122256\\db\/plugins/mcufinder/images/
2024-11-21 14:47:20,133 [WARN] DbFile:41 - Overriding database path with different value: C:\Users\Bruno\.stmcufinder\plugins\mcufinder/ => C:\Users\Bruno\.stmcufinder\plugins\mcufinder
2024-11-21 14:47:20,133 [INFO] ApiDb:250 - Set database path to: C:\Users\Bruno\.stmcufinder\plugins\mcufinder//mcu/
2024-11-21 14:47:20,133 [WARN] DbFile:41 - Overriding database path with different value: C:\Users\Bruno\.stmcufinder\plugins\mcufinder/ => C:\Users\Bruno\.stmcufinder\plugins\mcufinder
2024-11-21 14:47:20,133 [INFO] DbMcusAds:125 - Set database path to: C:\Users\Bruno\.stmcufinder\plugins\mcufinder//mcu/
2024-11-21 14:47:20,133 [WARN] DbFile:41 - Overriding database path with different value: C:\Users\Bruno\.stmcufinder\plugins\mcufinder/ => C:\Users\Bruno\.stmcufinder\plugins\mcufinder
2024-11-21 14:47:20,133 [WARN] DbFile:41 - Overriding database path with different value: C:\Users\Bruno\.stmcufinder\plugins\mcufinder/ => C:\Users\Bruno\.stmcufinder\plugins\mcufinder
2024-11-21 14:47:20,133 [INFO] CrossReferenceDbSqlite:203 - Set database path to: C:\Users\Bruno\.stmcufinder\plugins\mcufinder//mcu/cs/
2024-11-21 14:47:20,150 [INFO] ApplicationProperties:184 - Using Application install path: C:\ST\STM32CubeIDE_1.16.1\STM32CubeIDE\plugins\com.st.stm32cube.common.mx_6.12.1.202409122256
2024-11-21 14:47:20,151 [INFO] PluginManage:196 - Search for loadable plugins [exclusion list=, ]
2024-11-21 14:47:20,152 [INFO] PluginManage:310 - Check plugin analytics
2024-11-21 14:47:20,314 [INFO] AnalyticsPlugin:253 - Accepted Software Licenses: STM32CubeMX.6.6.1
2024-11-21 14:47:20,314 [INFO] AnalyticsPlugin:255 - Accepted CMSIS Pack Licenses: 
2024-11-21 14:47:20,315 [INFO] AnalyticsPlugin:257 - Accepted Firmware Licenses: FW.G0.1.6.0
2024-11-21 14:47:20,317 [INFO] PluginManage:359 - Loaded plugin analytics (category:tool,tabindex:-1)
2024-11-21 14:47:20,317 [INFO] PluginManage:310 - Check plugin cadmodel
2024-11-21 14:47:20,321 [INFO] CADModel:105 - Init CAD model plugin
2024-11-21 14:47:20,321 [INFO] PluginManage:359 - Loaded plugin cadmodel (category:power,tabindex:5)
2024-11-21 14:47:20,321 [INFO] PluginManage:310 - Check plugin clock
2024-11-21 14:47:20,329 [INFO] PluginManage:359 - Loaded plugin clock (category:base,tabindex:2)
2024-11-21 14:47:20,329 [INFO] PluginManage:310 - Check plugin ddr
2024-11-21 14:47:20,331 [INFO] PluginManage:359 - Loaded plugin ddr (category:tool,tabindex:6)
2024-11-21 14:47:20,331 [INFO] PluginManage:310 - Check plugin filemanager
2024-11-21 14:47:20,485 [INFO] PluginManage:359 - Loaded plugin filemanager (category:base,tabindex:10)
2024-11-21 14:47:20,486 [INFO] PluginManage:310 - Check plugin ipmanager
2024-11-21 14:47:20,492 [INFO] PluginManage:359 - Loaded plugin ipmanager (category:base,tabindex:5)
2024-11-21 14:47:20,492 [INFO] PluginManage:310 - Check plugin lpbam
2024-11-21 14:47:20,501 [INFO] PluginManage:359 - Loaded plugin lpbam (category:base,tabindex:0)
2024-11-21 14:47:20,501 [INFO] PluginManage:310 - Check plugin memorymap
2024-11-21 14:47:20,511 [INFO] PluginManage:359 - Loaded plugin memorymap (category:base,tabindex:4)
2024-11-21 14:47:20,512 [INFO] PluginManage:310 - Check plugin pinoutandconfiguration
2024-11-21 14:47:20,518 [INFO] PluginManage:359 - Loaded plugin pinoutandconfiguration (category:base,tabindex:1)
2024-11-21 14:47:20,518 [INFO] PluginManage:310 - Check plugin pinoutconfig
2024-11-21 14:47:20,597 [WARN] SupportedApi:132 - Cannot load RTOS API schema: s4s-elt-must-match.1: The content of 'definitions' must match (annotation?, (simpleType | complexType)?, (unique | key | keyref)*)). A problem was found starting at: attribute.
2024-11-21 14:47:20,716 [INFO] PluginManage:359 - Loaded plugin pinoutconfig (category:base,tabindex:0)
2024-11-21 14:47:20,716 [INFO] PluginManage:310 - Check plugin power
2024-11-21 14:47:20,723 [INFO] PluginManage:359 - Loaded plugin power (category:power,tabindex:4)
2024-11-21 14:47:20,723 [INFO] PluginManage:310 - Check plugin projectmanager
2024-11-21 14:47:20,738 [INFO] PluginManage:359 - Loaded plugin projectmanager (category:projectmanager,tabindex:4)
2024-11-21 14:47:20,738 [INFO] PluginManage:310 - Check plugin rif
2024-11-21 14:47:20,743 [INFO] PluginManage:359 - Loaded plugin rif (category:base,tabindex:3)
2024-11-21 14:47:20,743 [INFO] PluginManage:310 - Check plugin thirdparty
2024-11-21 14:47:20,889 [INFO] PluginManage:359 - Loaded plugin thirdparty (category:base,tabindex:-1)
2024-11-21 14:47:20,889 [INFO] PluginManage:310 - Check plugin tools
2024-11-21 14:47:20,892 [INFO] PluginManage:359 - Loaded plugin tools (category:base,tabindex:7)
2024-11-21 14:47:20,892 [INFO] PluginManage:310 - Check plugin tutovideos
2024-11-21 14:47:20,893 [WARN] IntegrityCheckThread:84 - waiting for thirdparty lock release [integrity check]
2024-11-21 14:47:20,893 [INFO] IntegrityCheckThread:86 - entering critical section [integrity check]
2024-11-21 14:47:20,894 [INFO] ThirdPartyUpdaterWithRetryManager:70 - Updater plugin not ready yet. [1/15]
2024-11-21 14:47:21,079 [INFO] PluginManage:359 - Loaded plugin tutovideos (category:base,tabindex:-1)
2024-11-21 14:47:21,079 [INFO] PluginManage:310 - Check plugin updater
2024-11-21 14:47:21,094 [INFO] PluginManage:359 - Loaded plugin updater (category:base,tabindex:12)
2024-11-21 14:47:21,094 [INFO] PluginManage:310 - Check plugin userauth
2024-11-21 14:47:21,098 [INFO] UserAuth:113 - Init User Auth plugin
2024-11-21 14:47:21,098 [INFO] PluginManage:359 - Loaded plugin userauth (category:base,tabindex:14)
2024-11-21 14:47:21,099 [INFO] PluginManage:283 - PluginManage : Loaded plugins [18]
2024-11-21 14:47:21,282 [INFO] PinOutPanel:1561 - setPackage(No Configuration,No Configuration)
2024-11-21 14:47:21,372 [INFO] CADModel:165 - CPN selected for project level
2024-11-21 14:47:21,373 [INFO] CADModel:114 - Register for checkConnection events
2024-11-21 14:47:21,389 [INFO] IPUIPlugin:80 - create IPUIPlugin
2024-11-21 14:47:21,389 [INFO] PluginManager:220 - loadIPPluginJar : add adc
2024-11-21 14:47:21,392 [INFO] IPUIPlugin:80 - create IPUIPlugin
2024-11-21 14:47:21,392 [INFO] PluginManager:220 - loadIPPluginJar : add aes
2024-11-21 14:47:21,395 [INFO] IPUIPlugin:80 - create IPUIPlugin
2024-11-21 14:47:21,395 [INFO] PluginManager:220 - loadIPPluginJar : add can
2024-11-21 14:47:21,398 [INFO] IPUIPlugin:80 - create IPUIPlugin
2024-11-21 14:47:21,398 [INFO] PluginManager:220 - loadIPPluginJar : add comp
2024-11-21 14:47:21,401 [INFO] IPUIPlugin:80 - create IPUIPlugin
2024-11-21 14:47:21,401 [INFO] PluginManager:220 - loadIPPluginJar : add cryp
2024-11-21 14:47:21,404 [INFO] IPUIPlugin:80 - create IPUIPlugin
2024-11-21 14:47:21,404 [INFO] PluginManager:220 - loadIPPluginJar : add ddr_ctrl_phy
2024-11-21 14:47:21,406 [INFO] IPUIPlugin:80 - create IPUIPlugin
2024-11-21 14:47:21,407 [INFO] PluginManager:220 - loadIPPluginJar : add dfsdm
2024-11-21 14:47:21,412 [INFO] IPUIPlugin:80 - create IPUIPlugin
2024-11-21 14:47:21,413 [INFO] PluginManager:220 - loadIPPluginJar : add dma
2024-11-21 14:47:21,415 [INFO] IPUIPlugin:80 - create IPUIPlugin
2024-11-21 14:47:21,415 [INFO] PluginManager:220 - loadIPPluginJar : add dma3
2024-11-21 14:47:21,418 [INFO] IPUIPlugin:80 - create IPUIPlugin
2024-11-21 14:47:21,418 [INFO] PluginManager:220 - loadIPPluginJar : add extmemmanager
2024-11-21 14:47:21,420 [INFO] IPUIPlugin:80 - create IPUIPlugin
2024-11-21 14:47:21,420 [INFO] PluginManager:220 - loadIPPluginJar : add fatfs
2024-11-21 14:47:21,424 [INFO] IPUIPlugin:80 - create IPUIPlugin
2024-11-21 14:47:21,424 [INFO] PluginManager:220 - loadIPPluginJar : add fmc
2024-11-21 14:47:21,429 [INFO] IPUIPlugin:80 - create IPUIPlugin
2024-11-21 14:47:21,429 [INFO] PluginManager:220 - loadIPPluginJar : add freertos
2024-11-21 14:47:21,430 [INFO] IPUIPlugin:80 - create IPUIPlugin
2024-11-21 14:47:21,430 [INFO] PluginManager:220 - loadIPPluginJar : add genericplugin
2024-11-21 14:47:21,432 [INFO] IPUIPlugin:80 - create IPUIPlugin
2024-11-21 14:47:21,432 [INFO] PluginManager:220 - loadIPPluginJar : add gfxmmu
2024-11-21 14:47:21,438 [INFO] IPUIPlugin:80 - create IPUIPlugin
2024-11-21 14:47:21,438 [INFO] PluginManager:220 - loadIPPluginJar : add gic
2024-11-21 14:47:21,441 [INFO] IPUIPlugin:80 - create IPUIPlugin
2024-11-21 14:47:21,442 [INFO] PluginManager:220 - loadIPPluginJar : add gpio
2024-11-21 14:47:21,444 [INFO] IPUIPlugin:80 - create IPUIPlugin
2024-11-21 14:47:21,445 [INFO] PluginManager:220 - loadIPPluginJar : add gtzc
2024-11-21 14:47:21,447 [INFO] IPUIPlugin:80 - create IPUIPlugin
2024-11-21 14:47:21,447 [INFO] PluginManager:220 - loadIPPluginJar : add hash
2024-11-21 14:47:21,449 [INFO] IPUIPlugin:80 - create IPUIPlugin
2024-11-21 14:47:21,449 [INFO] PluginManager:220 - loadIPPluginJar : add i2c
2024-11-21 14:47:21,452 [INFO] IPUIPlugin:80 - create IPUIPlugin
2024-11-21 14:47:21,452 [INFO] PluginManager:220 - loadIPPluginJar : add i2s
2024-11-21 14:47:21,455 [INFO] IPUIPlugin:80 - create IPUIPlugin
2024-11-21 14:47:21,455 [INFO] PluginManager:220 - loadIPPluginJar : add i3c
2024-11-21 14:47:21,457 [INFO] IPUIPlugin:80 - create IPUIPlugin
2024-11-21 14:47:21,458 [INFO] PluginManager:220 - loadIPPluginJar : add ipddr
2024-11-21 14:47:21,464 [INFO] IPUIPlugin:80 - create IPUIPlugin
2024-11-21 14:47:21,464 [INFO] PluginManager:220 - loadIPPluginJar : add linkedlist
2024-11-21 14:47:21,467 [INFO] IPUIPlugin:80 - create IPUIPlugin
2024-11-21 14:47:21,467 [INFO] PluginManager:220 - loadIPPluginJar : add lorawan
2024-11-21 14:47:21,469 [INFO] IPUIPlugin:80 - create IPUIPlugin
2024-11-21 14:47:21,469 [INFO] PluginManager:220 - loadIPPluginJar : add ltdc
2024-11-21 14:47:21,475 [INFO] IPUIPlugin:80 - create IPUIPlugin
2024-11-21 14:47:21,476 [INFO] PluginManager:220 - loadIPPluginJar : add mdma
2024-11-21 14:47:21,479 [INFO] IPUIPlugin:80 - create IPUIPlugin
2024-11-21 14:47:21,479 [INFO] PluginManager:220 - loadIPPluginJar : add nvic
2024-11-21 14:47:21,482 [INFO] IPUIPlugin:80 - create IPUIPlugin
2024-11-21 14:47:21,482 [INFO] PluginManager:220 - loadIPPluginJar : add opamp
2024-11-21 14:47:21,486 [INFO] IPUIPlugin:80 - create IPUIPlugin
2024-11-21 14:47:21,486 [INFO] PluginManager:220 - loadIPPluginJar : add openamp
2024-11-21 14:47:21,489 [INFO] IPUIPlugin:80 - create IPUIPlugin
2024-11-21 14:47:21,489 [INFO] PluginManager:220 - loadIPPluginJar : add pdm2pcm
2024-11-21 14:47:21,495 [INFO] IPUIPlugin:80 - create IPUIPlugin
2024-11-21 14:47:21,497 [INFO] PluginManager:220 - loadIPPluginJar : add plateformsettings
2024-11-21 14:47:21,499 [INFO] IPUIPlugin:80 - create IPUIPlugin
2024-11-21 14:47:21,499 [INFO] PluginManager:220 - loadIPPluginJar : add quadspi
2024-11-21 14:47:21,501 [INFO] IPUIPlugin:80 - create IPUIPlugin
2024-11-21 14:47:21,502 [INFO] PluginManager:220 - loadIPPluginJar : add radio
2024-11-21 14:47:21,505 [INFO] IPUIPlugin:80 - create IPUIPlugin
2024-11-21 14:47:21,505 [INFO] PluginManager:220 - loadIPPluginJar : add resmgrutility
2024-11-21 14:47:21,508 [INFO] IPUIPlugin:80 - create IPUIPlugin
2024-11-21 14:47:21,508 [INFO] PluginManager:220 - loadIPPluginJar : add sai
2024-11-21 14:47:21,511 [INFO] IPUIPlugin:80 - create IPUIPlugin
2024-11-21 14:47:21,511 [INFO] PluginManager:220 - loadIPPluginJar : add spi
2024-11-21 14:47:21,516 [INFO] IPUIPlugin:80 - create IPUIPlugin
2024-11-21 14:47:21,516 [INFO] PluginManager:220 - loadIPPluginJar : add stm32_wpan
2024-11-21 14:47:21,518 [INFO] IPUIPlugin:80 - create IPUIPlugin
2024-11-21 14:47:21,518 [INFO] PluginManager:220 - loadIPPluginJar : add tim
2024-11-21 14:47:21,522 [INFO] IPUIPlugin:80 - create IPUIPlugin
2024-11-21 14:47:21,522 [INFO] PluginManager:220 - loadIPPluginJar : add touchsensing
2024-11-21 14:47:21,524 [INFO] IPUIPlugin:80 - create IPUIPlugin
2024-11-21 14:47:21,524 [INFO] PluginManager:220 - loadIPPluginJar : add tracer_emb
2024-11-21 14:47:21,526 [INFO] IPUIPlugin:80 - create IPUIPlugin
2024-11-21 14:47:21,526 [INFO] PluginManager:220 - loadIPPluginJar : add ts
2024-11-21 14:47:21,528 [INFO] IPUIPlugin:80 - create IPUIPlugin
2024-11-21 14:47:21,528 [INFO] PluginManager:220 - loadIPPluginJar : add tsc
2024-11-21 14:47:21,530 [INFO] IPUIPlugin:80 - create IPUIPlugin
2024-11-21 14:47:21,530 [INFO] PluginManager:220 - loadIPPluginJar : add ucpd
2024-11-21 14:47:21,532 [INFO] IPUIPlugin:80 - create IPUIPlugin
2024-11-21 14:47:21,533 [INFO] PluginManager:220 - loadIPPluginJar : add usart
2024-11-21 14:47:21,536 [INFO] IPUIPlugin:80 - create IPUIPlugin
2024-11-21 14:47:21,536 [INFO] PluginManager:220 - loadIPPluginJar : add usbx
2024-11-21 14:47:21,665 [INFO] CADModel:165 - CPN selected for project level
2024-11-21 14:47:21,666 [INFO] CADModel:114 - Register for checkConnection events
2024-11-21 14:47:21,667 [FATAL] Updater:334 - Updater called before beeing initialized
2024-11-21 14:47:21,667 [ERROR] CADModel:125 - Updater not yet initialized, retry later 
2024-11-21 14:47:21,814 [INFO] CADModel:165 - CPN selected for project level
2024-11-21 14:47:21,814 [INFO] CADModel:114 - Register for checkConnection events
2024-11-21 14:47:21,814 [FATAL] Updater:334 - Updater called before beeing initialized
2024-11-21 14:47:21,814 [ERROR] CADModel:125 - Updater not yet initialized, retry later 
2024-11-21 14:47:21,817 [FATAL] Updater:334 - Updater called before beeing initialized
2024-11-21 14:47:21,923 [FATAL] Updater:334 - Updater called before beeing initialized
2024-11-21 14:47:21,926 [INFO] DbMcusAds:53 - JSON generation date=Fri Sep 20 15:04:38 CEST 2024 (1726837478367)
2024-11-21 14:47:21,926 [FATAL] Updater:334 - Updater called before beeing initialized
2024-11-21 14:47:21,961 [WARN] DetailPanel:346 - Failed to get advertising image, set to default
2024-11-21 14:47:22,053 [FATAL] Updater:334 - Updater called before beeing initialized
2024-11-21 14:47:22,054 [FATAL] Updater:334 - Updater called before beeing initialized
2024-11-21 14:47:22,054 [FATAL] Updater:334 - Updater called before beeing initialized
2024-11-21 14:47:22,054 [WARN] DetailPanel:346 - Failed to get advertising image, set to default
2024-11-21 14:47:22,055 [FATAL] Updater:334 - Updater called before beeing initialized
2024-11-21 14:47:22,101 [ERROR] Updater:1164 - MainUpdater not yet initialized. External WinMGr cannot be set.
2024-11-21 14:47:22,103 [INFO] Updater:1100 - Updater Version found : 6.12.1
2024-11-21 14:47:22,119 [INFO] ApplicationProperties:184 - Using Application install path: C:\ST\STM32CubeIDE_1.16.1\STM32CubeIDE\plugins\com.st.stm32cube.common.mx_6.12.1.202409122256
2024-11-21 14:47:22,439 [INFO] MainUpdater:2873 - connection check result : 10
2024-11-21 14:47:22,440 [INFO] MainUpdater:290 - Updater Check For Update Now.
2024-11-21 14:47:22,440 [INFO] MicroXplorer:498 - Change Database Version : DB.6.0.121
2024-11-21 14:47:22,446 [INFO] McuFinderGlobals:63 - Set McuFinder mode to 2 (CubeIDE integrated)
2024-11-21 14:47:22,446 [INFO] UserAuth:179 - activating auth plugin
2024-11-21 14:47:22,469 [INFO] UserAuth:417 - Internet connection configuration mode: 1
2024-11-21 14:47:22,484 [INFO] JxBrowserEngine:152 - Initiate JxBrowser Engine with user profile folder
2024-11-21 14:47:22,637 [INFO] CheckServerUpdateThread:120 - End of CheckServer Thread
2024-11-21 14:47:23,060 [INFO] WebApp:167 - Instantiating new browser for Auth
2024-11-21 14:47:23,848 [INFO] WebApp:448 - Apply proxy settings
2024-11-21 14:47:23,848 [INFO] WebApp:533 - Chromium requires no authentication
2024-11-21 14:47:23,856 [INFO] WebApp:476 - Direct internet connection detected
2024-11-21 14:47:23,881 [INFO] WebApp:869 - Register for checkConnection events
2024-11-21 14:47:23,882 [INFO] WebApp:448 - Apply proxy settings
2024-11-21 14:47:23,882 [INFO] WebApp:533 - Chromium requires no authentication
2024-11-21 14:47:23,883 [INFO] WebApp:476 - Direct internet connection detected
2024-11-21 14:47:24,093 [INFO] WebApp:220 - Starting web application
2024-11-21 14:47:24,093 [INFO] WebApp:578 - Web application path used C:\ST\STM32CubeIDE_1.16.1\STM32CubeIDE\plugins\com.st.stm32cube.common.mx_6.12.1.202409122256\db\plugins\mcufinder\reactClient1\index.html
2024-11-21 14:47:24,185 [WARN] PackLoader:240 - Cannot read IP mode file for STMicroelectronics.FP-SNS-MOTENVWB1.1.4.0
2024-11-21 14:47:24,194 [WARN] PackLoader:240 - Cannot read IP mode file for STMicroelectronics.FP-ATR-ASTRA1.2.0.1
2024-11-21 14:47:24,203 [WARN] PackLoader:240 - Cannot read IP mode file for STMicroelectronics.X-CUBE-SMBUS.2.1.0
2024-11-21 14:47:24,212 [WARN] PackLoader:240 - Cannot read IP mode file for STMicroelectronics.X-CUBE-WB05N.1.1.0
2024-11-21 14:47:24,318 [WARN] PackLoader:240 - Cannot read IP mode file for STMicroelectronics.X-CUBE-MEMS1.9.2.0
2024-11-21 14:47:24,589 [WARN] PackLoader:240 - Cannot read IP mode file for STMicroelectronics.X-CUBE-AZRTOS-F7.1.1.0
2024-11-21 14:47:24,616 [WARN] PackLoader:240 - Cannot read IP mode file for STMicroelectronics.X-CUBE-BLE1.6.2.3
2024-11-21 14:47:24,688 [WARN] PackLoader:240 - Cannot read IP mode file for STMicroelectronics.X-CUBE-MEMS1.11.0.0
2024-11-21 14:47:24,869 [WARN] PackLoader:240 - Cannot read IP mode file for STMicroelectronics.FP-SNS-FLIGHT1.5.0.2
2024-11-21 14:47:24,876 [WARN] PackLoader:240 - Cannot read IP mode file for STMicroelectronics.X-CUBE-TOF1.3.1.0
2024-11-21 14:47:24,899 [WARN] PackLoader:240 - Cannot read IP mode file for STMicroelectronics.X-CUBE-DISPLAY.3.0.0
2024-11-21 14:47:24,906 [WARN] PackLoader:240 - Cannot read IP mode file for STMicroelectronics.X-CUBE-BLE1.7.0.0
2024-11-21 14:47:24,912 [WARN] PackLoader:240 - Cannot read IP mode file for STMicroelectronics.X-CUBE-NFC10.1.0.0
2024-11-21 14:47:24,917 [WARN] PackLoader:240 - Cannot read IP mode file for STMicroelectronics.X-CUBE-AI.7.2.0
2024-11-21 14:47:24,924 [WARN] PackLoader:240 - Cannot read IP mode file for STMicroelectronics.X-CUBE-BLEMGR.3.1.0
2024-11-21 14:47:24,929 [WARN] PackLoader:240 - Cannot read IP mode file for STMicroelectronics.FP-SNS-SMARTAG2.1.2.0
2024-11-21 14:47:24,938 [INFO] LogOutputStream:77 - [STDOUT_REDIRECT] 1 : Invalid condition id : UX_CORESTACK_Condition cause : null
2024-11-21 14:47:24,939 [INFO] LogOutputStream:77 - [STDOUT_REDIRECT] 1 : Invalid condition id : UX_CORESTACK_Condition cause : null
2024-11-21 14:47:24,940 [INFO] LogOutputStream:77 - [STDOUT_REDIRECT] 1 : Invalid condition id : UX_CORESTACK_Condition cause : null
2024-11-21 14:47:24,941 [INFO] LogOutputStream:77 - [STDOUT_REDIRECT] 1 : Invalid condition id : UX_CORESTACK_Condition cause : null
2024-11-21 14:47:24,942 [INFO] LogOutputStream:77 - [STDOUT_REDIRECT] 1 : Invalid condition id : UX_CORESTACK_Condition cause : null
2024-11-21 14:47:24,945 [WARN] PackLoader:240 - Cannot read IP mode file for STMicroelectronics.X-CUBE-AZRTOS-WL.2.0.0
2024-11-21 14:47:24,950 [WARN] PackLoader:240 - Cannot read IP mode file for STMicroelectronics.FP-SNS-MOTENV1.5.0.0
2024-11-21 14:47:24,955 [WARN] PackLoader:240 - Cannot read IP mode file for wolfSSL.I-CUBE-wolfMQTT.1.19.0
2024-11-21 14:47:24,961 [WARN] PackLoader:240 - Cannot read IP mode file for WES.I-CUBE-Cesium.1.3.0
2024-11-21 14:47:24,965 [WARN] PackLoader:240 - Cannot read IP mode file for STMicroelectronics.X-CUBE-BLE2.3.3.0
2024-11-21 14:47:24,971 [WARN] PackLoader:240 - Cannot read IP mode file for STMicroelectronics.X-CUBE-DISPLAY.2.2.0
2024-11-21 14:47:24,978 [WARN] PackLoader:240 - Cannot read IP mode file for STMicroelectronics.X-CUBE-NFC9.1.0.0
2024-11-21 14:47:24,973 [INFO] WebApp:186 - Connection restablished
2024-11-21 14:47:25,010 [WARN] PackLoader:240 - Cannot read IP mode file for STMicroelectronics.X-CUBE-AZRTOS-H7.2.1.0
2024-11-21 14:47:25,017 [WARN] PackLoader:240 - Cannot read IP mode file for STMicroelectronics.X-CUBE-TCPP.4.1.0
2024-11-21 14:47:25,023 [WARN] PackLoader:240 - Cannot read IP mode file for STMicroelectronics.X-CUBE-ALGOBUILD.1.3.0
2024-11-21 14:47:25,064 [WARN] PackLoader:240 - Cannot read IP mode file for STMicroelectronics.X-CUBE-AZRTOS-G0.1.1.0
2024-11-21 14:47:25,073 [WARN] PackLoader:240 - Cannot read IP mode file for STMicroelectronics.X-CUBE-SAFEA1.1.2.2
2024-11-21 14:47:25,079 [WARN] PackLoader:240 - Cannot read IP mode file for STMicroelectronics.X-CUBE-NFC4.3.0.0
2024-11-21 14:47:25,141 [WARN] PackLoader:240 - Cannot read IP mode file for SEGGER.I-CUBE-embOS.1.2.0
2024-11-21 14:47:25,224 [WARN] PackLoader:240 - Cannot read IP mode file for EmbeddedOffice.I-CUBE-FS-RTOS.1.0.1
2024-11-21 14:47:25,224 [ERROR] ConditionMgr:805 - Attr not supported : Dmpu
2024-11-21 14:47:25,224 [ERROR] ConditionMgr:805 - Attr not supported : Dmpu
2024-11-21 14:47:25,225 [ERROR] ConditionMgr:805 - Attr not supported : Dmpu
2024-11-21 14:47:25,225 [ERROR] ConditionMgr:805 - Attr not supported : Dmpu
2024-11-21 14:47:25,226 [ERROR] ConditionMgr:805 - Attr not supported : Dmpu
2024-11-21 14:47:25,226 [ERROR] ConditionMgr:805 - Attr not supported : Dmpu
2024-11-21 14:47:25,226 [ERROR] ConditionMgr:805 - Attr not supported : Dmpu
2024-11-21 14:47:25,226 [ERROR] ConditionMgr:805 - Attr not supported : Dmpu
2024-11-21 14:47:25,226 [ERROR] ConditionMgr:805 - Attr not supported : Dmpu
2024-11-21 14:47:25,226 [ERROR] ConditionMgr:805 - Attr not supported : Dmpu
2024-11-21 14:47:25,226 [ERROR] ConditionMgr:805 - Attr not supported : Dmpu
2024-11-21 14:47:25,227 [ERROR] ConditionMgr:805 - Attr not supported : Dmpu
2024-11-21 14:47:25,231 [ERROR] ConditionMgr:805 - Attr not supported : Dmpu
2024-11-21 14:47:25,243 [ERROR] ConditionMgr:805 - Attr not supported : Dmpu
2024-11-21 14:47:25,243 [ERROR] ConditionMgr:805 - Attr not supported : Dmpu
2024-11-21 14:47:25,243 [ERROR] ConditionMgr:805 - Attr not supported : Dmpu
2024-11-21 14:47:25,243 [ERROR] ConditionMgr:805 - Attr not supported : Dmpu
2024-11-21 14:47:25,243 [ERROR] ConditionMgr:805 - Attr not supported : Dmpu
2024-11-21 14:47:25,243 [ERROR] ConditionMgr:805 - Attr not supported : Dmpu
2024-11-21 14:47:25,244 [ERROR] ConditionMgr:805 - Attr not supported : Dmpu
2024-11-21 14:47:25,244 [ERROR] ConditionMgr:805 - Attr not supported : Dmpu
2024-11-21 14:47:25,244 [ERROR] ConditionMgr:805 - Attr not supported : Dmpu
2024-11-21 14:47:25,244 [ERROR] ConditionMgr:805 - Attr not supported : Dmpu
2024-11-21 14:47:25,244 [ERROR] ConditionMgr:805 - Attr not supported : Dmpu
2024-11-21 14:47:25,244 [ERROR] ConditionMgr:805 - Attr not supported : Dmpu
2024-11-21 14:47:25,244 [ERROR] ConditionMgr:805 - Attr not supported : Dmpu
2024-11-21 14:47:25,244 [ERROR] ConditionMgr:805 - Attr not supported : Dmpu
2024-11-21 14:47:25,244 [ERROR] ConditionMgr:805 - Attr not supported : Dmpu
2024-11-21 14:47:25,244 [ERROR] ConditionMgr:805 - Attr not supported : Dmpu
2024-11-21 14:47:25,244 [ERROR] ConditionMgr:805 - Attr not supported : Dmpu
2024-11-21 14:47:25,244 [ERROR] ConditionMgr:805 - Attr not supported : Dmpu
2024-11-21 14:47:25,244 [ERROR] ConditionMgr:805 - Attr not supported : Dmpu
2024-11-21 14:47:25,244 [ERROR] ConditionMgr:805 - Attr not supported : Dmpu
2024-11-21 14:47:25,244 [ERROR] ConditionMgr:805 - Attr not supported : Dmpu
2024-11-21 14:47:25,244 [ERROR] ConditionMgr:805 - Attr not supported : Dmpu
2024-11-21 14:47:25,244 [ERROR] ConditionMgr:805 - Attr not supported : Dmpu
2024-11-21 14:47:25,245 [ERROR] ConditionMgr:805 - Attr not supported : Dmpu
2024-11-21 14:47:25,245 [ERROR] ConditionMgr:805 - Attr not supported : Dmpu
2024-11-21 14:47:25,245 [ERROR] ConditionMgr:805 - Attr not supported : Dmpu
2024-11-21 14:47:25,245 [ERROR] ConditionMgr:805 - Attr not supported : Dmpu
2024-11-21 14:47:25,245 [ERROR] ConditionMgr:805 - Attr not supported : Dmpu
2024-11-21 14:47:25,245 [ERROR] ConditionMgr:805 - Attr not supported : Dmpu
2024-11-21 14:47:25,245 [ERROR] ConditionMgr:805 - Attr not supported : Dmpu
2024-11-21 14:47:25,245 [ERROR] ConditionMgr:805 - Attr not supported : Dmpu
2024-11-21 14:47:25,245 [ERROR] ConditionMgr:805 - Attr not supported : Dmpu
2024-11-21 14:47:25,245 [ERROR] ConditionMgr:805 - Attr not supported : Dmpu
2024-11-21 14:47:25,245 [ERROR] ConditionMgr:805 - Attr not supported : Dmpu
2024-11-21 14:47:25,245 [ERROR] ConditionMgr:805 - Attr not supported : Dmpu
2024-11-21 14:47:25,245 [ERROR] ConditionMgr:805 - Attr not supported : Dmpu
2024-11-21 14:47:25,246 [ERROR] ConditionMgr:805 - Attr not supported : Dmpu
2024-11-21 14:47:25,246 [ERROR] ConditionMgr:805 - Attr not supported : Dmpu
2024-11-21 14:47:25,246 [ERROR] ConditionMgr:805 - Attr not supported : Dmpu
2024-11-21 14:47:25,246 [ERROR] ConditionMgr:805 - Attr not supported : Dmpu
2024-11-21 14:47:25,246 [ERROR] ConditionMgr:805 - Attr not supported : Dmpu
2024-11-21 14:47:25,246 [ERROR] ConditionMgr:805 - Attr not supported : Dmpu
2024-11-21 14:47:25,247 [ERROR] ConditionMgr:805 - Attr not supported : Dmpu
2024-11-21 14:47:25,247 [ERROR] ConditionMgr:805 - Attr not supported : Dmpu
2024-11-21 14:47:25,247 [ERROR] ConditionMgr:805 - Attr not supported : Dmpu
2024-11-21 14:47:25,247 [ERROR] ConditionMgr:805 - Attr not supported : Dmpu
2024-11-21 14:47:25,247 [ERROR] ConditionMgr:805 - Attr not supported : Dmpu
2024-11-21 14:47:25,247 [ERROR] ConditionMgr:805 - Attr not supported : Dmpu
2024-11-21 14:47:25,247 [ERROR] ConditionMgr:805 - Attr not supported : Dmpu
2024-11-21 14:47:25,247 [ERROR] ConditionMgr:805 - Attr not supported : Dmpu
2024-11-21 14:47:25,247 [ERROR] ConditionMgr:805 - Attr not supported : Dmpu
2024-11-21 14:47:25,252 [WARN] PackLoader:240 - Cannot read IP mode file for RealThread.X-CUBE-RT-Thread_Nano.4.1.1
2024-11-21 14:47:25,257 [WARN] PackLoader:240 - Cannot read IP mode file for STMicroelectronics.FP-ATR-SIGFOX1.3.2.0
2024-11-21 14:47:25,261 [WARN] ConditionMgr:438 - getConditionDescription Invalid condition id : Cortex-A Device cause : null
2024-11-21 14:47:25,276 [WARN] ConditionMgr:1039 - genDependencies : Invalid condition id : Cortex-A Device cause : null
2024-11-21 14:47:25,276 [WARN] ConditionMgr:1039 - genDependencies : Invalid condition id : Cortex-A Device cause : null
2024-11-21 14:47:25,276 [WARN] ConditionMgr:1039 - genDependencies : Invalid condition id : Cortex-A Device cause : null
2024-11-21 14:47:25,282 [WARN] PackLoader:240 - Cannot read IP mode file for STMicroelectronics.X-CUBE-EEPRMA1.5.1.0
2024-11-21 14:47:25,289 [WARN] PackLoader:240 - Cannot read IP mode file for emotas.I-CUBE-CANOPEN.1.1.2
2024-11-21 14:47:25,293 [WARN] PackLoader:240 - Cannot read IP mode file for STMicroelectronics.X-CUBE-TOUCHGFX.4.20.0
2024-11-21 14:47:25,298 [WARN] PackLoader:240 - Cannot read IP mode file for ITTIA_DB.I-CUBE-ITTIADB.8.9.0
2024-11-21 14:47:25,353 [WARN] PackLoader:240 - Cannot read IP mode file for SEGGER.I-CUBE-embOS.1.3.1
2024-11-21 14:47:25,391 [WARN] PackLoader:240 - Cannot read IP mode file for STMicroelectronics.X-CUBE-ALGOBUILD.1.4.0
2024-11-21 14:47:25,395 [WARN] PackLoader:240 - Cannot read IP mode file for STMicroelectronics.X-CUBE-AI.9.1.0
2024-11-21 14:47:25,400 [WARN] PackLoader:240 - Cannot read IP mode file for STMicroelectronics.X-CUBE-GNSS1.6.0.0
2024-11-21 14:47:25,415 [WARN] PackLoader:240 - Cannot read IP mode file for STMicroelectronics.X-CUBE-AZRTOS-F4.1.1.0
2024-11-21 14:47:25,421 [WARN] PackLoader:240 - Cannot read IP mode file for STMicroelectronics.X-CUBE-ISPU.2.1.0
2024-11-21 14:47:25,426 [WARN] PackLoader:240 - Cannot read IP mode file for STMicroelectronics.X-CUBE-FREERTOS.1.2.0
2024-11-21 14:47:25,442 [WARN] PackLoader:240 - Cannot read IP mode file for STMicroelectronics.X-CUBE-AZRTOS-L5.2.0.0
2024-11-21 14:47:25,470 [WARN] PackLoader:240 - Cannot read IP mode file for STMicroelectronics.X-CUBE-NFC6.3.1.0
2024-11-21 14:47:25,476 [WARN] PackLoader:240 - Cannot read IP mode file for STMicroelectronics.X-CUBE-DPower.1.2.0
2024-11-21 14:47:25,479 [WARN] PackLoader:240 - Cannot read IP mode file for STMicroelectronics.X-CUBE-NFC4.2.0.4
2024-11-21 14:47:25,493 [WARN] PackLoader:240 - Cannot read IP mode file for STMicroelectronics.X-CUBE-AZRTOS-F4.1.0.0
2024-11-21 14:47:25,501 [WARN] PackLoader:240 - Cannot read IP mode file for STMicroelectronics.X-CUBE-NFC7.1.0.1
2024-11-21 14:47:25,505 [WARN] PackLoader:240 - Cannot read IP mode file for STMicroelectronics.X-CUBE-NFC7.1.0.0
2024-11-21 14:47:25,522 [WARN] ConditionMgr:438 - getConditionDescription Invalid condition id : LAN8742 Phy interface Condition cause : null
2024-11-21 14:47:25,522 [WARN] PackLoader:240 - Cannot read IP mode file for STMicroelectronics.X-CUBE-AZRTOS-L4.2.0.0
2024-11-21 14:47:25,523 [WARN] ConditionMgr:1039 - genDependencies : Invalid condition id : LAN8742 Phy interface Condition cause : null
2024-11-21 14:47:25,524 [WARN] ConditionMgr:1039 - genDependencies : Invalid condition id : LAN8742 Phy interface Condition cause : null
2024-11-21 14:47:25,524 [WARN] ConditionMgr:1039 - genDependencies : Invalid condition id : LAN8742 Phy interface Condition cause : null
2024-11-21 14:47:25,531 [WARN] PackLoader:240 - Cannot read IP mode file for STMicroelectronics.X-CUBE-SFXS2LP1.4.0.0
2024-11-21 14:47:25,549 [WARN] PackLoader:240 - Cannot read IP mode file for STMicroelectronics.X-CUBE-AZRTOS-H7.3.3.0
2024-11-21 14:47:25,557 [WARN] PackLoader:240 - Cannot read IP mode file for RoweBots.I-CUBE-UNISONRTOS.5.5.0-4
2024-11-21 14:47:25,562 [WARN] PackLoader:240 - Cannot read IP mode file for wolfSSL.I-CUBE-wolfSSL.5.4.0
2024-11-21 14:47:25,600 [WARN] PackLoader:240 - Cannot read IP mode file for STMicroelectronics.X-CUBE-IPS.3.0.0
2024-11-21 14:47:25,616 [WARN] ConditionMgr:438 - getConditionDescription Invalid condition id : UX DEVICE CLASS RTOS Condition cause : null
2024-11-21 14:47:25,616 [WARN] ConditionMgr:438 - getConditionDescription Invalid condition id : UX DEVICE CLASS RTOS Condition cause : null
2024-11-21 14:47:25,618 [WARN] PackLoader:240 - Cannot read IP mode file for STMicroelectronics.X-CUBE-AZRTOS-WB.2.0.0
2024-11-21 14:47:25,618 [WARN] ConditionMgr:1039 - genDependencies : Invalid condition id : UX DEVICE CLASS RTOS Condition cause : null
2024-11-21 14:47:25,618 [WARN] ConditionMgr:1039 - genDependencies : Invalid condition id : UX DEVICE CLASS RTOS Condition cause : null
2024-11-21 14:47:25,618 [WARN] ConditionMgr:1039 - genDependencies : Invalid condition id : UX DEVICE CLASS RTOS Condition cause : null
2024-11-21 14:47:25,619 [WARN] ConditionMgr:1039 - genDependencies : Invalid condition id : UX DEVICE CLASS RTOS Condition cause : null
2024-11-21 14:47:25,619 [WARN] ConditionMgr:1039 - genDependencies : Invalid condition id : UX DEVICE CLASS RTOS Condition cause : null
2024-11-21 14:47:25,632 [WARN] PackLoader:240 - Cannot read IP mode file for STMicroelectronics.X-CUBE-GNSS1.7.0.0
2024-11-21 14:47:25,640 [WARN] PackLoader:240 - Cannot read IP mode file for STMicroelectronics.X-CUBE-BLEMGR.1.0.0
2024-11-21 14:47:25,647 [WARN] PackLoader:240 - Cannot read IP mode file for STMicroelectronics.FP-SNS-STBOX1.2.0.0
2024-11-21 14:47:25,660 [WARN] PackLoader:240 - Cannot read IP mode file for STMicroelectronics.X-CUBE-SUBG2.5.0.0
2024-11-21 14:47:25,669 [WARN] PackLoader:240 - Cannot read IP mode file for Cesanta.I-CUBE-Mongoose.7.13.0
2024-11-21 14:47:25,684 [WARN] PackLoader:240 - Cannot read IP mode file for STMicroelectronics.X-CUBE-AZRTOS-G4.2.0.0
2024-11-21 14:47:25,690 [WARN] PackLoader:240 - Cannot read IP mode file for STMicroelectronics.FP-ATR-ASTRA1.1.1.0
2024-11-21 14:47:25,701 [WARN] PackLoader:240 - Cannot read IP mode file for STMicroelectronics.X-CUBE-AZRTOS-G4.1.0.0
2024-11-21 14:47:25,736 [WARN] PackLoader:240 - Cannot read IP mode file for STMicroelectronics.X-CUBE-AZRTOS-L4.1.0.0
2024-11-21 14:47:25,745 [WARN] PackLoader:240 - Cannot read IP mode file for STMicroelectronics.X-CUBE-ALS.1.0.2
2024-11-21 14:47:25,756 [WARN] PackLoader:240 - Cannot read IP mode file for STMicroelectronics.X-CUBE-AZRTOS-WL.1.0.0
2024-11-21 14:47:25,759 [WARN] PackLoader:240 - Cannot read IP mode file for STMicroelectronics.X-CUBE-TOUCHGFX.4.24.1
2024-11-21 14:47:25,762 [WARN] PackLoader:240 - Cannot read IP mode file for wolfSSL.I-CUBE-wolfTPM.3.4.0
2024-11-21 14:47:25,768 [WARN] PackLoader:240 - Cannot read IP mode file for portGmbH.I-Cube-SoM-uGOAL.1.1.0
2024-11-21 14:47:25,771 [WARN] PackLoader:240 - Cannot read IP mode file for STMicroelectronics.X-CUBE-ALS.1.0.1
2024-11-21 14:47:25,785 [WARN] PackLoader:240 - Cannot read IP mode file for STMicroelectronics.X-CUBE-AZRTOS-L5.1.0.0
2024-11-21 14:47:25,792 [WARN] PackLoader:240 - Cannot read IP mode file for STMicroelectronics.X-CUBE-EEPRMA1.3.1.1
2024-11-21 14:47:25,810 [WARN] PackLoader:240 - Cannot read IP mode file for STMicroelectronics.X-CUBE-AZRTOS-H7RS.1.0.0
2024-11-21 14:47:25,816 [WARN] PackLoader:240 - Cannot read IP mode file for STMicroelectronics.FP-ATR-ASTRA1.2.0.0
2024-11-21 14:47:25,844 [WARN] PackLoader:240 - Cannot read IP mode file for STMicroelectronics.X-CUBE-TOF1.3.4.2
2024-11-21 14:47:25,876 [WARN] PackLoader:240 - Cannot read IP mode file for Infineon.AIROC-Wi-Fi-Bluetooth-STM32.1.6.1
2024-11-21 14:47:25,884 [WARN] PackLoader:240 - Cannot read IP mode file for wolfSSL.I-CUBE-wolfSSH.1.4.17
2024-11-21 14:47:25,884 [INFO] ThirdParty:978 - Integrity check success = true
2024-11-21 14:47:25,885 [INFO] IntegrityCheckThread:100 - exiting critical section [integrity check]
2024-11-21 14:47:25,885 [INFO] IntegrityCheckThread:103 - End integrity checks thread
2024-11-21 15:37:43,128 [INFO] McuFinderGlobals:63 - Set McuFinder mode to 2 (CubeIDE integrated)
2024-11-21 15:37:43,155 [INFO] MainUpdater:2873 - connection check result : 10
2024-11-21 15:37:43,620 [INFO] ApiDb:581 - Connected to CubeFinder SQLite database (C:\Users\Bruno\.stmcufinder\plugins\mcufinder\mcu\cube-finder-db.db)
2024-11-21 15:37:43,724 [INFO] ApiDb:668 - CubeFinder database Data Model version=2.1
2024-11-21 15:37:43,725 [INFO] ApiDb:669 - CubeFinder database Configuration version=3.0.39
2024-11-21 15:37:43,726 [INFO] ApiDb:670 - CubeFinder database generation date=2024-10-15 (1729006872)
2024-11-21 15:37:43,726 [INFO] ApiDb:671 - CubeFinder database FW Pack versions=[FP-ATR-ASTRA1_V2.0.0, FP-SNS-FLIGHT1_V5.0.2, FP-SNS-MOTENV1_V5.0.0, FP-SNS-MOTENVWB1_V1.4.0, FP-SNS-SMARTAG2_V1.2.0, FP-SNS-STBOX1_V2.0.0, STM32Cube_FW_C0_V1.2.0, STM32Cube_FW_F4_V1.28.1, STM32Cube_FW_F7_V1.17.2, STM32Cube_FW_G0_V1.6.2, STM32Cube_FW_G4_V1.6.0, STM32Cube_FW_H5_V1.3.0, STM32Cube_FW_H7RS_V1.1.0, STM32Cube_FW_H7_V1.11.2, STM32Cube_FW_L0_V1.12.2, STM32Cube_FW_L5_V1.5.1, STM32Cube_FW_U0_V1.1.0, STM32Cube_FW_U5_V1.6.0, STM32Cube_FW_WB0_V1.0.0, STM32Cube_FW_WBA_V1.4.1, STM32Cube_FW_WB_V1.20.0, STM32Cube_FW_WL_V1.3.0, X-CUBE-ALGOBUILD_V1.4.0, X-CUBE-ALS_V1.0.2, X-CUBE-AZRTOS-F4_V1.1.0, X-CUBE-AZRTOS-F7_V1.1.0, X-CUBE-AZRTOS-G0_V1.1.0, X-CUBE-AZRTOS-G4_V2.0.0, X-CUBE-AZRTOS-H7RS_V1.0.0, X-CUBE-AZRTOS-H7_V3.3.0, X-CUBE-AZRTOS-L4_V2.0.0, X-CUBE-AZRTOS-L5_V2.0.0, X-CUBE-AZRTOS-WB_V2.0.0, X-CUBE-AZRTOS-WL_V2.0.0, X-CUBE-BLE1_V7.0.0, X-CUBE-BLE2_V3.3.0, X-CUBE-BLEMGR_V3.1.0, X-CUBE-EEPRMA1_V5.1.0, X-CUBE-FREERTOS_V1.2.0, X-CUBE-GNSS1_V6.0.0, X-CUBE-MEMS1_V11.0.0, X-CUBE-NFC4_V3.0.0, X-CUBE-NFC7_V1.0.1, X-CUBE-SFXS2LP1_V4.0.0, X-CUBE-SUBG2_V5.0.0, X-CUBE-TOF1_V3.4.2]
2024-11-21 15:37:43,861 [INFO] DbBoardsSqlite:226 - include board P-NUCLEO-WB55-NUCLEO as a kit item of type 'Nucleo-64'
2024-11-21 15:37:43,862 [INFO] DbBoardsSqlite:226 - include board P-NUCLEO-WB55-USBDONGLE as a kit item of type 'Nucleo USB Dongle'
2024-11-21 15:37:43,863 [INFO] DbBoardsSqlite:226 - include board STEVAL-IDP005V1 as a kit item of type 'Evaluation Board'
2024-11-21 15:37:43,863 [INFO] DbBoardsSqlite:226 - include board STEVAL-IDP005V2 as a kit item of type 'Evaluation Board'
2024-11-21 15:37:44,528 [INFO] ApiDb:240 - Found 646 in-development CPN: [B-G473E-ZEST1S, B-WB1M-WPAN1, B-WL5M-SUBG1, NUCLEO-C031C6, NUCLEO-C071RB, NUCLEO-H503RB, NUCLEO-H533RE, NUCLEO-H563ZI, NUCLEO-H7S3L8, NUCLEO-U031R8, NUCLEO-U083RC, NUCLEO-U545RE-Q, NUCLEO-U5A5ZJ-Q, NUCLEO-WB05KZ, NUCLEO-WB07CC, NUCLEO-WB09KE, NUCLEO-WBA52CG, NUCLEO-WBA55CG, STEVAL-PROTEUS1, STEVAL-SMARTAG2, STEVAL-STWINBX1, STM320518-EVAL, STM32C0116-DK, STM32C011D6Y3TR, STM32C011D6Y6TR, STM32C011F4P3, STM32C011F4P6, STM32C011F4U3, STM32C011F4U6TR, STM32C011F6P3, STM32C011F6P6, STM32C011F6U3, STM32C011F6U6TR, STM32C011J4M3, STM32C011J4M6, STM32C011J6M3, STM32C011J6M6, STM32C0316-DK, STM32C031C4T3, STM32C031C4T6, STM32C031C4U3, STM32C031C4U6, STM32C031C6T3, STM32C031C6T6, STM32C031C6U3, STM32C031C6U6, STM32C031F4P3, STM32C031F4P6, STM32C031F6P3, STM32C031F6P6, STM32C031G4U3, STM32C031G4U6, STM32C031G6U3, STM32C031G6U6, STM32C031K4T3, STM32C031K4T6, STM32C031K4U3, STM32C031K4U6, STM32C031K6T3, STM32C031K6T6, STM32C031K6U3, STM32C031K6U6, STM32C071C8T6, STM32C071C8T6N, STM32C071C8U6, STM32C071C8U6N, STM32C071CBT6, STM32C071CBT6N, STM32C071CBU6, STM32C071CBU6N, STM32C071F8P6, STM32C071F8P6N, STM32C071FBP6, STM32C071FBP6N, STM32C071FBY6TR, STM32C071G8U6, STM32C071G8U6N, STM32C071GBU6, STM32C071GBU6N, STM32C071K8T6, STM32C071K8T6N, STM32C071K8U6, STM32C071K8U6N, STM32C071KBT6, STM32C071KBT6N, STM32C071KBU6, STM32C071KBU6N, STM32C071R8T6, STM32C071R8T6N, STM32C071RBI6N, STM32C071RBT6, STM32C071RBT6N, STM32G071K8TXN, STM32G071K8UXN, STM32G081GBU6N, STM32G081KBT6N, STM32G081KBUXN, STM32G0B1CCT6N, STM32G0B1KCT6, STM32G0B1NEY6TR, STM32G0B1RCT6N, STM32G0C1CCT6, STM32G0C1CCT6N, STM32G0C1CCU6N, STM32G0C1CET6N, STM32G0C1CEU6N, STM32G0C1KCT6, STM32G0C1NEY6TR, STM32G0C1RCI6N, STM32G0C1RCT6N, STM32G0C1REI6N, STM32G0C1RET6N, STM32G0C1VCI6, STM32G0C1VEI6, STM32G411C6T3, STM32G411C6T6, STM32G411C6U3, STM32G411C6U6, STM32G411C8T3, STM32G411C8T6, STM32G411C8U3, STM32G411C8U6, STM32G411CBT3, STM32G411CBT6, STM32G411CBU3, STM32G411CBU6, STM32G411K6T3, STM32G411K6T6, STM32G411K6U3, STM32G411K6U6, STM32G411K8T3, STM32G411K8T6, STM32G411K8U3, STM32G411K8U6, STM32G411KBT3, STM32G411KBT6, STM32G411KBU3, STM32G411KBU6, STM32G411M6T3, STM32G411M6T6, STM32G411M8T3, STM32G411M8T6, STM32G411MBT3, STM32G411MBT6, STM32G411R6T3, STM32G411R6T6, STM32G411R8T3, STM32G411R8T6, STM32G411RBT3, STM32G411RBT6, STM32G414CBT3, STM32G414CBT6, STM32G414CBU3, STM32G414CBU6, STM32G414CCT3, STM32G414CCT6, STM32G414CCU3, STM32G414CCU6, STM32G414MBT3, STM32G414MBT6, STM32G414MCT3, STM32G414MCT6, STM32G414RBT3, STM32G414RBT6, STM32G414RCT3, STM32G414RCT6, STM32G414VBT3, STM32G414VBT6, STM32G414VCT3, STM32G414VCT6, STM32G431CBT3Z, STM32G431RBT3Z, STM32G471CCT6, STM32G471CCU6, STM32G471CET3, STM32G471CET6, STM32G471CEU3, STM32G471CEU6, STM32G471MCT6, STM32G471MET3, STM32G471MET6, STM32G471MEY6TR, STM32G471QCT6, STM32G471QET3, STM32G471RCT6, STM32G471RET3, STM32G471RET6, STM32G471VCH6, STM32G471VCI6, STM32G471VCT6, STM32G471VEH3, STM32G471VEH6, STM32G471VEI3, STM32G471VEI6, STM32G471VET3, STM32G471VET6, STM32G473QET3Z, STM32G473RET3Z, STM32G474CCT6, STM32G491RET3Z, STM32H503CBT6, STM32H503CBU6, STM32H503EBY6TR, STM32H503KBU6, STM32H503RBT6, STM32H523CCT6, STM32H523CCU6, STM32H523CET6, STM32H523CEU6, STM32H523HEY6TR, STM32H523RCT6, STM32H523RET6, STM32H523VCI6, STM32H523VCT6, STM32H523VEI6, STM32H523VET6, STM32H523ZCJ6, STM32H523ZCT6, STM32H523ZEJ6, STM32H523ZET6, STM32H533CET6, STM32H533CEU6, STM32H533HEY6TR, STM32H533RET6, STM32H533VEI6, STM32H533VET6, STM32H533ZEJ6, STM32H533ZET6, STM32H562AGI6, STM32H562AII6, STM32H562IGK6, STM32H562IGT6, STM32H562IIK6, STM32H562IIT6, STM32H562RGT6, STM32H562RGV6, STM32H562RIT6, STM32H562RIV6, STM32H562VGT6, STM32H562VIT6, STM32H562ZGT6, STM32H562ZIT6, STM32H563AGI6, STM32H563AII3Q, STM32H563AII6, STM32H563IGK6, STM32H563IGT6, STM32H563IIK3Q, STM32H563IIK6, STM32H563IIT3Q, STM32H563IIT6, STM32H563MIY3QTR, STM32H563RGT6, STM32H563RGV6, STM32H563RIT6, STM32H563RIV6, STM32H563VGT6, STM32H563VIT3Q, STM32H563VIT6, STM32H563ZGT6, STM32H563ZIT3Q, STM32H563ZIT6, STM32H573AII3Q, STM32H573AII6, STM32H573I-DK, STM32H573IIK3Q, STM32H573IIK6, STM32H573IIT3Q, STM32H573IIT6, STM32H573MIY3QTR, STM32H573RIT6, STM32H573RIV6, STM32H573VIT3Q, STM32H573VIT6, STM32H573ZIT3Q, STM32H573ZIT6, STM32H7R3A8I6, STM32H7R3I8K6, STM32H7R3I8T6, STM32H7R3L8H6, STM32H7R3L8H6H, STM32H7R3R8V6, STM32H7R3V8H6, STM32H7R3V8T6, STM32H7R3V8Y6TR, STM32H7R3Z8J6, STM32H7R3Z8T6, STM32H7R7A8I6, STM32H7R7I8K6, STM32H7R7I8T6, STM32H7R7L8H6, STM32H7R7L8H6H, STM32H7R7Z8J6, STM32H7S3A8I6, STM32H7S3I8K6, STM32H7S3I8T6, STM32H7S3L8H6, STM32H7S3L8H6H, STM32H7S3R8V6, STM32H7S3V8H6, STM32H7S3V8T6, STM32H7S3V8Y6TR, STM32H7S3Z8J6, STM32H7S3Z8T6, STM32H7S78-DK, STM32H7S7A8I6, STM32H7S7I8K6, STM32H7S7I8T6, STM32H7S7L8H6, STM32H7S7L8H6H, STM32H7S7Z8J6, STM32L4R5QGI6STR, STM32MP131AAE3, STM32MP131AAF3, STM32MP131AAG3, STM32MP131CAE3, STM32MP131CAF3, STM32MP131CAG3, STM32MP131DAE7, STM32MP131DAF7, STM32MP131DAG7, STM32MP131FAE7, STM32MP131FAF7, STM32MP131FAG7, STM32MP133AAE3, STM32MP133AAF3, STM32MP133AAG3, STM32MP133CAE3, STM32MP133CAF3, STM32MP133CAG3, STM32MP133DAE7, STM32MP133DAF7, STM32MP133DAG7, STM32MP133FAE7, STM32MP133FAF7, STM32MP133FAG7, STM32MP135AAE3, STM32MP135AAF3, STM32MP135AAG3, STM32MP135CAE3, STM32MP135CAF3, STM32MP135CAG3, STM32MP135DAE7, STM32MP135DAF7, STM32MP135DAG7, STM32MP135F-DK, STM32MP135FAE7, STM32MP135FAF7, STM32MP135FAF7T, STM32MP135FAF7U, STM32MP135FAG7, STM32MP251AAI3, STM32MP251AAK3, STM32MP251AAL3, STM32MP251CAI3, STM32MP251CAK3, STM32MP251CAL3, STM32MP251DAI3, STM32MP251DAK3, STM32MP251DAL3, STM32MP251FAI3, STM32MP251FAK3, STM32MP251FAL3, STM32MP253AAI3, STM32MP253AAK3, STM32MP253AAL3, STM32MP253CAI3, STM32MP253CAK3, STM32MP253CAL3, STM32MP253DAI3, STM32MP253DAK3, STM32MP253DAL3, STM32MP253FAI3, STM32MP253FAK3, STM32MP253FAL3, STM32MP255AAI3, STM32MP255AAK3, STM32MP255AAL3, STM32MP255CAI3, STM32MP255CAK3, STM32MP255CAL3, STM32MP255DAI3, STM32MP255DAK3, STM32MP255DAL3, STM32MP255FAI3, STM32MP255FAK3, STM32MP255FAL3, STM32MP257AAI3, STM32MP257AAK3, STM32MP257AAL3, STM32MP257CAI3, STM32MP257CAK3, STM32MP257CAL3, STM32MP257DAI3, STM32MP257DAK3, STM32MP257DAL3, STM32MP257F-DK, STM32MP257F-EV1, STM32MP257FAI3, STM32MP257FAK3, STM32MP257FAL3, STM32U031C6T6, STM32U031C6U6, STM32U031C8T6, STM32U031C8U6, STM32U031F4P6, STM32U031F6P6, STM32U031F8P6, STM32U031G6Y6TR, STM32U031G8Y6TR, STM32U031K4U6, STM32U031K6U6, STM32U031K8U6, STM32U031R6I6, STM32U031R6T6, STM32U031R8I6, STM32U031R8T6, STM32U073C8T6, STM32U073C8U6, STM32U073CBT6, STM32U073CBU6, STM32U073CCT6, STM32U073CCU6, STM32U073H8Y6TR, STM32U073HBY6TR, STM32U073HCY6TR, STM32U073K8U6, STM32U073KBU6, STM32U073KCU6, STM32U073M8I6, STM32U073M8T6, STM32U073MBI6, STM32U073MBT6, STM32U073MCI6, STM32U073MCT6, STM32U073R8I6, STM32U073R8T6, STM32U073RBI6, STM32U073RBT6, STM32U073RCI6, STM32U073RCT6, STM32U083C-DK, STM32U083CCT6, STM32U083CCU6, STM32U083HCY6TR, STM32U083KCU6, STM32U083MCI6, STM32U083MCT6, STM32U083RCI6, STM32U083RCT6, STM32U535CBT6, STM32U535CBT6Q, STM32U535CBU6, STM32U535CBU6Q, STM32U535CCT6, STM32U535CCT6Q, STM32U535CCU6, STM32U535CCU6Q, STM32U535CET6, STM32U535CET6Q, STM32U535CEU6, STM32U535CEU6Q, STM32U535JEY6QTR, STM32U535NCY6QTR, STM32U535NEY6QTR, STM32U535RBI6, STM32U535RBI6Q, STM32U535RBT6, STM32U535RBT6Q, STM32U535RCI6, STM32U535RCI6Q, STM32U535RCT6, STM32U535RCT6Q, STM32U535REI6, STM32U535REI6Q, STM32U535RET6, STM32U535RET6Q, STM32U535VCI6, STM32U535VCI6Q, STM32U535VCT6, STM32U535VCT6Q, STM32U535VEI6, STM32U535VEI6Q, STM32U535VET6, STM32U535VET6Q, STM32U545CET6, STM32U545CET6Q, STM32U545CEU6, STM32U545CEU6Q, STM32U545JEY6QTR, STM32U545NEY6QTR, STM32U545REI6, STM32U545REI6Q, STM32U545RET6, STM32U545RET6Q, STM32U545VEI6, STM32U545VEI6Q, STM32U545VET6, STM32U545VET6Q, STM32U595AIH6, STM32U595AIH6Q, STM32U595AJH6, STM32U595AJH6Q, STM32U595QII6, STM32U595QII6Q, STM32U595QJI6, STM32U595QJI6Q, STM32U595RIT6, STM32U595RIT6Q, STM32U595RJT6, STM32U595RJT6Q, STM32U595VIT6, STM32U595VIT6Q, STM32U595VJT6, STM32U595VJT6Q, STM32U595ZIT6, STM32U595ZIT6Q, STM32U595ZIY6QTR, STM32U595ZJT6, STM32U595ZJT6Q, STM32U595ZJY6QTR, STM32U599BJY6QTR, STM32U599NIH6Q, STM32U599NJH6Q, STM32U599VIT6Q, STM32U599VJT6, STM32U599VJT6Q, STM32U599ZIT6Q, STM32U599ZIY6QTR, STM32U599ZJT6Q, STM32U599ZJY6QTR, STM32U5A5AJH6, STM32U5A5AJH6Q, STM32U5A5QII3Q , STM32U5A5QJI6, STM32U5A5QJI6Q, STM32U5A5RJT6, STM32U5A5RJT6Q, STM32U5A5VJT6, STM32U5A5VJT6Q, STM32U5A5ZJT6, STM32U5A5ZJT6Q, STM32U5A5ZJY6QTR, STM32U5A9BJY6QTR, STM32U5A9J-DK, STM32U5A9NJH6Q, STM32U5A9VJT6Q, STM32U5A9ZJT6Q, STM32U5A9ZJY6QTR, STM32U5F7VIT6, STM32U5F7VIT6Q, STM32U5F7VJT6, STM32U5F7VJT6Q, STM32U5F9BJY6QTR, STM32U5F9NJH6Q, STM32U5F9VIT6Q, STM32U5F9VJT6Q, STM32U5F9ZIJ6QTR, STM32U5F9ZIT6Q, STM32U5F9ZJJ6QTR, STM32U5F9ZJT6Q, STM32U5G7VJT6, STM32U5G7VJT6Q, STM32U5G9BJY6QTR, STM32U5G9J-DK1, STM32U5G9J-DK2, STM32U5G9NJH6Q, STM32U5G9VJT6Q, STM32U5G9ZJJ6QTR, STM32U5G9ZJT6Q, STM32WB05KZV6TR, STM32WB05KZV7TR, STM32WB05TZF6TR, STM32WB05TZF7TR, STM32WB06CCF6TR, STM32WB06CCF7TR, STM32WB06CCV6TR, STM32WB06CCV7TR, STM32WB06KCV6TR, STM32WB06KCV7TR, STM32WB07CCF6TR, STM32WB07CCF7TR, STM32WB07CCV6TR, STM32WB07CCV7TR, STM32WB07KCV6TR, STM32WB07KCV7TR, STM32WB09KEV6TR, STM32WB09KEV7TR, STM32WB09TEF6TR, STM32WB09TEF7TR, STM32WB1MMCH6, STM32WBA50KGU6, STM32WBA50KGU6TR, STM32WBA52CEU6, STM32WBA52CEU6TR, STM32WBA52CEU7, STM32WBA52CEU7TR, STM32WBA52CGU6, STM32WBA52CGU6TR, STM32WBA52CGU6U, STM32WBA52CGU7, STM32WBA52CGU7TR, STM32WBA52KEU6, STM32WBA52KEU6TR, STM32WBA52KGU6, STM32WBA52KGU6TR, STM32WBA54CEU6, STM32WBA54CEU6TR, STM32WBA54CEU7, STM32WBA54CEU7TR, STM32WBA54CGU6, STM32WBA54CGU6TR, STM32WBA54CGU7, STM32WBA54CGU7TR, STM32WBA54KEU6, STM32WBA54KEU6TR, STM32WBA54KEU7, STM32WBA54KEU7TR, STM32WBA54KGU6, STM32WBA54KGU6TR, STM32WBA54KGU7, STM32WBA54KGU7TR, STM32WBA55CEU6, STM32WBA55CEU6TR, STM32WBA55CEU7, STM32WBA55CEU7TR, STM32WBA55CGU6, STM32WBA55CGU6TR, STM32WBA55CGU6U, STM32WBA55CGU7, STM32WBA55CGU7TR, STM32WBA55G-DK1, STM32WBA55HEF6, STM32WBA55HEF7, STM32WBA55HGF6, STM32WBA55HGF7, STM32WBA55UEI6, STM32WBA55UEI6TR, STM32WBA55UEI7, STM32WBA55UEI7TR, STM32WBA55UGI6, STM32WBA55UGI6TR, STM32WBA55UGI7, STM32WBA55UGI7TR, STM32WL5MOCH6, STM32WL5MOCH6TR]
2024-11-21 15:37:44,726 [INFO] BoardInfo:889 - No configuration file found for board P-NUCLEO-WB55
2024-11-21 15:37:44,727 [INFO] DbBoards:161 - Kit is not supported: P-NUCLEO-WB55
2024-11-21 15:37:44,733 [INFO] BoardInfo:889 - No configuration file found for board STEVAL-BFA001V1B
2024-11-21 15:37:44,734 [INFO] DbBoards:161 - Kit is not supported: STEVAL-BFA001V1B
2024-11-21 15:37:44,735 [INFO] BoardInfo:889 - No configuration file found for board STEVAL-BFA001V2B
2024-11-21 15:37:44,736 [INFO] DbBoards:161 - Kit is not supported: STEVAL-BFA001V2B
2024-11-21 15:37:44,934 [INFO] DbBoards:168 - Found 201 boards, 198 are supported
2024-11-21 15:37:44,934 [INFO] DbBoards:169 - Found 201 boards, 25 of them is supported for  Bsp
2024-11-21 15:37:44,938 [INFO] ApiDb:668 - CubeFinder database Data Model version=2.1
2024-11-21 15:37:44,938 [INFO] ApiDb:669 - CubeFinder database Configuration version=3.0.39
2024-11-21 15:37:44,938 [INFO] ApiDb:670 - CubeFinder database generation date=2024-10-15 (1729006872)
2024-11-21 15:37:44,938 [INFO] ApiDb:671 - CubeFinder database FW Pack versions=[FP-ATR-ASTRA1_V2.0.0, FP-SNS-FLIGHT1_V5.0.2, FP-SNS-MOTENV1_V5.0.0, FP-SNS-MOTENVWB1_V1.4.0, FP-SNS-SMARTAG2_V1.2.0, FP-SNS-STBOX1_V2.0.0, STM32Cube_FW_C0_V1.2.0, STM32Cube_FW_F4_V1.28.1, STM32Cube_FW_F7_V1.17.2, STM32Cube_FW_G0_V1.6.2, STM32Cube_FW_G4_V1.6.0, STM32Cube_FW_H5_V1.3.0, STM32Cube_FW_H7RS_V1.1.0, STM32Cube_FW_H7_V1.11.2, STM32Cube_FW_L0_V1.12.2, STM32Cube_FW_L5_V1.5.1, STM32Cube_FW_U0_V1.1.0, STM32Cube_FW_U5_V1.6.0, STM32Cube_FW_WB0_V1.0.0, STM32Cube_FW_WBA_V1.4.1, STM32Cube_FW_WB_V1.20.0, STM32Cube_FW_WL_V1.3.0, X-CUBE-ALGOBUILD_V1.4.0, X-CUBE-ALS_V1.0.2, X-CUBE-AZRTOS-F4_V1.1.0, X-CUBE-AZRTOS-F7_V1.1.0, X-CUBE-AZRTOS-G0_V1.1.0, X-CUBE-AZRTOS-G4_V2.0.0, X-CUBE-AZRTOS-H7RS_V1.0.0, X-CUBE-AZRTOS-H7_V3.3.0, X-CUBE-AZRTOS-L4_V2.0.0, X-CUBE-AZRTOS-L5_V2.0.0, X-CUBE-AZRTOS-WB_V2.0.0, X-CUBE-AZRTOS-WL_V2.0.0, X-CUBE-BLE1_V7.0.0, X-CUBE-BLE2_V3.3.0, X-CUBE-BLEMGR_V3.1.0, X-CUBE-EEPRMA1_V5.1.0, X-CUBE-FREERTOS_V1.2.0, X-CUBE-GNSS1_V6.0.0, X-CUBE-MEMS1_V11.0.0, X-CUBE-NFC4_V3.0.0, X-CUBE-NFC7_V1.0.1, X-CUBE-SFXS2LP1_V4.0.0, X-CUBE-SUBG2_V5.0.0, X-CUBE-TOF1_V3.4.2]
2024-11-21 15:37:47,019 [INFO] ApiDb:240 - Found 646 in-development CPN: [B-G473E-ZEST1S, B-WB1M-WPAN1, B-WL5M-SUBG1, NUCLEO-C031C6, NUCLEO-C071RB, NUCLEO-H503RB, NUCLEO-H533RE, NUCLEO-H563ZI, NUCLEO-H7S3L8, NUCLEO-U031R8, NUCLEO-U083RC, NUCLEO-U545RE-Q, NUCLEO-U5A5ZJ-Q, NUCLEO-WB05KZ, NUCLEO-WB07CC, NUCLEO-WB09KE, NUCLEO-WBA52CG, NUCLEO-WBA55CG, STEVAL-PROTEUS1, STEVAL-SMARTAG2, STEVAL-STWINBX1, STM320518-EVAL, STM32C0116-DK, STM32C011D6Y3TR, STM32C011D6Y6TR, STM32C011F4P3, STM32C011F4P6, STM32C011F4U3, STM32C011F4U6TR, STM32C011F6P3, STM32C011F6P6, STM32C011F6U3, STM32C011F6U6TR, STM32C011J4M3, STM32C011J4M6, STM32C011J6M3, STM32C011J6M6, STM32C0316-DK, STM32C031C4T3, STM32C031C4T6, STM32C031C4U3, STM32C031C4U6, STM32C031C6T3, STM32C031C6T6, STM32C031C6U3, STM32C031C6U6, STM32C031F4P3, STM32C031F4P6, STM32C031F6P3, STM32C031F6P6, STM32C031G4U3, STM32C031G4U6, STM32C031G6U3, STM32C031G6U6, STM32C031K4T3, STM32C031K4T6, STM32C031K4U3, STM32C031K4U6, STM32C031K6T3, STM32C031K6T6, STM32C031K6U3, STM32C031K6U6, STM32C071C8T6, STM32C071C8T6N, STM32C071C8U6, STM32C071C8U6N, STM32C071CBT6, STM32C071CBT6N, STM32C071CBU6, STM32C071CBU6N, STM32C071F8P6, STM32C071F8P6N, STM32C071FBP6, STM32C071FBP6N, STM32C071FBY6TR, STM32C071G8U6, STM32C071G8U6N, STM32C071GBU6, STM32C071GBU6N, STM32C071K8T6, STM32C071K8T6N, STM32C071K8U6, STM32C071K8U6N, STM32C071KBT6, STM32C071KBT6N, STM32C071KBU6, STM32C071KBU6N, STM32C071R8T6, STM32C071R8T6N, STM32C071RBI6N, STM32C071RBT6, STM32C071RBT6N, STM32G071K8TXN, STM32G071K8UXN, STM32G081GBU6N, STM32G081KBT6N, STM32G081KBUXN, STM32G0B1CCT6N, STM32G0B1KCT6, STM32G0B1NEY6TR, STM32G0B1RCT6N, STM32G0C1CCT6, STM32G0C1CCT6N, STM32G0C1CCU6N, STM32G0C1CET6N, STM32G0C1CEU6N, STM32G0C1KCT6, STM32G0C1NEY6TR, STM32G0C1RCI6N, STM32G0C1RCT6N, STM32G0C1REI6N, STM32G0C1RET6N, STM32G0C1VCI6, STM32G0C1VEI6, STM32G411C6T3, STM32G411C6T6, STM32G411C6U3, STM32G411C6U6, STM32G411C8T3, STM32G411C8T6, STM32G411C8U3, STM32G411C8U6, STM32G411CBT3, STM32G411CBT6, STM32G411CBU3, STM32G411CBU6, STM32G411K6T3, STM32G411K6T6, STM32G411K6U3, STM32G411K6U6, STM32G411K8T3, STM32G411K8T6, STM32G411K8U3, STM32G411K8U6, STM32G411KBT3, STM32G411KBT6, STM32G411KBU3, STM32G411KBU6, STM32G411M6T3, STM32G411M6T6, STM32G411M8T3, STM32G411M8T6, STM32G411MBT3, STM32G411MBT6, STM32G411R6T3, STM32G411R6T6, STM32G411R8T3, STM32G411R8T6, STM32G411RBT3, STM32G411RBT6, STM32G414CBT3, STM32G414CBT6, STM32G414CBU3, STM32G414CBU6, STM32G414CCT3, STM32G414CCT6, STM32G414CCU3, STM32G414CCU6, STM32G414MBT3, STM32G414MBT6, STM32G414MCT3, STM32G414MCT6, STM32G414RBT3, STM32G414RBT6, STM32G414RCT3, STM32G414RCT6, STM32G414VBT3, STM32G414VBT6, STM32G414VCT3, STM32G414VCT6, STM32G431CBT3Z, STM32G431RBT3Z, STM32G471CCT6, STM32G471CCU6, STM32G471CET3, STM32G471CET6, STM32G471CEU3, STM32G471CEU6, STM32G471MCT6, STM32G471MET3, STM32G471MET6, STM32G471MEY6TR, STM32G471QCT6, STM32G471QET3, STM32G471RCT6, STM32G471RET3, STM32G471RET6, STM32G471VCH6, STM32G471VCI6, STM32G471VCT6, STM32G471VEH3, STM32G471VEH6, STM32G471VEI3, STM32G471VEI6, STM32G471VET3, STM32G471VET6, STM32G473QET3Z, STM32G473RET3Z, STM32G474CCT6, STM32G491RET3Z, STM32H503CBT6, STM32H503CBU6, STM32H503EBY6TR, STM32H503KBU6, STM32H503RBT6, STM32H523CCT6, STM32H523CCU6, STM32H523CET6, STM32H523CEU6, STM32H523HEY6TR, STM32H523RCT6, STM32H523RET6, STM32H523VCI6, STM32H523VCT6, STM32H523VEI6, STM32H523VET6, STM32H523ZCJ6, STM32H523ZCT6, STM32H523ZEJ6, STM32H523ZET6, STM32H533CET6, STM32H533CEU6, STM32H533HEY6TR, STM32H533RET6, STM32H533VEI6, STM32H533VET6, STM32H533ZEJ6, STM32H533ZET6, STM32H562AGI6, STM32H562AII6, STM32H562IGK6, STM32H562IGT6, STM32H562IIK6, STM32H562IIT6, STM32H562RGT6, STM32H562RGV6, STM32H562RIT6, STM32H562RIV6, STM32H562VGT6, STM32H562VIT6, STM32H562ZGT6, STM32H562ZIT6, STM32H563AGI6, STM32H563AII3Q, STM32H563AII6, STM32H563IGK6, STM32H563IGT6, STM32H563IIK3Q, STM32H563IIK6, STM32H563IIT3Q, STM32H563IIT6, STM32H563MIY3QTR, STM32H563RGT6, STM32H563RGV6, STM32H563RIT6, STM32H563RIV6, STM32H563VGT6, STM32H563VIT3Q, STM32H563VIT6, STM32H563ZGT6, STM32H563ZIT3Q, STM32H563ZIT6, STM32H573AII3Q, STM32H573AII6, STM32H573I-DK, STM32H573IIK3Q, STM32H573IIK6, STM32H573IIT3Q, STM32H573IIT6, STM32H573MIY3QTR, STM32H573RIT6, STM32H573RIV6, STM32H573VIT3Q, STM32H573VIT6, STM32H573ZIT3Q, STM32H573ZIT6, STM32H7R3A8I6, STM32H7R3I8K6, STM32H7R3I8T6, STM32H7R3L8H6, STM32H7R3L8H6H, STM32H7R3R8V6, STM32H7R3V8H6, STM32H7R3V8T6, STM32H7R3V8Y6TR, STM32H7R3Z8J6, STM32H7R3Z8T6, STM32H7R7A8I6, STM32H7R7I8K6, STM32H7R7I8T6, STM32H7R7L8H6, STM32H7R7L8H6H, STM32H7R7Z8J6, STM32H7S3A8I6, STM32H7S3I8K6, STM32H7S3I8T6, STM32H7S3L8H6, STM32H7S3L8H6H, STM32H7S3R8V6, STM32H7S3V8H6, STM32H7S3V8T6, STM32H7S3V8Y6TR, STM32H7S3Z8J6, STM32H7S3Z8T6, STM32H7S78-DK, STM32H7S7A8I6, STM32H7S7I8K6, STM32H7S7I8T6, STM32H7S7L8H6, STM32H7S7L8H6H, STM32H7S7Z8J6, STM32L4R5QGI6STR, STM32MP131AAE3, STM32MP131AAF3, STM32MP131AAG3, STM32MP131CAE3, STM32MP131CAF3, STM32MP131CAG3, STM32MP131DAE7, STM32MP131DAF7, STM32MP131DAG7, STM32MP131FAE7, STM32MP131FAF7, STM32MP131FAG7, STM32MP133AAE3, STM32MP133AAF3, STM32MP133AAG3, STM32MP133CAE3, STM32MP133CAF3, STM32MP133CAG3, STM32MP133DAE7, STM32MP133DAF7, STM32MP133DAG7, STM32MP133FAE7, STM32MP133FAF7, STM32MP133FAG7, STM32MP135AAE3, STM32MP135AAF3, STM32MP135AAG3, STM32MP135CAE3, STM32MP135CAF3, STM32MP135CAG3, STM32MP135DAE7, STM32MP135DAF7, STM32MP135DAG7, STM32MP135F-DK, STM32MP135FAE7, STM32MP135FAF7, STM32MP135FAF7T, STM32MP135FAF7U, STM32MP135FAG7, STM32MP251AAI3, STM32MP251AAK3, STM32MP251AAL3, STM32MP251CAI3, STM32MP251CAK3, STM32MP251CAL3, STM32MP251DAI3, STM32MP251DAK3, STM32MP251DAL3, STM32MP251FAI3, STM32MP251FAK3, STM32MP251FAL3, STM32MP253AAI3, STM32MP253AAK3, STM32MP253AAL3, STM32MP253CAI3, STM32MP253CAK3, STM32MP253CAL3, STM32MP253DAI3, STM32MP253DAK3, STM32MP253DAL3, STM32MP253FAI3, STM32MP253FAK3, STM32MP253FAL3, STM32MP255AAI3, STM32MP255AAK3, STM32MP255AAL3, STM32MP255CAI3, STM32MP255CAK3, STM32MP255CAL3, STM32MP255DAI3, STM32MP255DAK3, STM32MP255DAL3, STM32MP255FAI3, STM32MP255FAK3, STM32MP255FAL3, STM32MP257AAI3, STM32MP257AAK3, STM32MP257AAL3, STM32MP257CAI3, STM32MP257CAK3, STM32MP257CAL3, STM32MP257DAI3, STM32MP257DAK3, STM32MP257DAL3, STM32MP257F-DK, STM32MP257F-EV1, STM32MP257FAI3, STM32MP257FAK3, STM32MP257FAL3, STM32U031C6T6, STM32U031C6U6, STM32U031C8T6, STM32U031C8U6, STM32U031F4P6, STM32U031F6P6, STM32U031F8P6, STM32U031G6Y6TR, STM32U031G8Y6TR, STM32U031K4U6, STM32U031K6U6, STM32U031K8U6, STM32U031R6I6, STM32U031R6T6, STM32U031R8I6, STM32U031R8T6, STM32U073C8T6, STM32U073C8U6, STM32U073CBT6, STM32U073CBU6, STM32U073CCT6, STM32U073CCU6, STM32U073H8Y6TR, STM32U073HBY6TR, STM32U073HCY6TR, STM32U073K8U6, STM32U073KBU6, STM32U073KCU6, STM32U073M8I6, STM32U073M8T6, STM32U073MBI6, STM32U073MBT6, STM32U073MCI6, STM32U073MCT6, STM32U073R8I6, STM32U073R8T6, STM32U073RBI6, STM32U073RBT6, STM32U073RCI6, STM32U073RCT6, STM32U083C-DK, STM32U083CCT6, STM32U083CCU6, STM32U083HCY6TR, STM32U083KCU6, STM32U083MCI6, STM32U083MCT6, STM32U083RCI6, STM32U083RCT6, STM32U535CBT6, STM32U535CBT6Q, STM32U535CBU6, STM32U535CBU6Q, STM32U535CCT6, STM32U535CCT6Q, STM32U535CCU6, STM32U535CCU6Q, STM32U535CET6, STM32U535CET6Q, STM32U535CEU6, STM32U535CEU6Q, STM32U535JEY6QTR, STM32U535NCY6QTR, STM32U535NEY6QTR, STM32U535RBI6, STM32U535RBI6Q, STM32U535RBT6, STM32U535RBT6Q, STM32U535RCI6, STM32U535RCI6Q, STM32U535RCT6, STM32U535RCT6Q, STM32U535REI6, STM32U535REI6Q, STM32U535RET6, STM32U535RET6Q, STM32U535VCI6, STM32U535VCI6Q, STM32U535VCT6, STM32U535VCT6Q, STM32U535VEI6, STM32U535VEI6Q, STM32U535VET6, STM32U535VET6Q, STM32U545CET6, STM32U545CET6Q, STM32U545CEU6, STM32U545CEU6Q, STM32U545JEY6QTR, STM32U545NEY6QTR, STM32U545REI6, STM32U545REI6Q, STM32U545RET6, STM32U545RET6Q, STM32U545VEI6, STM32U545VEI6Q, STM32U545VET6, STM32U545VET6Q, STM32U595AIH6, STM32U595AIH6Q, STM32U595AJH6, STM32U595AJH6Q, STM32U595QII6, STM32U595QII6Q, STM32U595QJI6, STM32U595QJI6Q, STM32U595RIT6, STM32U595RIT6Q, STM32U595RJT6, STM32U595RJT6Q, STM32U595VIT6, STM32U595VIT6Q, STM32U595VJT6, STM32U595VJT6Q, STM32U595ZIT6, STM32U595ZIT6Q, STM32U595ZIY6QTR, STM32U595ZJT6, STM32U595ZJT6Q, STM32U595ZJY6QTR, STM32U599BJY6QTR, STM32U599NIH6Q, STM32U599NJH6Q, STM32U599VIT6Q, STM32U599VJT6, STM32U599VJT6Q, STM32U599ZIT6Q, STM32U599ZIY6QTR, STM32U599ZJT6Q, STM32U599ZJY6QTR, STM32U5A5AJH6, STM32U5A5AJH6Q, STM32U5A5QII3Q , STM32U5A5QJI6, STM32U5A5QJI6Q, STM32U5A5RJT6, STM32U5A5RJT6Q, STM32U5A5VJT6, STM32U5A5VJT6Q, STM32U5A5ZJT6, STM32U5A5ZJT6Q, STM32U5A5ZJY6QTR, STM32U5A9BJY6QTR, STM32U5A9J-DK, STM32U5A9NJH6Q, STM32U5A9VJT6Q, STM32U5A9ZJT6Q, STM32U5A9ZJY6QTR, STM32U5F7VIT6, STM32U5F7VIT6Q, STM32U5F7VJT6, STM32U5F7VJT6Q, STM32U5F9BJY6QTR, STM32U5F9NJH6Q, STM32U5F9VIT6Q, STM32U5F9VJT6Q, STM32U5F9ZIJ6QTR, STM32U5F9ZIT6Q, STM32U5F9ZJJ6QTR, STM32U5F9ZJT6Q, STM32U5G7VJT6, STM32U5G7VJT6Q, STM32U5G9BJY6QTR, STM32U5G9J-DK1, STM32U5G9J-DK2, STM32U5G9NJH6Q, STM32U5G9VJT6Q, STM32U5G9ZJJ6QTR, STM32U5G9ZJT6Q, STM32WB05KZV6TR, STM32WB05KZV7TR, STM32WB05TZF6TR, STM32WB05TZF7TR, STM32WB06CCF6TR, STM32WB06CCF7TR, STM32WB06CCV6TR, STM32WB06CCV7TR, STM32WB06KCV6TR, STM32WB06KCV7TR, STM32WB07CCF6TR, STM32WB07CCF7TR, STM32WB07CCV6TR, STM32WB07CCV7TR, STM32WB07KCV6TR, STM32WB07KCV7TR, STM32WB09KEV6TR, STM32WB09KEV7TR, STM32WB09TEF6TR, STM32WB09TEF7TR, STM32WB1MMCH6, STM32WBA50KGU6, STM32WBA50KGU6TR, STM32WBA52CEU6, STM32WBA52CEU6TR, STM32WBA52CEU7, STM32WBA52CEU7TR, STM32WBA52CGU6, STM32WBA52CGU6TR, STM32WBA52CGU6U, STM32WBA52CGU7, STM32WBA52CGU7TR, STM32WBA52KEU6, STM32WBA52KEU6TR, STM32WBA52KGU6, STM32WBA52KGU6TR, STM32WBA54CEU6, STM32WBA54CEU6TR, STM32WBA54CEU7, STM32WBA54CEU7TR, STM32WBA54CGU6, STM32WBA54CGU6TR, STM32WBA54CGU7, STM32WBA54CGU7TR, STM32WBA54KEU6, STM32WBA54KEU6TR, STM32WBA54KEU7, STM32WBA54KEU7TR, STM32WBA54KGU6, STM32WBA54KGU6TR, STM32WBA54KGU7, STM32WBA54KGU7TR, STM32WBA55CEU6, STM32WBA55CEU6TR, STM32WBA55CEU7, STM32WBA55CEU7TR, STM32WBA55CGU6, STM32WBA55CGU6TR, STM32WBA55CGU6U, STM32WBA55CGU7, STM32WBA55CGU7TR, STM32WBA55G-DK1, STM32WBA55HEF6, STM32WBA55HEF7, STM32WBA55HGF6, STM32WBA55HGF7, STM32WBA55UEI6, STM32WBA55UEI6TR, STM32WBA55UEI7, STM32WBA55UEI7TR, STM32WBA55UGI6, STM32WBA55UGI6TR, STM32WBA55UGI7, STM32WBA55UGI7TR, STM32WL5MOCH6, STM32WL5MOCH6TR]
2024-11-21 15:37:47,023 [INFO] DbMcus:218 - Found 4252 MCUs, 4252 are supported
2024-11-21 15:37:47,024 [INFO] ApiDb:423 - Load user favorites file C:\Users\Bruno/.stm32cubeide/favorites.mcus.txt: 0 item(s)
2024-11-21 15:37:47,024 [INFO] ApiDb:427 - User favorites MCUs=[]
2024-11-21 15:37:47,024 [INFO] DbMcus:224 - Set 0 / 0 favorites MCUs
2024-11-21 15:37:47,363 [INFO] ApiDb:423 - Load user favorites file C:\Users\Bruno/.stm32cubeide/favorites.boards.txt: 0 item(s)
2024-11-21 15:37:47,363 [INFO] ApiDb:427 - User favorites Boards=[]
2024-11-21 15:37:47,363 [INFO] DbBoards:198 - Set 0 / 0 favorites Boards
2024-11-21 15:37:47,363 [INFO] McuFinderGlobals:76 - Set McuFinderConnectedMode to true
2024-11-21 15:37:47,369 [INFO] MultiScanPanel:200 - Auto-refresh data requested => check proxy status ongoing
2024-11-21 15:37:47,371 [INFO] FinderPluginLoader:95 - Searching for filters in installed packs
2024-11-21 15:37:48,717 [INFO] LoadUrlFilesThread:185 - End of LoadServerUrlFiles without Thread
2024-11-21 15:37:48,782 [INFO] DetailPanel:341 - Set advertising image to C:/Users/Bruno/STM32Cube/Repository/\en.prom-stm32c071-usb-memories-mcu-finder.png
2024-11-21 15:38:39,572 [INFO] RulesReader:64 - Compatibility file has been processed (297 Rules)
2024-11-21 15:38:39,583 [INFO] RulesReader:64 - Compatibility file has been processed (297 Rules)
2024-11-21 15:38:39,585 [INFO] MicroXplorer:468 - Change Database Path : 
2024-11-21 15:38:39,585 [INFO] MicroXplorer:498 - Change Database Version : DB.6.0.121
2024-11-21 15:38:39,591 [WARN] ThirdParty:871 - waiting for thirdparty lock release [close project]
2024-11-21 15:38:39,591 [INFO] ThirdParty:873 - entering critical section [close project]
2024-11-21 15:38:39,592 [INFO] ThirdParty:883 - exiting critical section [close project]
2024-11-21 15:38:39,593 [INFO] PinOutPanel:1561 - setPackage(No Configuration,No Configuration)
2024-11-21 15:38:39,596 [INFO] UtilMem:75 - Begin LoadConfig() Used Memory: 291508208 Bytes (534773760)
2024-11-21 15:38:39,597 [INFO] MicroXplorer:468 - Change Database Path : 
2024-11-21 15:38:39,597 [INFO] MicroXplorer:498 - Change Database Version : DB.6.0.121
2024-11-21 15:38:39,597 [INFO] OpenFileManager:332 - Change cursor
2024-11-21 15:38:39,666 [INFO] Mcu:2032 - Initializing MCU STM32F405RGTx STM32F405RGTx STM32F405RGT6
2024-11-21 15:38:41,416 [INFO] Context:742 - Trying to add GPIOservice into a context  which must be forbidden
2024-11-21 15:38:41,914 [INFO] ImportTextPane:205 - (OptionalMessage_ERROR) Unable to find key (Mcu.ThirdPartyNb) in loaded IOC file
2024-11-21 15:38:41,914 [INFO] ImportTextPane:205 - (OptionalMessage_ERROR) Unable to find key (Mcu.PinsNb) in loaded IOC file
2024-11-21 15:38:41,914 [INFO] ImportTextPane:205 - (OptionalMessage_ERROR) Unable to find key (Mcu.IPNb) in loaded IOC file
2024-11-21 15:38:42,259 [INFO] RtosManager:555 - Registered RTOS mode: class=CMSIS, group=RTOS, mode=CMSIS_V1, owner=FREERTOS
2024-11-21 15:38:42,259 [INFO] RtosManager:555 - Registered RTOS mode: class=CMSIS, group=RTOS2, mode=CMSIS_V2, owner=FREERTOS
2024-11-21 15:38:42,259 [INFO] RtosManager:555 - Registered RTOS mode: class=RTOS, group=Core, mode=CMSIS_V1, owner=FREERTOS
2024-11-21 15:38:42,259 [INFO] RtosManager:555 - Registered RTOS mode: class=RTOS, group=Core, mode=CMSIS_V2, owner=FREERTOS
2024-11-21 15:38:42,260 [WARN] ModelIntegratedComponent:184 - Missing modes for component STMicroelectronics:FreeRTOS:0.0.1:STMicroelectronics:RTOS:FreeRTOS:Core:::10.2.0:
2024-11-21 15:38:42,266 [WARN] ModelIntegratedComponent:63 - No mode defined for component null
2024-11-21 15:38:42,266 [WARN] ModelIntegratedComponent:63 - No mode defined for component null
2024-11-21 15:38:42,266 [WARN] ModelIntegratedComponent:63 - No mode defined for component null
2024-11-21 15:38:42,267 [WARN] ModelIntegratedComponent:63 - No mode defined for component null
2024-11-21 15:38:42,267 [WARN] ModelIntegratedComponent:63 - No mode defined for component null
2024-11-21 15:38:42,267 [WARN] ModelIntegratedComponent:63 - No mode defined for component null
2024-11-21 15:38:42,267 [WARN] ModelIntegratedComponent:63 - No mode defined for component null
2024-11-21 15:38:42,267 [WARN] ModelIntegratedComponent:63 - No mode defined for component null
2024-11-21 15:38:42,267 [WARN] ModelIntegratedComponent:63 - No mode defined for component null
2024-11-21 15:38:42,267 [WARN] ModelIntegratedComponent:63 - No mode defined for component null
2024-11-21 15:38:42,267 [WARN] ModelIntegratedComponent:63 - No mode defined for component null
2024-11-21 15:38:42,267 [WARN] ModelIntegratedComponent:63 - No mode defined for component null
2024-11-21 15:38:42,267 [WARN] ModelIntegratedComponent:63 - No mode defined for component null
2024-11-21 15:38:42,267 [WARN] ModelIntegratedComponent:63 - No mode defined for component null
2024-11-21 15:38:42,267 [WARN] ModelIntegratedComponent:63 - No mode defined for component null
2024-11-21 15:38:42,267 [WARN] ModelIntegratedComponent:63 - No mode defined for component null
2024-11-21 15:38:42,267 [WARN] ModelIntegratedComponent:63 - No mode defined for component null
2024-11-21 15:38:42,267 [WARN] ModelIntegratedComponent:63 - No mode defined for component null
2024-11-21 15:38:42,267 [WARN] ModelIntegratedComponent:63 - No mode defined for component null
2024-11-21 15:38:42,267 [WARN] ModelIntegratedComponent:63 - No mode defined for component null
2024-11-21 15:38:42,267 [WARN] ModelIntegratedComponent:63 - No mode defined for component null
2024-11-21 15:38:42,267 [WARN] ModelIntegratedComponent:63 - No mode defined for component null
2024-11-21 15:38:42,267 [WARN] ModelIntegratedComponent:63 - No mode defined for component null
2024-11-21 15:38:42,267 [WARN] ModelIntegratedComponent:63 - No mode defined for component null
2024-11-21 15:38:42,267 [WARN] ModelIntegratedComponent:63 - No mode defined for component null
2024-11-21 15:38:42,268 [WARN] ModelIntegratedComponent:63 - No mode defined for component null
2024-11-21 15:38:42,268 [WARN] ModelIntegratedComponent:63 - No mode defined for component null
2024-11-21 15:38:42,268 [WARN] ModelIntegratedComponent:63 - No mode defined for component null
2024-11-21 15:38:42,268 [WARN] ModelIntegratedComponent:63 - No mode defined for component null
2024-11-21 15:38:42,268 [WARN] ModelIntegratedComponent:63 - No mode defined for component null
2024-11-21 15:38:42,268 [WARN] ModelIntegratedComponent:63 - No mode defined for component null
2024-11-21 15:38:42,268 [WARN] ModelIntegratedComponent:63 - No mode defined for component null
2024-11-21 15:38:42,268 [WARN] ModelIntegratedComponent:63 - No mode defined for component null
2024-11-21 15:38:42,268 [WARN] ModelIntegratedComponent:63 - No mode defined for component null
2024-11-21 15:38:42,268 [WARN] ModelIntegratedComponent:63 - No mode defined for component null
2024-11-21 15:38:42,268 [WARN] ModelPack:524 - Component already loaded: STMicroelectronics:HAL Drivers:0.0.0:STMicroelectronics:Device:STMicro_Driver:XSPI:HAL::0.0.1:HAL_XSPI
2024-11-21 15:38:42,324 [INFO] ThirdPartyModel:298 - Start build external matchings
2024-11-21 15:38:43,629 [INFO] ThirdPartyModel:316 - End build external matchings
2024-11-21 15:38:44,081 [INFO] UtilMem:75 - End LoadConfig() Used Memory: 437365512 Bytes (827326464)
2024-11-21 15:38:44,103 [WARN] ThirdParty:833 - waiting for thirdparty lock release [change project]
2024-11-21 15:38:44,103 [INFO] ThirdParty:835 - entering critical section [change project]
2024-11-21 15:38:44,103 [INFO] ThirdParty:1030 - CMSIS Pack Vendor :STMicroelectronics USBPD 4.1
2024-11-21 15:38:44,103 [INFO] ThirdParty:1030 - CMSIS Pack Vendor :STMicroelectronics X-CUBE-GNSS1 6.0.0
2024-11-21 15:38:44,103 [INFO] ThirdParty:1030 - CMSIS Pack Vendor :STMicroelectronics USB_HOST 2.0.0
2024-11-21 15:38:44,103 [INFO] ThirdParty:1030 - CMSIS Pack Vendor :STMicroelectronics FP-SNS-MOTENVWB1 1.4.0
2024-11-21 15:38:44,103 [INFO] ThirdParty:1030 - CMSIS Pack Vendor :STMicroelectronics X-CUBE-AZRTOS-F4 1.1.0
2024-11-21 15:38:44,104 [INFO] ThirdParty:1030 - CMSIS Pack Vendor :STMicroelectronics LIBJPEG 8.0.0
2024-11-21 15:38:44,104 [INFO] ThirdParty:1030 - CMSIS Pack Vendor :STMicroelectronics FP-ATR-ASTRA1 2.0.1
2024-11-21 15:38:44,104 [INFO] ThirdParty:1030 - CMSIS Pack Vendor :STMicroelectronics X-CUBE-SMBUS 2.1.0
2024-11-21 15:38:44,104 [INFO] ThirdParty:1030 - CMSIS Pack Vendor :STMicroelectronics X-CUBE-WB05N 1.1.0
2024-11-21 15:38:44,104 [INFO] ThirdParty:1030 - CMSIS Pack Vendor :STMicroelectronics X-CUBE-ISPU 2.1.0
2024-11-21 15:38:44,104 [INFO] ThirdParty:1030 - CMSIS Pack Vendor :STMicroelectronics X-CUBE-FREERTOS 1.2.0
2024-11-21 15:38:44,104 [INFO] ThirdParty:1030 - CMSIS Pack Vendor :STMicroelectronics X-CUBE-MEMS1 9.2.0
2024-11-21 15:38:44,104 [INFO] ThirdParty:1030 - CMSIS Pack Vendor :STMicroelectronics X-CUBE-AZRTOS-F7 1.1.0
2024-11-21 15:38:44,104 [INFO] ThirdParty:1030 - CMSIS Pack Vendor :STMicroelectronics X-CUBE-AZRTOS-L5 2.0.0
2024-11-21 15:38:44,104 [INFO] ThirdParty:1030 - CMSIS Pack Vendor :STMicroelectronics USB_DEVICE 2.0.0
2024-11-21 15:38:44,104 [INFO] ThirdParty:1030 - CMSIS Pack Vendor :STMicroelectronics X-CUBE-NFC6 3.1.0
2024-11-21 15:38:44,104 [INFO] ThirdParty:1030 - CMSIS Pack Vendor :STMicroelectronics X-CUBE-BLE1 6.2.3
2024-11-21 15:38:44,104 [INFO] ThirdParty:1030 - CMSIS Pack Vendor :STMicroelectronics X-CUBE-MEMS1 11.0.0
2024-11-21 15:38:44,104 [INFO] ThirdParty:1030 - CMSIS Pack Vendor :STMicroelectronics FreeRTOS 0.0.1
2024-11-21 15:38:44,104 [INFO] ThirdParty:1030 - CMSIS Pack Vendor :STMicroelectronics X-CUBE-DPower 1.2.0
2024-11-21 15:38:44,104 [INFO] ThirdParty:1030 - CMSIS Pack Vendor :STMicroelectronics FP-SNS-FLIGHT1 5.0.2
2024-11-21 15:38:44,104 [INFO] ThirdParty:1030 - CMSIS Pack Vendor :STMicroelectronics X-CUBE-NFC4 2.0.4
2024-11-21 15:38:44,104 [INFO] ThirdParty:1030 - CMSIS Pack Vendor :STMicroelectronics PDM2PCM 3.3.0
2024-11-21 15:38:44,104 [INFO] ThirdParty:1030 - CMSIS Pack Vendor :STMicroelectronics X-CUBE-TOF1 3.1.0
2024-11-21 15:38:44,104 [INFO] ThirdParty:1030 - CMSIS Pack Vendor :STMicroelectronics X-CUBE-DISPLAY 3.0.0
2024-11-21 15:38:44,104 [INFO] ThirdParty:1030 - CMSIS Pack Vendor :STMicroelectronics X-CUBE-AZRTOS-F4 1.0.0
2024-11-21 15:38:44,104 [INFO] ThirdParty:1030 - CMSIS Pack Vendor :STMicroelectronics X-CUBE-BLE1 7.0.0
2024-11-21 15:38:44,104 [INFO] ThirdParty:1030 - CMSIS Pack Vendor :STMicroelectronics X-CUBE-NFC10 1.0.0
2024-11-21 15:38:44,105 [INFO] ThirdParty:1030 - CMSIS Pack Vendor :STMicroelectronics HAL Drivers 0.0.0
2024-11-21 15:38:44,105 [INFO] ThirdParty:1030 - CMSIS Pack Vendor :STMicroelectronics X-CUBE-NFC7 1.0.1
2024-11-21 15:38:44,105 [INFO] ThirdParty:1030 - CMSIS Pack Vendor :STMicroelectronics MBEDTLS 2.14.1
2024-11-21 15:38:44,105 [INFO] ThirdParty:1030 - CMSIS Pack Vendor :STMicroelectronics X-CUBE-NFC7 1.0.0
2024-11-21 15:38:44,105 [INFO] ThirdParty:1030 - CMSIS Pack Vendor :STMicroelectronics X-CUBE-AI 7.2.0
2024-11-21 15:38:44,105 [INFO] ThirdParty:1030 - CMSIS Pack Vendor :STMicroelectronics X-CUBE-BLEMGR 3.1.0
2024-11-21 15:38:44,105 [INFO] ThirdParty:1030 - CMSIS Pack Vendor :STMicroelectronics FP-SNS-SMARTAG2 1.2.0
2024-11-21 15:38:44,105 [INFO] ThirdParty:1030 - CMSIS Pack Vendor :STMicroelectronics X-CUBE-AZRTOS-WL 2.0.0
2024-11-21 15:38:44,105 [INFO] ThirdParty:1030 - CMSIS Pack Vendor :STMicroelectronics FP-SNS-MOTENV1 5.0.0
2024-11-21 15:38:44,105 [INFO] ThirdParty:1030 - CMSIS Pack Vendor :STMicroelectronics USB_DEVICE 1.0.0
2024-11-21 15:38:44,106 [INFO] ThirdParty:1030 - CMSIS Pack Vendor :wolfSSL I-CUBE-wolfMQTT 1.19.0
2024-11-21 15:38:44,106 [INFO] ThirdParty:1030 - CMSIS Pack Vendor :STMicroelectronics X-CUBE-AZRTOS-L4 2.0.0
2024-11-21 15:38:44,107 [INFO] ThirdParty:1030 - CMSIS Pack Vendor :STMicroelectronics ThreadX 0.0.2
2024-11-21 15:38:44,108 [INFO] ThirdParty:1030 - CMSIS Pack Vendor :WES I-CUBE-Cesium 1.3.0
2024-11-21 15:38:44,108 [INFO] ThirdParty:1030 - CMSIS Pack Vendor :STMicroelectronics lwIP 2.1.2
2024-11-21 15:38:44,108 [INFO] ThirdParty:1030 - CMSIS Pack Vendor :STMicroelectronics X-CUBE-SFXS2LP1 4.0.0
2024-11-21 15:38:44,108 [INFO] ThirdParty:1030 - CMSIS Pack Vendor :STMicroelectronics X-CUBE-BLE2 3.3.0
2024-11-21 15:38:44,108 [INFO] ThirdParty:1030 - CMSIS Pack Vendor :STMicroelectronics X-CUBE-DISPLAY 2.2.0
2024-11-21 15:38:44,108 [INFO] ThirdParty:1030 - CMSIS Pack Vendor :STMicroelectronics PDM2PCM 3.2.0
2024-11-21 15:38:44,108 [INFO] ThirdParty:1030 - CMSIS Pack Vendor :STMicroelectronics X-CUBE-AZRTOS-H7 3.3.0
2024-11-21 15:38:44,108 [INFO] ThirdParty:1030 - CMSIS Pack Vendor :RoweBots I-CUBE-UNISONRTOS 5.5.0-4
2024-11-21 15:38:44,108 [INFO] ThirdParty:1030 - CMSIS Pack Vendor :STMicroelectronics X-CUBE-NFC9 1.0.0
2024-11-21 15:38:44,108 [INFO] ThirdParty:1030 - CMSIS Pack Vendor :STMicroelectronics X-CUBE-AZRTOS-H7 2.1.0
2024-11-21 15:38:44,108 [INFO] ThirdParty:1030 - CMSIS Pack Vendor :wolfSSL I-CUBE-wolfSSL 5.4.0
2024-11-21 15:38:44,108 [INFO] ThirdParty:1030 - CMSIS Pack Vendor :STMicroelectronics USB_DEVICE 3.0.0
2024-11-21 15:38:44,108 [INFO] ThirdParty:1030 - CMSIS Pack Vendor :STMicroelectronics X-CUBE-TCPP 4.1.0
2024-11-21 15:38:44,108 [INFO] ThirdParty:1030 - CMSIS Pack Vendor :STMicroelectronics X-CUBE-IPS 3.0.0
2024-11-21 15:38:44,108 [INFO] ThirdParty:1030 - CMSIS Pack Vendor :STMicroelectronics X-CUBE-AZRTOS-WB 2.0.0
2024-11-21 15:38:44,108 [INFO] ThirdParty:1030 - CMSIS Pack Vendor :STMicroelectronics X-CUBE-GNSS1 7.0.0
2024-11-21 15:38:44,108 [INFO] ThirdParty:1030 - CMSIS Pack Vendor :STMicroelectronics X-CUBE-BLEMGR 1.0.0
2024-11-21 15:38:44,108 [INFO] ThirdParty:1030 - CMSIS Pack Vendor :STMicroelectronics FP-SNS-STBOX1 2.0.0
2024-11-21 15:38:44,108 [INFO] ThirdParty:1030 - CMSIS Pack Vendor :STMicroelectronics X-CUBE-ALGOBUILD 1.3.0
2024-11-21 15:38:44,108 [INFO] ThirdParty:1030 - CMSIS Pack Vendor :STMicroelectronics X-CUBE-AZRTOS-G0 1.1.0
2024-11-21 15:38:44,108 [INFO] ThirdParty:1030 - CMSIS Pack Vendor :STMicroelectronics X-CUBE-SAFEA1 1.2.2
2024-11-21 15:38:44,109 [INFO] ThirdParty:1030 - CMSIS Pack Vendor :STMicroelectronics X-CUBE-NFC4 3.0.0
2024-11-21 15:38:44,109 [INFO] ThirdParty:1030 - CMSIS Pack Vendor :SEGGER I-CUBE-embOS 1.2.0
2024-11-21 15:38:44,109 [INFO] ThirdParty:1030 - CMSIS Pack Vendor :STMicroelectronics X-CUBE-SUBG2 5.0.0
2024-11-21 15:38:44,109 [INFO] ThirdParty:1030 - CMSIS Pack Vendor :STMicroelectronics STM32_WPAN 1.0.0
2024-11-21 15:38:44,109 [INFO] ThirdParty:1030 - CMSIS Pack Vendor :EmbeddedOffice I-CUBE-FS-RTOS 1.0.1
2024-11-21 15:38:44,109 [INFO] ThirdParty:1030 - CMSIS Pack Vendor :STMicroelectronics lwIP 2.0.3
2024-11-21 15:38:44,109 [INFO] ThirdParty:1030 - CMSIS Pack Vendor :Cesanta I-CUBE-Mongoose 7.13.0
2024-11-21 15:38:44,109 [INFO] ThirdParty:1030 - CMSIS Pack Vendor :STMicroelectronics USB_HOST 1.0.0
2024-11-21 15:38:44,109 [INFO] ThirdParty:1030 - CMSIS Pack Vendor :STMicroelectronics X-CUBE-AZRTOS-G4 2.0.0
2024-11-21 15:38:44,109 [INFO] ThirdParty:1030 - CMSIS Pack Vendor :STMicroelectronics PDM2PCM 3.1.0
2024-11-21 15:38:44,109 [INFO] ThirdParty:1030 - CMSIS Pack Vendor :STMicroelectronics FP-ATR-ASTRA1 1.1.0
2024-11-21 15:38:44,109 [INFO] ThirdParty:1030 - CMSIS Pack Vendor :RealThread X-CUBE-RT-Thread_Nano 4.1.1
2024-11-21 15:38:44,109 [INFO] ThirdParty:1030 - CMSIS Pack Vendor :STMicroelectronics FP-ATR-SIGFOX1 3.2.0
2024-11-21 15:38:44,109 [INFO] ThirdParty:1030 - CMSIS Pack Vendor :STMicroelectronics X-CUBE-AZRTOS-G4 1.0.0
2024-11-21 15:38:44,109 [INFO] ThirdParty:1030 - CMSIS Pack Vendor :STMicroelectronics X-CUBE-AZRTOS-L4 1.0.0
2024-11-21 15:38:44,109 [INFO] ThirdParty:1030 - CMSIS Pack Vendor :quantropi X-CUBE-qispace-sdk-base 1.9.3
2024-11-21 15:38:44,109 [INFO] ThirdParty:1030 - CMSIS Pack Vendor :STMicroelectronics X-CUBE-EEPRMA1 5.1.0
2024-11-21 15:38:44,109 [INFO] ThirdParty:1030 - CMSIS Pack Vendor :STMicroelectronics MBEDTLS 2.16.2
2024-11-21 15:38:44,109 [INFO] ThirdParty:1030 - CMSIS Pack Vendor :STMicroelectronics X-CUBE-ALS 1.0.2
2024-11-21 15:38:44,109 [INFO] ThirdParty:1030 - CMSIS Pack Vendor :emotas I-CUBE-CANOPEN 1.1.2
2024-11-21 15:38:44,109 [INFO] ThirdParty:1030 - CMSIS Pack Vendor :STMicroelectronics X-CUBE-TOUCHGFX 4.20.0
2024-11-21 15:38:44,109 [INFO] ThirdParty:1030 - CMSIS Pack Vendor :ITTIA_DB I-CUBE-ITTIADB 8.9.0
2024-11-21 15:38:44,109 [INFO] ThirdParty:1030 - CMSIS Pack Vendor :STMicroelectronics X-CUBE-AZRTOS-WL 1.0.0
2024-11-21 15:38:44,109 [INFO] ThirdParty:1030 - CMSIS Pack Vendor :STMicroelectronics X-CUBE-TOUCHGFX 4.24.1
2024-11-21 15:38:44,109 [INFO] ThirdParty:1030 - CMSIS Pack Vendor :wolfSSL I-CUBE-wolfTPM 3.4.0
2024-11-21 15:38:44,110 [INFO] ThirdParty:1030 - CMSIS Pack Vendor :portGmbH I-Cube-SoM-uGOAL 1.1.0
2024-11-21 15:38:44,110 [INFO] ThirdParty:1030 - CMSIS Pack Vendor :STMicroelectronics X-CUBE-ALS 1.0.1
2024-11-21 15:38:44,110 [INFO] ThirdParty:1030 - CMSIS Pack Vendor :STMicroelectronics ThreadX 1.0.0
2024-11-21 15:38:44,110 [INFO] ThirdParty:1030 - CMSIS Pack Vendor :SEGGER I-CUBE-embOS 1.3.1
2024-11-21 15:38:44,110 [INFO] ThirdParty:1030 - CMSIS Pack Vendor :STMicroelectronics X-CUBE-ALGOBUILD 1.4.0
2024-11-21 15:38:44,110 [INFO] ThirdParty:1030 - CMSIS Pack Vendor :STMicroelectronics X-CUBE-AZRTOS-L5 1.0.0
2024-11-21 15:38:44,110 [INFO] ThirdParty:1030 - CMSIS Pack Vendor :STMicroelectronics X-CUBE-EEPRMA1 3.1.1
2024-11-21 15:38:44,110 [INFO] ThirdParty:1030 - CMSIS Pack Vendor :STMicroelectronics X-CUBE-AZRTOS-H7RS 1.0.0
2024-11-21 15:38:44,110 [INFO] ThirdParty:1030 - CMSIS Pack Vendor :STMicroelectronics FP-ATR-ASTRA1 2.0.0
2024-11-21 15:38:44,110 [INFO] ThirdParty:1030 - CMSIS Pack Vendor :STMicroelectronics X-CUBE-TOF1 3.4.2
2024-11-21 15:38:44,110 [INFO] ThirdParty:1030 - CMSIS Pack Vendor :STMicroelectronics X-CUBE-AI 9.1.0
2024-11-21 15:38:44,110 [INFO] ThirdParty:1030 - CMSIS Pack Vendor :Infineon AIROC-Wi-Fi-Bluetooth-STM32 1.6.1
2024-11-21 15:38:44,110 [INFO] ThirdParty:1030 - CMSIS Pack Vendor :wolfSSL I-CUBE-wolfSSH 1.4.17
2024-11-21 15:38:44,110 [INFO] ThirdParty:841 - exiting critical section [change project]
2024-11-21 15:38:44,491 [INFO] PinOutPanel:1561 - setPackage(No Configuration,No Configuration)
2024-11-21 15:38:44,492 [INFO] PinOutPanel:1561 - setPackage(STM32F405RGTx,LQFP64)
2024-11-21 15:38:44,905 [INFO] UtilMem:75 - Before build in PCC Used Memory: 669574480 Bytes (827326464)
2024-11-21 15:38:45,612 [INFO] UtilMem:75 - After build in PCC Used Memory: 244412928 Bytes (827326464)
2024-11-21 15:38:45,638 [INFO] IPUIPlugin:80 - create IPUIPlugin
2024-11-21 15:38:45,638 [INFO] IPUIPlugin:80 - create IPUIPlugin
2024-11-21 15:38:45,638 [INFO] IPUIPlugin:80 - create IPUIPlugin
2024-11-21 15:38:45,638 [INFO] IPUIPlugin:80 - create IPUIPlugin
2024-11-21 15:38:45,638 [INFO] IPUIPlugin:80 - create IPUIPlugin
2024-11-21 15:38:45,639 [INFO] IPUIPlugin:80 - create IPUIPlugin
2024-11-21 15:38:45,639 [INFO] IPUIPlugin:80 - create IPUIPlugin
2024-11-21 15:38:45,639 [INFO] IPUIPlugin:80 - create IPUIPlugin
2024-11-21 15:38:45,639 [INFO] IPUIPlugin:80 - create IPUIPlugin
2024-11-21 15:38:45,639 [INFO] IPUIPlugin:80 - create IPUIPlugin
2024-11-21 15:38:45,640 [INFO] IPUIPlugin:80 - create IPUIPlugin
2024-11-21 15:38:45,640 [INFO] IPUIPlugin:80 - create IPUIPlugin
2024-11-21 15:38:45,640 [INFO] IPUIPlugin:80 - create IPUIPlugin
2024-11-21 15:38:45,640 [INFO] IPUIPlugin:80 - create IPUIPlugin
2024-11-21 15:38:45,640 [INFO] IPUIPlugin:80 - create IPUIPlugin
2024-11-21 15:38:45,640 [INFO] IPUIPlugin:80 - create IPUIPlugin
2024-11-21 15:38:45,641 [INFO] IPUIPlugin:80 - create IPUIPlugin
2024-11-21 15:38:45,642 [INFO] IPUIPlugin:80 - create IPUIPlugin
2024-11-21 15:38:45,642 [INFO] IPUIPlugin:80 - create IPUIPlugin
2024-11-21 15:38:45,642 [INFO] IPUIPlugin:80 - create IPUIPlugin
2024-11-21 15:38:45,642 [INFO] IPUIPlugin:80 - create IPUIPlugin
2024-11-21 15:38:45,642 [INFO] IPUIPlugin:80 - create IPUIPlugin
2024-11-21 15:38:45,643 [INFO] IPUIPlugin:80 - create IPUIPlugin
2024-11-21 15:38:45,643 [INFO] IPUIPlugin:80 - create IPUIPlugin
2024-11-21 15:38:45,643 [INFO] IPUIPlugin:80 - create IPUIPlugin
2024-11-21 15:38:45,643 [INFO] IPUIPlugin:80 - create IPUIPlugin
2024-11-21 15:38:45,643 [INFO] IPUIPlugin:80 - create IPUIPlugin
2024-11-21 15:38:45,643 [INFO] IPUIPlugin:80 - create IPUIPlugin
2024-11-21 15:38:45,644 [INFO] IPUIPlugin:80 - create IPUIPlugin
2024-11-21 15:38:45,644 [INFO] IPUIPlugin:80 - create IPUIPlugin
2024-11-21 15:38:45,644 [INFO] IPUIPlugin:80 - create IPUIPlugin
2024-11-21 15:38:45,644 [INFO] IPUIPlugin:80 - create IPUIPlugin
2024-11-21 15:38:45,644 [INFO] IPUIPlugin:80 - create IPUIPlugin
2024-11-21 15:38:45,645 [INFO] IPUIPlugin:80 - create IPUIPlugin
2024-11-21 15:38:45,645 [INFO] IPUIPlugin:80 - create IPUIPlugin
2024-11-21 15:38:45,645 [INFO] IPUIPlugin:80 - create IPUIPlugin
2024-11-21 15:38:45,645 [INFO] IPUIPlugin:80 - create IPUIPlugin
2024-11-21 15:38:45,645 [INFO] IPUIPlugin:80 - create IPUIPlugin
2024-11-21 15:38:45,646 [INFO] IPUIPlugin:80 - create IPUIPlugin
2024-11-21 15:38:45,646 [INFO] IPUIPlugin:80 - create IPUIPlugin
2024-11-21 15:38:45,646 [INFO] IPUIPlugin:80 - create IPUIPlugin
2024-11-21 15:38:45,646 [INFO] IPUIPlugin:80 - create IPUIPlugin
2024-11-21 15:38:45,647 [INFO] IPUIPlugin:80 - create IPUIPlugin
2024-11-21 15:38:45,647 [INFO] IPUIPlugin:80 - create IPUIPlugin
2024-11-21 15:38:45,647 [INFO] IPUIPlugin:80 - create IPUIPlugin
2024-11-21 15:38:45,647 [INFO] IPUIPlugin:80 - create IPUIPlugin
2024-11-21 15:38:45,649 [INFO] IPUIPlugin:80 - create IPUIPlugin
2024-11-21 15:38:45,649 [INFO] IPUIPlugin:80 - create IPUIPlugin
2024-11-21 15:38:45,649 [INFO] IPUIPlugin:80 - create IPUIPlugin
2024-11-21 15:38:45,650 [INFO] IPUIPlugin:80 - create IPUIPlugin
2024-11-21 15:38:45,650 [INFO] IPUIPlugin:80 - create IPUIPlugin
2024-11-21 15:38:45,650 [INFO] IPUIPlugin:80 - create IPUIPlugin
2024-11-21 15:38:45,651 [INFO] IPUIPlugin:80 - create IPUIPlugin
2024-11-21 15:38:45,651 [INFO] IPUIPlugin:80 - create IPUIPlugin
2024-11-21 15:38:45,720 [INFO] ApiDbMcu:508 - Load IP Config File for PDM2PCM
2024-11-21 15:38:45,908 [INFO] CADModel:165 - CPN selected for project levelSTM32F405RGT6
2024-11-21 15:38:45,908 [INFO] CADModel:114 - Register for checkConnection events
2024-11-21 15:38:45,955 [INFO] OpenFileManager:363 - Restore cursor
2024-11-21 15:38:46,033 [INFO] UtilMem:75 - End SaveConfig() Used Memory: 329347584 Bytes (827326464)
2024-11-21 15:38:57,917 [INFO] McuFinderGlobals:76 - Set McuFinderConnectedMode to true
2024-11-21 15:38:57,920 [INFO] ApiDb:448 - Save user favorites file C:\Users\Bruno/.stm32cubeide/favorites.mcus.txt: 0 item(s)
2024-11-21 15:38:57,923 [INFO] ApiDb:452 - User favorites MCUs=[]
2024-11-21 15:39:19,971 [INFO] MainUpdater:2873 - connection check result : 10
2024-11-21 15:39:20,188 [INFO] McuFinderGlobals:76 - Set McuFinderConnectedMode to true
2024-11-21 15:39:20,188 [INFO] MultiScanPanel:200 - Auto-refresh data requested => check proxy status ongoing
2024-11-21 15:39:20,189 [INFO] FinderPluginLoader:95 - Searching for filters in installed packs
2024-11-21 15:39:21,146 [INFO] LoadUrlFilesThread:185 - End of LoadServerUrlFiles without Thread
2024-11-21 15:39:21,146 [INFO] DetailPanel:341 - Set advertising image to C:/Users/Bruno/STM32Cube/Repository/\en.prom-stm32c071-usb-memories-mcu-finder.png
2024-11-21 15:40:51,669 [ERROR] IocParser:57 - IOException caught: D:\MIOS32\trunk\HAL library\HAL library.ioc (Le fichier spécifié est introuvable)
2024-11-21 15:40:51,670 [ERROR] PeripheralListParser:95 - Something went wrong with ioc file reading: D:\MIOS32\trunk\HAL library\HAL library.ioc (Le fichier spécifié est introuvable)
2024-11-21 15:40:51,671 [ERROR] RegexParser:59 - Issue caught when parsing regex: D:\MIOS32\trunk\HAL library\HAL library.ioc (Le fichier spécifié est introuvable)
2024-11-21 15:40:51,806 [INFO] MicroXplorer:468 - Change Database Path : 
2024-11-21 15:40:51,806 [INFO] MicroXplorer:498 - Change Database Version : DB.6.0.121
2024-11-21 15:40:51,813 [ERROR] ProjectManagerView:394 - 
java.lang.NullPointerException: Cannot invoke "javax.swing.JTextField.getText()" because the return value of "java.util.List.get(int)" is null
	at com.st.microxplorer.plugins.projectmanager.gui.ProjectChoiceTab$10.caretUpdate(ProjectChoiceTab.java:2622) ~[filemanager.jar:?]
	at javax.swing.text.JTextComponent.fireCaretUpdate(JTextComponent.java:412) ~[?:?]
	at javax.swing.text.JTextComponent$MutableCaretEvent.fire(JTextComponent.java:4491) ~[?:?]
	at javax.swing.text.JTextComponent$MutableCaretEvent.stateChanged(JTextComponent.java:4513) ~[?:?]
	at javax.swing.text.DefaultCaret.fireStateChanged(DefaultCaret.java:842) ~[?:?]
	at javax.swing.text.DefaultCaret.changeCaretPosition(DefaultCaret.java:1313) ~[?:?]
	at javax.swing.text.DefaultCaret.handleSetDot(DefaultCaret.java:1212) ~[?:?]
	at javax.swing.text.DefaultCaret.setDot(DefaultCaret.java:1193) ~[?:?]
	at javax.swing.text.DefaultCaret$Handler.insertUpdate(DefaultCaret.java:1789) ~[?:?]
	at javax.swing.text.AbstractDocument.fireInsertUpdate(AbstractDocument.java:226) ~[?:?]
	at javax.swing.text.AbstractDocument.handleInsertString(AbstractDocument.java:780) ~[?:?]
	at javax.swing.text.AbstractDocument.insertString(AbstractDocument.java:739) ~[?:?]
	at javax.swing.text.PlainDocument.insertString(PlainDocument.java:131) ~[?:?]
	at javax.swing.text.AbstractDocument.replace(AbstractDocument.java:698) ~[?:?]
	at javax.swing.text.JTextComponent.setText(JTextComponent.java:1729) ~[?:?]
	at com.st.microxplorer.plugins.projectmanager.gui.ProjectChoiceTab.createHeapStackFields(ProjectChoiceTab.java:972) ~[filemanager.jar:?]
	at com.st.microxplorer.plugins.projectmanager.gui.ProjectChoiceTab.buildLinkSettingsPanel(ProjectChoiceTab.java:3597) ~[filemanager.jar:?]
	at com.st.microxplorer.plugins.projectmanager.gui.ProjectChoiceTab.defineWindowsFields(ProjectChoiceTab.java:1940) ~[filemanager.jar:?]
	at com.st.microxplorer.plugins.projectmanager.gui.ProjectChoiceTab.updateSettings(ProjectChoiceTab.java:550) ~[filemanager.jar:?]
	at com.st.microxplorer.plugins.projectmanager.gui.ProjectSettingsPanel.UpdateDialog(ProjectSettingsPanel.java:245) ~[filemanager.jar:?]
	at com.st.microxplorer.plugins.projectmanager.ProjectManagerView.propertyChange(ProjectManagerView.java:391) ~[filemanager.jar:?]
	at java.beans.PropertyChangeSupport.fire(PropertyChangeSupport.java:343) ~[?:?]
	at java.beans.PropertyChangeSupport.firePropertyChange(PropertyChangeSupport.java:335) ~[?:?]
	at java.beans.PropertyChangeSupport.firePropertyChange(PropertyChangeSupport.java:268) ~[?:?]
	at com.st.microxplorer.util.MXPropertyChangeSupport.firePropertyChange(MXPropertyChangeSupport.java:54) ~[STM32CubeMX.jar:?]
	at com.st.microxplorer.mxsystem.MxSystem.closeConfig(MxSystem.java:900) ~[STM32CubeMX.jar:?]
	at com.st.microxplorer.maingui.MainPanel.closeConfig(MainPanel.java:781) ~[STM32CubeMX.jar:?]
	at com.st.microxplorer.plugins.filemanager.engine.OpenFileManager.loadConfigurationFile(OpenFileManager.java:265) ~[filemanager.jar:?]
	at com.st.microxplorer.plugins.filemanager.engine.MainFileManager.userLoadConfig(MainFileManager.java:352) ~[filemanager.jar:?]
	at com.st.microxplorer.plugins.filemanager.engine.MainFileManager.userLoadConfig(MainFileManager.java:330) ~[filemanager.jar:?]
	at com.st.microxplorer.plugins.filemanager.FileManagerView.getSpecificTask(FileManagerView.java:246) ~[filemanager.jar:?]
	at com.st.stm32cube.common.mx.editor.CubeMxEditor.setupHeadlessMX(CubeMxEditor.java:2651) ~[com.st.stm32cube.common.mx_6.12.1.202409122256/:?]
	at com.st.stm32cube.common.mx.editor.CubeMxEditor$22.run(CubeMxEditor.java:2253) ~[com.st.stm32cube.common.mx_6.12.1.202409122256/:?]
	at com.st.stm32cube.common.mx.oss.core.awtswtbridge.AwtEnvironment$2.run(AwtEnvironment.java:166) ~[com.st.stm32cube.common.mx.oss_6.12.1.202409122256/:?]
	at java.awt.event.InvocationEvent.dispatch(InvocationEvent.java:318) ~[?:?]
	at java.awt.EventQueue.dispatchEventImpl(EventQueue.java:773) ~[?:?]
	at java.awt.EventQueue$4.run(EventQueue.java:720) ~[?:?]
	at java.awt.EventQueue$4.run(EventQueue.java:714) ~[?:?]
	at java.security.AccessController.doPrivileged(AccessController.java:399) ~[?:?]
	at java.security.ProtectionDomain$JavaSecurityAccessImpl.doIntersectionPrivilege(ProtectionDomain.java:86) ~[?:?]
	at java.awt.EventQueue.dispatchEvent(EventQueue.java:742) ~[?:?]
	at java.awt.EventDispatchThread.pumpOneEventForFilters(EventDispatchThread.java:203) ~[?:?]
	at java.awt.EventDispatchThread.pumpEventsForFilter(EventDispatchThread.java:124) ~[?:?]
	at java.awt.EventDispatchThread.pumpEventsForHierarchy(EventDispatchThread.java:113) ~[?:?]
	at java.awt.EventDispatchThread.pumpEvents(EventDispatchThread.java:109) ~[?:?]
	at java.awt.EventDispatchThread.pumpEvents(EventDispatchThread.java:101) ~[?:?]
	at java.awt.EventDispatchThread.run(EventDispatchThread.java:90) ~[?:?]
2024-11-21 15:40:51,819 [WARN] ThirdParty:871 - waiting for thirdparty lock release [close project]
2024-11-21 15:40:51,819 [INFO] ThirdParty:873 - entering critical section [close project]
2024-11-21 15:40:51,819 [INFO] ThirdParty:883 - exiting critical section [close project]
2024-11-21 15:40:51,820 [INFO] PinOutPanel:1561 - setPackage(No Configuration,No Configuration)
2024-11-21 15:40:51,832 [WARN] IpParametersView:151 - Warning: This peripheral hasn't parameters
2024-11-21 15:40:51,846 [WARN] MainPanel:284 - <html><b><center>Warning: This peripheral has no parameters to be configured<br></b></html>
2024-11-21 15:40:51,856 [INFO] UtilMem:75 - Begin LoadConfig() Used Memory: 322948504 Bytes (838860800)
2024-11-21 15:40:51,856 [INFO] MicroXplorer:468 - Change Database Path : 
2024-11-21 15:40:51,856 [INFO] MicroXplorer:498 - Change Database Version : DB.6.0.121
2024-11-21 15:40:51,856 [INFO] OpenFileManager:332 - Change cursor
2024-11-21 15:40:51,898 [INFO] RulesReader:64 - Compatibility file has been processed (297 Rules)
2024-11-21 15:40:51,903 [INFO] Mcu:2032 - Initializing MCU STM32F405RGTx STM32F405RGTx STM32F405RGT6
2024-11-21 15:40:53,095 [INFO] Context:742 - Trying to add GPIOservice into a context  which must be forbidden
2024-11-21 15:40:53,379 [INFO] ImportTextPane:205 - (OptionalMessage_ERROR) Unable to find key (Mcu.ThirdPartyNb) in loaded IOC file
2024-11-21 15:40:53,379 [INFO] ImportTextPane:205 - (OptionalMessage_ERROR) Unable to find key (Mcu.PinsNb) in loaded IOC file
2024-11-21 15:40:53,380 [INFO] ImportTextPane:205 - (OptionalMessage_ERROR) Unable to find key (Mcu.IPNb) in loaded IOC file
2024-11-21 15:40:53,530 [INFO] RtosManager:555 - Registered RTOS mode: class=CMSIS, group=RTOS, mode=CMSIS_V1, owner=FREERTOS
2024-11-21 15:40:53,530 [INFO] RtosManager:555 - Registered RTOS mode: class=CMSIS, group=RTOS2, mode=CMSIS_V2, owner=FREERTOS
2024-11-21 15:40:53,530 [INFO] RtosManager:555 - Registered RTOS mode: class=RTOS, group=Core, mode=CMSIS_V1, owner=FREERTOS
2024-11-21 15:40:53,530 [INFO] RtosManager:555 - Registered RTOS mode: class=RTOS, group=Core, mode=CMSIS_V2, owner=FREERTOS
2024-11-21 15:40:53,530 [WARN] ModelIntegratedComponent:184 - Missing modes for component STMicroelectronics:FreeRTOS:0.0.1:STMicroelectronics:RTOS:FreeRTOS:Core:::10.2.0:
2024-11-21 15:40:53,534 [WARN] ModelIntegratedComponent:63 - No mode defined for component null
2024-11-21 15:40:53,534 [WARN] ModelIntegratedComponent:63 - No mode defined for component null
2024-11-21 15:40:53,534 [WARN] ModelIntegratedComponent:63 - No mode defined for component null
2024-11-21 15:40:53,534 [WARN] ModelIntegratedComponent:63 - No mode defined for component null
2024-11-21 15:40:53,534 [WARN] ModelIntegratedComponent:63 - No mode defined for component null
2024-11-21 15:40:53,534 [WARN] ModelIntegratedComponent:63 - No mode defined for component null
2024-11-21 15:40:53,534 [WARN] ModelIntegratedComponent:63 - No mode defined for component null
2024-11-21 15:40:53,534 [WARN] ModelIntegratedComponent:63 - No mode defined for component null
2024-11-21 15:40:53,534 [WARN] ModelIntegratedComponent:63 - No mode defined for component null
2024-11-21 15:40:53,534 [WARN] ModelIntegratedComponent:63 - No mode defined for component null
2024-11-21 15:40:53,534 [WARN] ModelIntegratedComponent:63 - No mode defined for component null
2024-11-21 15:40:53,534 [WARN] ModelIntegratedComponent:63 - No mode defined for component null
2024-11-21 15:40:53,535 [WARN] ModelIntegratedComponent:63 - No mode defined for component null
2024-11-21 15:40:53,535 [WARN] ModelIntegratedComponent:63 - No mode defined for component null
2024-11-21 15:40:53,535 [WARN] ModelIntegratedComponent:63 - No mode defined for component null
2024-11-21 15:40:53,535 [WARN] ModelIntegratedComponent:63 - No mode defined for component null
2024-11-21 15:40:53,535 [WARN] ModelIntegratedComponent:63 - No mode defined for component null
2024-11-21 15:40:53,535 [WARN] ModelIntegratedComponent:63 - No mode defined for component null
2024-11-21 15:40:53,535 [WARN] ModelIntegratedComponent:63 - No mode defined for component null
2024-11-21 15:40:53,535 [WARN] ModelIntegratedComponent:63 - No mode defined for component null
2024-11-21 15:40:53,535 [WARN] ModelIntegratedComponent:63 - No mode defined for component null
2024-11-21 15:40:53,535 [WARN] ModelIntegratedComponent:63 - No mode defined for component null
2024-11-21 15:40:53,535 [WARN] ModelIntegratedComponent:63 - No mode defined for component null
2024-11-21 15:40:53,535 [WARN] ModelIntegratedComponent:63 - No mode defined for component null
2024-11-21 15:40:53,535 [WARN] ModelIntegratedComponent:63 - No mode defined for component null
2024-11-21 15:40:53,535 [WARN] ModelIntegratedComponent:63 - No mode defined for component null
2024-11-21 15:40:53,535 [WARN] ModelIntegratedComponent:63 - No mode defined for component null
2024-11-21 15:40:53,535 [WARN] ModelIntegratedComponent:63 - No mode defined for component null
2024-11-21 15:40:53,535 [WARN] ModelIntegratedComponent:63 - No mode defined for component null
2024-11-21 15:40:53,535 [WARN] ModelIntegratedComponent:63 - No mode defined for component null
2024-11-21 15:40:53,535 [WARN] ModelIntegratedComponent:63 - No mode defined for component null
2024-11-21 15:40:53,535 [WARN] ModelIntegratedComponent:63 - No mode defined for component null
2024-11-21 15:40:53,535 [WARN] ModelIntegratedComponent:63 - No mode defined for component null
2024-11-21 15:40:53,535 [WARN] ModelIntegratedComponent:63 - No mode defined for component null
2024-11-21 15:40:53,535 [WARN] ModelIntegratedComponent:63 - No mode defined for component null
2024-11-21 15:40:53,535 [WARN] ModelPack:524 - Component already loaded: STMicroelectronics:HAL Drivers:0.0.0:STMicroelectronics:Device:STMicro_Driver:XSPI:HAL::0.0.1:HAL_XSPI
2024-11-21 15:40:53,567 [INFO] ThirdPartyModel:298 - Start build external matchings
2024-11-21 15:40:54,789 [INFO] ThirdPartyModel:316 - End build external matchings
2024-11-21 15:40:55,102 [INFO] UtilMem:75 - End LoadConfig() Used Memory: 379914008 Bytes (838860800)
2024-11-21 15:40:55,133 [WARN] ThirdParty:833 - waiting for thirdparty lock release [change project]
2024-11-21 15:40:55,133 [INFO] ThirdParty:835 - entering critical section [change project]
2024-11-21 15:40:55,133 [INFO] ThirdParty:1030 - CMSIS Pack Vendor :STMicroelectronics USBPD 4.1
2024-11-21 15:40:55,133 [INFO] ThirdParty:1030 - CMSIS Pack Vendor :STMicroelectronics X-CUBE-GNSS1 6.0.0
2024-11-21 15:40:55,133 [INFO] ThirdParty:1030 - CMSIS Pack Vendor :STMicroelectronics USB_HOST 2.0.0
2024-11-21 15:40:55,133 [INFO] ThirdParty:1030 - CMSIS Pack Vendor :STMicroelectronics FP-SNS-MOTENVWB1 1.4.0
2024-11-21 15:40:55,133 [INFO] ThirdParty:1030 - CMSIS Pack Vendor :STMicroelectronics X-CUBE-AZRTOS-F4 1.1.0
2024-11-21 15:40:55,133 [INFO] ThirdParty:1030 - CMSIS Pack Vendor :STMicroelectronics LIBJPEG 8.0.0
2024-11-21 15:40:55,133 [INFO] ThirdParty:1030 - CMSIS Pack Vendor :STMicroelectronics FP-ATR-ASTRA1 2.0.1
2024-11-21 15:40:55,133 [INFO] ThirdParty:1030 - CMSIS Pack Vendor :STMicroelectronics X-CUBE-SMBUS 2.1.0
2024-11-21 15:40:55,133 [INFO] ThirdParty:1030 - CMSIS Pack Vendor :STMicroelectronics X-CUBE-WB05N 1.1.0
2024-11-21 15:40:55,133 [INFO] ThirdParty:1030 - CMSIS Pack Vendor :STMicroelectronics X-CUBE-ISPU 2.1.0
2024-11-21 15:40:55,133 [INFO] ThirdParty:1030 - CMSIS Pack Vendor :STMicroelectronics X-CUBE-FREERTOS 1.2.0
2024-11-21 15:40:55,133 [INFO] ThirdParty:1030 - CMSIS Pack Vendor :STMicroelectronics X-CUBE-MEMS1 9.2.0
2024-11-21 15:40:55,133 [INFO] ThirdParty:1030 - CMSIS Pack Vendor :STMicroelectronics X-CUBE-AZRTOS-F7 1.1.0
2024-11-21 15:40:55,133 [INFO] ThirdParty:1030 - CMSIS Pack Vendor :STMicroelectronics X-CUBE-AZRTOS-L5 2.0.0
2024-11-21 15:40:55,133 [INFO] ThirdParty:1030 - CMSIS Pack Vendor :STMicroelectronics USB_DEVICE 2.0.0
2024-11-21 15:40:55,133 [INFO] ThirdParty:1030 - CMSIS Pack Vendor :STMicroelectronics X-CUBE-NFC6 3.1.0
2024-11-21 15:40:55,133 [INFO] ThirdParty:1030 - CMSIS Pack Vendor :STMicroelectronics X-CUBE-BLE1 6.2.3
2024-11-21 15:40:55,133 [INFO] ThirdParty:1030 - CMSIS Pack Vendor :STMicroelectronics X-CUBE-MEMS1 11.0.0
2024-11-21 15:40:55,133 [INFO] ThirdParty:1030 - CMSIS Pack Vendor :STMicroelectronics FreeRTOS 0.0.1
2024-11-21 15:40:55,133 [INFO] ThirdParty:1030 - CMSIS Pack Vendor :STMicroelectronics X-CUBE-DPower 1.2.0
2024-11-21 15:40:55,133 [INFO] ThirdParty:1030 - CMSIS Pack Vendor :STMicroelectronics FP-SNS-FLIGHT1 5.0.2
2024-11-21 15:40:55,133 [INFO] ThirdParty:1030 - CMSIS Pack Vendor :STMicroelectronics X-CUBE-NFC4 2.0.4
2024-11-21 15:40:55,134 [INFO] ThirdParty:1030 - CMSIS Pack Vendor :STMicroelectronics PDM2PCM 3.3.0
2024-11-21 15:40:55,134 [INFO] ThirdParty:1030 - CMSIS Pack Vendor :STMicroelectronics X-CUBE-TOF1 3.1.0
2024-11-21 15:40:55,134 [INFO] ThirdParty:1030 - CMSIS Pack Vendor :STMicroelectronics X-CUBE-DISPLAY 3.0.0
2024-11-21 15:40:55,134 [INFO] ThirdParty:1030 - CMSIS Pack Vendor :STMicroelectronics X-CUBE-AZRTOS-F4 1.0.0
2024-11-21 15:40:55,134 [INFO] ThirdParty:1030 - CMSIS Pack Vendor :STMicroelectronics X-CUBE-BLE1 7.0.0
2024-11-21 15:40:55,134 [INFO] ThirdParty:1030 - CMSIS Pack Vendor :STMicroelectronics X-CUBE-NFC10 1.0.0
2024-11-21 15:40:55,134 [INFO] ThirdParty:1030 - CMSIS Pack Vendor :STMicroelectronics HAL Drivers 0.0.0
2024-11-21 15:40:55,134 [INFO] ThirdParty:1030 - CMSIS Pack Vendor :STMicroelectronics X-CUBE-NFC7 1.0.1
2024-11-21 15:40:55,134 [INFO] ThirdParty:1030 - CMSIS Pack Vendor :STMicroelectronics MBEDTLS 2.14.1
2024-11-21 15:40:55,134 [INFO] ThirdParty:1030 - CMSIS Pack Vendor :STMicroelectronics X-CUBE-NFC7 1.0.0
2024-11-21 15:40:55,134 [INFO] ThirdParty:1030 - CMSIS Pack Vendor :STMicroelectronics X-CUBE-AI 7.2.0
2024-11-21 15:40:55,134 [INFO] ThirdParty:1030 - CMSIS Pack Vendor :STMicroelectronics X-CUBE-BLEMGR 3.1.0
2024-11-21 15:40:55,134 [INFO] ThirdParty:1030 - CMSIS Pack Vendor :STMicroelectronics FP-SNS-SMARTAG2 1.2.0
2024-11-21 15:40:55,134 [INFO] ThirdParty:1030 - CMSIS Pack Vendor :STMicroelectronics X-CUBE-AZRTOS-WL 2.0.0
2024-11-21 15:40:55,134 [INFO] ThirdParty:1030 - CMSIS Pack Vendor :STMicroelectronics FP-SNS-MOTENV1 5.0.0
2024-11-21 15:40:55,134 [INFO] ThirdParty:1030 - CMSIS Pack Vendor :STMicroelectronics USB_DEVICE 1.0.0
2024-11-21 15:40:55,134 [INFO] ThirdParty:1030 - CMSIS Pack Vendor :wolfSSL I-CUBE-wolfMQTT 1.19.0
2024-11-21 15:40:55,134 [INFO] ThirdParty:1030 - CMSIS Pack Vendor :STMicroelectronics X-CUBE-AZRTOS-L4 2.0.0
2024-11-21 15:40:55,134 [INFO] ThirdParty:1030 - CMSIS Pack Vendor :STMicroelectronics ThreadX 0.0.2
2024-11-21 15:40:55,134 [INFO] ThirdParty:1030 - CMSIS Pack Vendor :WES I-CUBE-Cesium 1.3.0
2024-11-21 15:40:55,134 [INFO] ThirdParty:1030 - CMSIS Pack Vendor :STMicroelectronics lwIP 2.1.2
2024-11-21 15:40:55,134 [INFO] ThirdParty:1030 - CMSIS Pack Vendor :STMicroelectronics X-CUBE-SFXS2LP1 4.0.0
2024-11-21 15:40:55,134 [INFO] ThirdParty:1030 - CMSIS Pack Vendor :STMicroelectronics X-CUBE-BLE2 3.3.0
2024-11-21 15:40:55,134 [INFO] ThirdParty:1030 - CMSIS Pack Vendor :STMicroelectronics X-CUBE-DISPLAY 2.2.0
2024-11-21 15:40:55,134 [INFO] ThirdParty:1030 - CMSIS Pack Vendor :STMicroelectronics PDM2PCM 3.2.0
2024-11-21 15:40:55,134 [INFO] ThirdParty:1030 - CMSIS Pack Vendor :STMicroelectronics X-CUBE-AZRTOS-H7 3.3.0
2024-11-21 15:40:55,134 [INFO] ThirdParty:1030 - CMSIS Pack Vendor :RoweBots I-CUBE-UNISONRTOS 5.5.0-4
2024-11-21 15:40:55,134 [INFO] ThirdParty:1030 - CMSIS Pack Vendor :STMicroelectronics X-CUBE-NFC9 1.0.0
2024-11-21 15:40:55,134 [INFO] ThirdParty:1030 - CMSIS Pack Vendor :STMicroelectronics X-CUBE-AZRTOS-H7 2.1.0
2024-11-21 15:40:55,134 [INFO] ThirdParty:1030 - CMSIS Pack Vendor :wolfSSL I-CUBE-wolfSSL 5.4.0
2024-11-21 15:40:55,134 [INFO] ThirdParty:1030 - CMSIS Pack Vendor :STMicroelectronics USB_DEVICE 3.0.0
2024-11-21 15:40:55,141 [INFO] ThirdParty:1030 - CMSIS Pack Vendor :STMicroelectronics X-CUBE-TCPP 4.1.0
2024-11-21 15:40:55,142 [INFO] ThirdParty:1030 - CMSIS Pack Vendor :STMicroelectronics X-CUBE-IPS 3.0.0
2024-11-21 15:40:55,142 [INFO] ThirdParty:1030 - CMSIS Pack Vendor :STMicroelectronics X-CUBE-AZRTOS-WB 2.0.0
2024-11-21 15:40:55,142 [INFO] ThirdParty:1030 - CMSIS Pack Vendor :STMicroelectronics X-CUBE-GNSS1 7.0.0
2024-11-21 15:40:55,143 [INFO] ThirdParty:1030 - CMSIS Pack Vendor :STMicroelectronics X-CUBE-BLEMGR 1.0.0
2024-11-21 15:40:55,143 [INFO] ThirdParty:1030 - CMSIS Pack Vendor :STMicroelectronics FP-SNS-STBOX1 2.0.0
2024-11-21 15:40:55,143 [INFO] ThirdParty:1030 - CMSIS Pack Vendor :STMicroelectronics X-CUBE-ALGOBUILD 1.3.0
2024-11-21 15:40:55,143 [INFO] ThirdParty:1030 - CMSIS Pack Vendor :STMicroelectronics X-CUBE-AZRTOS-G0 1.1.0
2024-11-21 15:40:55,143 [INFO] ThirdParty:1030 - CMSIS Pack Vendor :STMicroelectronics X-CUBE-SAFEA1 1.2.2
2024-11-21 15:40:55,143 [INFO] ThirdParty:1030 - CMSIS Pack Vendor :STMicroelectronics X-CUBE-NFC4 3.0.0
2024-11-21 15:40:55,143 [INFO] ThirdParty:1030 - CMSIS Pack Vendor :SEGGER I-CUBE-embOS 1.2.0
2024-11-21 15:40:55,143 [INFO] ThirdParty:1030 - CMSIS Pack Vendor :STMicroelectronics X-CUBE-SUBG2 5.0.0
2024-11-21 15:40:55,143 [INFO] ThirdParty:1030 - CMSIS Pack Vendor :STMicroelectronics STM32_WPAN 1.0.0
2024-11-21 15:40:55,143 [INFO] ThirdParty:1030 - CMSIS Pack Vendor :EmbeddedOffice I-CUBE-FS-RTOS 1.0.1
2024-11-21 15:40:55,143 [INFO] ThirdParty:1030 - CMSIS Pack Vendor :STMicroelectronics lwIP 2.0.3
2024-11-21 15:40:55,143 [INFO] ThirdParty:1030 - CMSIS Pack Vendor :Cesanta I-CUBE-Mongoose 7.13.0
2024-11-21 15:40:55,143 [INFO] ThirdParty:1030 - CMSIS Pack Vendor :STMicroelectronics USB_HOST 1.0.0
2024-11-21 15:40:55,143 [INFO] ThirdParty:1030 - CMSIS Pack Vendor :STMicroelectronics X-CUBE-AZRTOS-G4 2.0.0
2024-11-21 15:40:55,143 [INFO] ThirdParty:1030 - CMSIS Pack Vendor :STMicroelectronics PDM2PCM 3.1.0
2024-11-21 15:40:55,143 [INFO] ThirdParty:1030 - CMSIS Pack Vendor :STMicroelectronics FP-ATR-ASTRA1 1.1.0
2024-11-21 15:40:55,146 [INFO] ThirdParty:1030 - CMSIS Pack Vendor :RealThread X-CUBE-RT-Thread_Nano 4.1.1
2024-11-21 15:40:55,146 [INFO] ThirdParty:1030 - CMSIS Pack Vendor :STMicroelectronics FP-ATR-SIGFOX1 3.2.0
2024-11-21 15:40:55,146 [INFO] ThirdParty:1030 - CMSIS Pack Vendor :STMicroelectronics X-CUBE-AZRTOS-G4 1.0.0
2024-11-21 15:40:55,146 [INFO] ThirdParty:1030 - CMSIS Pack Vendor :STMicroelectronics X-CUBE-AZRTOS-L4 1.0.0
2024-11-21 15:40:55,147 [INFO] ThirdParty:1030 - CMSIS Pack Vendor :quantropi X-CUBE-qispace-sdk-base 1.9.3
2024-11-21 15:40:55,147 [INFO] ThirdParty:1030 - CMSIS Pack Vendor :STMicroelectronics X-CUBE-EEPRMA1 5.1.0
2024-11-21 15:40:55,147 [INFO] ThirdParty:1030 - CMSIS Pack Vendor :STMicroelectronics MBEDTLS 2.16.2
2024-11-21 15:40:55,147 [INFO] ThirdParty:1030 - CMSIS Pack Vendor :STMicroelectronics X-CUBE-ALS 1.0.2
2024-11-21 15:40:55,147 [INFO] ThirdParty:1030 - CMSIS Pack Vendor :emotas I-CUBE-CANOPEN 1.1.2
2024-11-21 15:40:55,147 [INFO] ThirdParty:1030 - CMSIS Pack Vendor :STMicroelectronics X-CUBE-TOUCHGFX 4.20.0
2024-11-21 15:40:55,147 [INFO] ThirdParty:1030 - CMSIS Pack Vendor :ITTIA_DB I-CUBE-ITTIADB 8.9.0
2024-11-21 15:40:55,147 [INFO] ThirdParty:1030 - CMSIS Pack Vendor :STMicroelectronics X-CUBE-AZRTOS-WL 1.0.0
2024-11-21 15:40:55,147 [INFO] ThirdParty:1030 - CMSIS Pack Vendor :STMicroelectronics X-CUBE-TOUCHGFX 4.24.1
2024-11-21 15:40:55,147 [INFO] ThirdParty:1030 - CMSIS Pack Vendor :wolfSSL I-CUBE-wolfTPM 3.4.0
2024-11-21 15:40:55,147 [INFO] ThirdParty:1030 - CMSIS Pack Vendor :portGmbH I-Cube-SoM-uGOAL 1.1.0
2024-11-21 15:40:55,147 [INFO] ThirdParty:1030 - CMSIS Pack Vendor :STMicroelectronics X-CUBE-ALS 1.0.1
2024-11-21 15:40:55,147 [INFO] ThirdParty:1030 - CMSIS Pack Vendor :STMicroelectronics ThreadX 1.0.0
2024-11-21 15:40:55,147 [INFO] ThirdParty:1030 - CMSIS Pack Vendor :SEGGER I-CUBE-embOS 1.3.1
2024-11-21 15:40:55,147 [INFO] ThirdParty:1030 - CMSIS Pack Vendor :STMicroelectronics X-CUBE-ALGOBUILD 1.4.0
2024-11-21 15:40:55,147 [INFO] ThirdParty:1030 - CMSIS Pack Vendor :STMicroelectronics X-CUBE-AZRTOS-L5 1.0.0
2024-11-21 15:40:55,148 [INFO] ThirdParty:1030 - CMSIS Pack Vendor :STMicroelectronics X-CUBE-EEPRMA1 3.1.1
2024-11-21 15:40:55,151 [INFO] ThirdParty:1030 - CMSIS Pack Vendor :STMicroelectronics X-CUBE-AZRTOS-H7RS 1.0.0
2024-11-21 15:40:55,151 [INFO] ThirdParty:1030 - CMSIS Pack Vendor :STMicroelectronics FP-ATR-ASTRA1 2.0.0
2024-11-21 15:40:55,151 [INFO] ThirdParty:1030 - CMSIS Pack Vendor :STMicroelectronics X-CUBE-TOF1 3.4.2
2024-11-21 15:40:55,151 [INFO] ThirdParty:1030 - CMSIS Pack Vendor :STMicroelectronics X-CUBE-AI 9.1.0
2024-11-21 15:40:55,151 [INFO] ThirdParty:1030 - CMSIS Pack Vendor :Infineon AIROC-Wi-Fi-Bluetooth-STM32 1.6.1
2024-11-21 15:40:55,151 [INFO] ThirdParty:1030 - CMSIS Pack Vendor :wolfSSL I-CUBE-wolfSSH 1.4.17
2024-11-21 15:40:55,151 [INFO] ThirdParty:841 - exiting critical section [change project]
2024-11-21 15:40:55,381 [INFO] PinOutPanel:1561 - setPackage(No Configuration,No Configuration)
2024-11-21 15:40:55,381 [INFO] PinOutPanel:1561 - setPackage(STM32F405RGTx,LQFP64)
2024-11-21 15:40:55,586 [INFO] UtilMem:75 - Before build in PCC Used Memory: 593801904 Bytes (838860800)
2024-11-21 15:40:55,829 [INFO] UtilMem:75 - After build in PCC Used Memory: 648327856 Bytes (838860800)
2024-11-21 15:40:55,849 [INFO] IPUIPlugin:80 - create IPUIPlugin
2024-11-21 15:40:55,849 [INFO] IPUIPlugin:80 - create IPUIPlugin
2024-11-21 15:40:55,850 [INFO] IPUIPlugin:80 - create IPUIPlugin
2024-11-21 15:40:55,850 [INFO] IPUIPlugin:80 - create IPUIPlugin
2024-11-21 15:40:55,850 [INFO] IPUIPlugin:80 - create IPUIPlugin
2024-11-21 15:40:55,850 [INFO] IPUIPlugin:80 - create IPUIPlugin
2024-11-21 15:40:55,851 [INFO] IPUIPlugin:80 - create IPUIPlugin
2024-11-21 15:40:55,851 [INFO] IPUIPlugin:80 - create IPUIPlugin
2024-11-21 15:40:55,851 [INFO] IPUIPlugin:80 - create IPUIPlugin
2024-11-21 15:40:55,851 [INFO] IPUIPlugin:80 - create IPUIPlugin
2024-11-21 15:40:55,851 [INFO] IPUIPlugin:80 - create IPUIPlugin
2024-11-21 15:40:55,851 [INFO] IPUIPlugin:80 - create IPUIPlugin
2024-11-21 15:40:55,851 [INFO] IPUIPlugin:80 - create IPUIPlugin
2024-11-21 15:40:55,851 [INFO] IPUIPlugin:80 - create IPUIPlugin
2024-11-21 15:40:55,851 [INFO] IPUIPlugin:80 - create IPUIPlugin
2024-11-21 15:40:55,852 [INFO] IPUIPlugin:80 - create IPUIPlugin
2024-11-21 15:40:55,852 [INFO] IPUIPlugin:80 - create IPUIPlugin
2024-11-21 15:40:55,852 [INFO] IPUIPlugin:80 - create IPUIPlugin
2024-11-21 15:40:55,852 [INFO] IPUIPlugin:80 - create IPUIPlugin
2024-11-21 15:40:55,852 [INFO] IPUIPlugin:80 - create IPUIPlugin
2024-11-21 15:40:55,853 [INFO] IPUIPlugin:80 - create IPUIPlugin
2024-11-21 15:40:55,853 [INFO] IPUIPlugin:80 - create IPUIPlugin
2024-11-21 15:40:55,853 [INFO] IPUIPlugin:80 - create IPUIPlugin
2024-11-21 15:40:55,853 [INFO] IPUIPlugin:80 - create IPUIPlugin
2024-11-21 15:40:55,853 [INFO] IPUIPlugin:80 - create IPUIPlugin
2024-11-21 15:40:55,853 [INFO] IPUIPlugin:80 - create IPUIPlugin
2024-11-21 15:40:55,854 [INFO] IPUIPlugin:80 - create IPUIPlugin
2024-11-21 15:40:55,854 [INFO] IPUIPlugin:80 - create IPUIPlugin
2024-11-21 15:40:55,854 [INFO] IPUIPlugin:80 - create IPUIPlugin
2024-11-21 15:40:55,854 [INFO] IPUIPlugin:80 - create IPUIPlugin
2024-11-21 15:40:55,855 [INFO] IPUIPlugin:80 - create IPUIPlugin
2024-11-21 15:40:55,855 [INFO] IPUIPlugin:80 - create IPUIPlugin
2024-11-21 15:40:55,855 [INFO] IPUIPlugin:80 - create IPUIPlugin
2024-11-21 15:40:55,855 [INFO] IPUIPlugin:80 - create IPUIPlugin
2024-11-21 15:40:55,855 [INFO] IPUIPlugin:80 - create IPUIPlugin
2024-11-21 15:40:55,856 [INFO] IPUIPlugin:80 - create IPUIPlugin
2024-11-21 15:40:55,857 [INFO] IPUIPlugin:80 - create IPUIPlugin
2024-11-21 15:40:55,857 [INFO] IPUIPlugin:80 - create IPUIPlugin
2024-11-21 15:40:55,857 [INFO] IPUIPlugin:80 - create IPUIPlugin
2024-11-21 15:40:55,857 [INFO] IPUIPlugin:80 - create IPUIPlugin
2024-11-21 15:40:55,858 [INFO] IPUIPlugin:80 - create IPUIPlugin
2024-11-21 15:40:55,858 [INFO] IPUIPlugin:80 - create IPUIPlugin
2024-11-21 15:40:55,858 [INFO] IPUIPlugin:80 - create IPUIPlugin
2024-11-21 15:40:55,858 [INFO] IPUIPlugin:80 - create IPUIPlugin
2024-11-21 15:40:55,859 [INFO] IPUIPlugin:80 - create IPUIPlugin
2024-11-21 15:40:55,859 [INFO] IPUIPlugin:80 - create IPUIPlugin
2024-11-21 15:40:55,859 [INFO] IPUIPlugin:80 - create IPUIPlugin
2024-11-21 15:40:55,860 [INFO] IPUIPlugin:80 - create IPUIPlugin
2024-11-21 15:40:55,860 [INFO] IPUIPlugin:80 - create IPUIPlugin
2024-11-21 15:40:55,860 [INFO] IPUIPlugin:80 - create IPUIPlugin
2024-11-21 15:40:55,861 [INFO] IPUIPlugin:80 - create IPUIPlugin
2024-11-21 15:40:55,861 [INFO] IPUIPlugin:80 - create IPUIPlugin
2024-11-21 15:40:55,861 [INFO] IPUIPlugin:80 - create IPUIPlugin
2024-11-21 15:40:55,862 [INFO] IPUIPlugin:80 - create IPUIPlugin
2024-11-21 15:40:55,867 [INFO] ApiDbMcu:508 - Load IP Config File for PDM2PCM
2024-11-21 15:40:55,911 [INFO] CADModel:165 - CPN selected for project levelSTM32F405RGT6
2024-11-21 15:40:55,911 [INFO] CADModel:114 - Register for checkConnection events
2024-11-21 15:40:55,959 [INFO] OpenFileManager:363 - Restore cursor
2024-11-21 15:40:56,014 [INFO] UtilMem:75 - End SaveConfig() Used Memory: 715963056 Bytes (838860800)
2024-11-21 15:42:19,449 [INFO] McuFinderGlobals:76 - Set McuFinderConnectedMode to true
2024-11-21 15:42:19,450 [INFO] ApiDb:448 - Save user favorites file C:\Users\Bruno/.stm32cubeide/favorites.mcus.txt: 0 item(s)
2024-11-21 15:42:19,450 [INFO] ApiDb:452 - User favorites MCUs=[]
2024-11-21 15:44:57,243 [INFO] MainUpdater:2873 - connection check result : 10
2024-11-21 15:44:57,372 [INFO] McuFinderGlobals:76 - Set McuFinderConnectedMode to true
2024-11-21 15:44:57,373 [INFO] MultiScanPanel:200 - Auto-refresh data requested => check proxy status ongoing
2024-11-21 15:44:57,373 [INFO] FinderPluginLoader:95 - Searching for filters in installed packs
2024-11-21 15:44:58,019 [INFO] LoadUrlFilesThread:185 - End of LoadServerUrlFiles without Thread
2024-11-21 15:44:58,019 [INFO] DetailPanel:341 - Set advertising image to C:/Users/Bruno/STM32Cube/Repository/\en.prom-stm32c071-usb-memories-mcu-finder.png
2024-11-21 15:46:02,501 [INFO] MainUpdater:2873 - connection check result : 10
2024-11-21 15:46:02,502 [INFO] WebApp:448 - Apply proxy settings
2024-11-21 15:46:02,502 [INFO] WebApp:533 - Chromium requires no authentication
2024-11-21 15:46:02,502 [INFO] WebApp:476 - Direct internet connection detected
2024-11-21 15:46:02,503 [INFO] WebApp:448 - Apply proxy settings
2024-11-21 15:46:02,503 [INFO] WebApp:533 - Chromium requires no authentication
2024-11-21 15:46:02,506 [INFO] WebApp:476 - Direct internet connection detected
2024-11-21 15:46:02,506 [INFO] WebApp:370 - Starting web application
2024-11-21 15:46:02,506 [INFO] WebApp:578 - Web application path used C:\ST\STM32CubeIDE_1.16.1\STM32CubeIDE\plugins\com.st.stm32cube.common.mx_6.12.1.202409122256\db\plugins\mcufinder\reactClient1\index.html
2024-11-21 15:46:02,543 [INFO] UserAuth:417 - Internet connection configuration mode: 1
2024-11-21 15:46:29,977 [ERROR] IocParser:57 - IOException caught: D:\MIOS32\trunk\HAL_Library\HAL_Library.ioc (Le fichier spécifié est introuvable)
2024-11-21 15:46:29,977 [ERROR] PeripheralListParser:95 - Something went wrong with ioc file reading: D:\MIOS32\trunk\HAL_Library\HAL_Library.ioc (Le fichier spécifié est introuvable)
2024-11-21 15:46:29,977 [ERROR] RegexParser:59 - Issue caught when parsing regex: D:\MIOS32\trunk\HAL_Library\HAL_Library.ioc (Le fichier spécifié est introuvable)
2024-11-21 15:46:30,120 [INFO] MicroXplorer:468 - Change Database Path : 
2024-11-21 15:46:30,120 [INFO] MicroXplorer:498 - Change Database Version : DB.6.0.121
2024-11-21 15:46:30,126 [ERROR] ProjectManagerView:394 - 
java.lang.NullPointerException: Cannot invoke "javax.swing.JTextField.getText()" because the return value of "java.util.List.get(int)" is null
	at com.st.microxplorer.plugins.projectmanager.gui.ProjectChoiceTab$10.caretUpdate(ProjectChoiceTab.java:2622) ~[filemanager.jar:?]
	at javax.swing.text.JTextComponent.fireCaretUpdate(JTextComponent.java:412) ~[?:?]
	at javax.swing.text.JTextComponent$MutableCaretEvent.fire(JTextComponent.java:4491) ~[?:?]
	at javax.swing.text.JTextComponent$MutableCaretEvent.stateChanged(JTextComponent.java:4513) ~[?:?]
	at javax.swing.text.DefaultCaret.fireStateChanged(DefaultCaret.java:842) ~[?:?]
	at javax.swing.text.DefaultCaret.changeCaretPosition(DefaultCaret.java:1313) ~[?:?]
	at javax.swing.text.DefaultCaret.handleSetDot(DefaultCaret.java:1212) ~[?:?]
	at javax.swing.text.DefaultCaret.setDot(DefaultCaret.java:1193) ~[?:?]
	at javax.swing.text.DefaultCaret$Handler.insertUpdate(DefaultCaret.java:1789) ~[?:?]
	at javax.swing.text.AbstractDocument.fireInsertUpdate(AbstractDocument.java:226) ~[?:?]
	at javax.swing.text.AbstractDocument.handleInsertString(AbstractDocument.java:780) ~[?:?]
	at javax.swing.text.AbstractDocument.insertString(AbstractDocument.java:739) ~[?:?]
	at javax.swing.text.PlainDocument.insertString(PlainDocument.java:131) ~[?:?]
	at javax.swing.text.AbstractDocument.replace(AbstractDocument.java:698) ~[?:?]
	at javax.swing.text.JTextComponent.setText(JTextComponent.java:1729) ~[?:?]
	at com.st.microxplorer.plugins.projectmanager.gui.ProjectChoiceTab.createHeapStackFields(ProjectChoiceTab.java:972) ~[filemanager.jar:?]
	at com.st.microxplorer.plugins.projectmanager.gui.ProjectChoiceTab.buildLinkSettingsPanel(ProjectChoiceTab.java:3597) ~[filemanager.jar:?]
	at com.st.microxplorer.plugins.projectmanager.gui.ProjectChoiceTab.defineWindowsFields(ProjectChoiceTab.java:1940) ~[filemanager.jar:?]
	at com.st.microxplorer.plugins.projectmanager.gui.ProjectChoiceTab.updateSettings(ProjectChoiceTab.java:550) ~[filemanager.jar:?]
	at com.st.microxplorer.plugins.projectmanager.gui.ProjectSettingsPanel.UpdateDialog(ProjectSettingsPanel.java:245) ~[filemanager.jar:?]
	at com.st.microxplorer.plugins.projectmanager.ProjectManagerView.propertyChange(ProjectManagerView.java:391) ~[filemanager.jar:?]
	at java.beans.PropertyChangeSupport.fire(PropertyChangeSupport.java:343) ~[?:?]
	at java.beans.PropertyChangeSupport.firePropertyChange(PropertyChangeSupport.java:335) ~[?:?]
	at java.beans.PropertyChangeSupport.firePropertyChange(PropertyChangeSupport.java:268) ~[?:?]
	at com.st.microxplorer.util.MXPropertyChangeSupport.firePropertyChange(MXPropertyChangeSupport.java:54) ~[STM32CubeMX.jar:?]
	at com.st.microxplorer.mxsystem.MxSystem.closeConfig(MxSystem.java:900) ~[STM32CubeMX.jar:?]
	at com.st.microxplorer.maingui.MainPanel.closeConfig(MainPanel.java:781) ~[STM32CubeMX.jar:?]
	at com.st.microxplorer.plugins.filemanager.engine.OpenFileManager.loadConfigurationFile(OpenFileManager.java:265) ~[filemanager.jar:?]
	at com.st.microxplorer.plugins.filemanager.engine.MainFileManager.userLoadConfig(MainFileManager.java:352) ~[filemanager.jar:?]
	at com.st.microxplorer.plugins.filemanager.engine.MainFileManager.userLoadConfig(MainFileManager.java:330) ~[filemanager.jar:?]
	at com.st.microxplorer.plugins.filemanager.FileManagerView.getSpecificTask(FileManagerView.java:246) ~[filemanager.jar:?]
	at com.st.stm32cube.common.mx.editor.CubeMxEditor.setupHeadlessMX(CubeMxEditor.java:2651) ~[com.st.stm32cube.common.mx_6.12.1.202409122256/:?]
	at com.st.stm32cube.common.mx.editor.CubeMxEditor$22.run(CubeMxEditor.java:2253) ~[com.st.stm32cube.common.mx_6.12.1.202409122256/:?]
	at com.st.stm32cube.common.mx.oss.core.awtswtbridge.AwtEnvironment$2.run(AwtEnvironment.java:166) ~[com.st.stm32cube.common.mx.oss_6.12.1.202409122256/:?]
	at java.awt.event.InvocationEvent.dispatch(InvocationEvent.java:318) ~[?:?]
	at java.awt.EventQueue.dispatchEventImpl(EventQueue.java:773) ~[?:?]
	at java.awt.EventQueue$4.run(EventQueue.java:720) ~[?:?]
	at java.awt.EventQueue$4.run(EventQueue.java:714) ~[?:?]
	at java.security.AccessController.doPrivileged(AccessController.java:399) ~[?:?]
	at java.security.ProtectionDomain$JavaSecurityAccessImpl.doIntersectionPrivilege(ProtectionDomain.java:86) ~[?:?]
	at java.awt.EventQueue.dispatchEvent(EventQueue.java:742) ~[?:?]
	at java.awt.EventDispatchThread.pumpOneEventForFilters(EventDispatchThread.java:203) ~[?:?]
	at java.awt.EventDispatchThread.pumpEventsForFilter(EventDispatchThread.java:124) ~[?:?]
	at java.awt.EventDispatchThread.pumpEventsForHierarchy(EventDispatchThread.java:113) ~[?:?]
	at java.awt.EventDispatchThread.pumpEvents(EventDispatchThread.java:109) ~[?:?]
	at java.awt.EventDispatchThread.pumpEvents(EventDispatchThread.java:101) ~[?:?]
	at java.awt.EventDispatchThread.run(EventDispatchThread.java:90) ~[?:?]
2024-11-21 15:46:30,127 [WARN] ThirdParty:871 - waiting for thirdparty lock release [close project]
2024-11-21 15:46:30,127 [INFO] ThirdParty:873 - entering critical section [close project]
2024-11-21 15:46:30,127 [INFO] ThirdParty:883 - exiting critical section [close project]
2024-11-21 15:46:30,128 [INFO] PinOutPanel:1561 - setPackage(No Configuration,No Configuration)
2024-11-21 15:46:30,132 [WARN] IpParametersView:151 - Warning: This peripheral hasn't parameters
2024-11-21 15:46:30,135 [WARN] MainPanel:284 - <html><b><center>Warning: This peripheral has no parameters to be configured<br></b></html>
2024-11-21 15:46:30,137 [INFO] UtilMem:75 - Begin LoadConfig() Used Memory: 781883616 Bytes (901775360)
2024-11-21 15:46:30,138 [INFO] MicroXplorer:468 - Change Database Path : 
2024-11-21 15:46:30,138 [INFO] MicroXplorer:498 - Change Database Version : DB.6.0.121
2024-11-21 15:46:30,138 [INFO] OpenFileManager:332 - Change cursor
2024-11-21 15:46:30,149 [INFO] RulesReader:64 - Compatibility file has been processed (297 Rules)
2024-11-21 15:46:30,154 [INFO] Mcu:2032 - Initializing MCU STM32F405RGTx STM32F405RGTx STM32F405RGT6
2024-11-21 15:46:31,331 [INFO] Context:742 - Trying to add GPIOservice into a context  which must be forbidden
2024-11-21 15:46:31,528 [INFO] ImportTextPane:205 - (OptionalMessage_ERROR) Unable to find key (Mcu.ThirdPartyNb) in loaded IOC file
2024-11-21 15:46:31,528 [INFO] ImportTextPane:205 - (OptionalMessage_ERROR) Unable to find key (Mcu.PinsNb) in loaded IOC file
2024-11-21 15:46:31,528 [INFO] ImportTextPane:205 - (OptionalMessage_ERROR) Unable to find key (Mcu.IPNb) in loaded IOC file
2024-11-21 15:46:31,694 [INFO] RtosManager:555 - Registered RTOS mode: class=CMSIS, group=RTOS, mode=CMSIS_V1, owner=FREERTOS
2024-11-21 15:46:31,694 [INFO] RtosManager:555 - Registered RTOS mode: class=CMSIS, group=RTOS2, mode=CMSIS_V2, owner=FREERTOS
2024-11-21 15:46:31,694 [INFO] RtosManager:555 - Registered RTOS mode: class=RTOS, group=Core, mode=CMSIS_V1, owner=FREERTOS
2024-11-21 15:46:31,694 [INFO] RtosManager:555 - Registered RTOS mode: class=RTOS, group=Core, mode=CMSIS_V2, owner=FREERTOS
2024-11-21 15:46:31,694 [WARN] ModelIntegratedComponent:184 - Missing modes for component STMicroelectronics:FreeRTOS:0.0.1:STMicroelectronics:RTOS:FreeRTOS:Core:::10.2.0:
2024-11-21 15:46:31,697 [WARN] ModelIntegratedComponent:63 - No mode defined for component null
2024-11-21 15:46:31,697 [WARN] ModelIntegratedComponent:63 - No mode defined for component null
2024-11-21 15:46:31,697 [WARN] ModelIntegratedComponent:63 - No mode defined for component null
2024-11-21 15:46:31,697 [WARN] ModelIntegratedComponent:63 - No mode defined for component null
2024-11-21 15:46:31,697 [WARN] ModelIntegratedComponent:63 - No mode defined for component null
2024-11-21 15:46:31,697 [WARN] ModelIntegratedComponent:63 - No mode defined for component null
2024-11-21 15:46:31,697 [WARN] ModelIntegratedComponent:63 - No mode defined for component null
2024-11-21 15:46:31,698 [WARN] ModelIntegratedComponent:63 - No mode defined for component null
2024-11-21 15:46:31,698 [WARN] ModelIntegratedComponent:63 - No mode defined for component null
2024-11-21 15:46:31,698 [WARN] ModelIntegratedComponent:63 - No mode defined for component null
2024-11-21 15:46:31,698 [WARN] ModelIntegratedComponent:63 - No mode defined for component null
2024-11-21 15:46:31,698 [WARN] ModelIntegratedComponent:63 - No mode defined for component null
2024-11-21 15:46:31,698 [WARN] ModelIntegratedComponent:63 - No mode defined for component null
2024-11-21 15:46:31,698 [WARN] ModelIntegratedComponent:63 - No mode defined for component null
2024-11-21 15:46:31,698 [WARN] ModelIntegratedComponent:63 - No mode defined for component null
2024-11-21 15:46:31,698 [WARN] ModelIntegratedComponent:63 - No mode defined for component null
2024-11-21 15:46:31,698 [WARN] ModelIntegratedComponent:63 - No mode defined for component null
2024-11-21 15:46:31,698 [WARN] ModelIntegratedComponent:63 - No mode defined for component null
2024-11-21 15:46:31,698 [WARN] ModelIntegratedComponent:63 - No mode defined for component null
2024-11-21 15:46:31,698 [WARN] ModelIntegratedComponent:63 - No mode defined for component null
2024-11-21 15:46:31,698 [WARN] ModelIntegratedComponent:63 - No mode defined for component null
2024-11-21 15:46:31,698 [WARN] ModelIntegratedComponent:63 - No mode defined for component null
2024-11-21 15:46:31,698 [WARN] ModelIntegratedComponent:63 - No mode defined for component null
2024-11-21 15:46:31,698 [WARN] ModelIntegratedComponent:63 - No mode defined for component null
2024-11-21 15:46:31,698 [WARN] ModelIntegratedComponent:63 - No mode defined for component null
2024-11-21 15:46:31,698 [WARN] ModelIntegratedComponent:63 - No mode defined for component null
2024-11-21 15:46:31,698 [WARN] ModelIntegratedComponent:63 - No mode defined for component null
2024-11-21 15:46:31,698 [WARN] ModelIntegratedComponent:63 - No mode defined for component null
2024-11-21 15:46:31,698 [WARN] ModelIntegratedComponent:63 - No mode defined for component null
2024-11-21 15:46:31,698 [WARN] ModelIntegratedComponent:63 - No mode defined for component null
2024-11-21 15:46:31,698 [WARN] ModelIntegratedComponent:63 - No mode defined for component null
2024-11-21 15:46:31,698 [WARN] ModelIntegratedComponent:63 - No mode defined for component null
2024-11-21 15:46:31,698 [WARN] ModelIntegratedComponent:63 - No mode defined for component null
2024-11-21 15:46:31,698 [WARN] ModelIntegratedComponent:63 - No mode defined for component null
2024-11-21 15:46:31,698 [WARN] ModelIntegratedComponent:63 - No mode defined for component null
2024-11-21 15:46:31,698 [WARN] ModelPack:524 - Component already loaded: STMicroelectronics:HAL Drivers:0.0.0:STMicroelectronics:Device:STMicro_Driver:XSPI:HAL::0.0.1:HAL_XSPI
2024-11-21 15:46:31,729 [INFO] ThirdPartyModel:298 - Start build external matchings
2024-11-21 15:46:33,012 [INFO] ThirdPartyModel:316 - End build external matchings
2024-11-21 15:46:33,299 [INFO] UtilMem:75 - End LoadConfig() Used Memory: 630352432 Bytes (901775360)
2024-11-21 15:46:33,312 [WARN] ThirdParty:833 - waiting for thirdparty lock release [change project]
2024-11-21 15:46:33,312 [INFO] ThirdParty:835 - entering critical section [change project]
2024-11-21 15:46:33,312 [INFO] ThirdParty:1030 - CMSIS Pack Vendor :STMicroelectronics USBPD 4.1
2024-11-21 15:46:33,312 [INFO] ThirdParty:1030 - CMSIS Pack Vendor :STMicroelectronics X-CUBE-GNSS1 6.0.0
2024-11-21 15:46:33,312 [INFO] ThirdParty:1030 - CMSIS Pack Vendor :STMicroelectronics USB_HOST 2.0.0
2024-11-21 15:46:33,312 [INFO] ThirdParty:1030 - CMSIS Pack Vendor :STMicroelectronics FP-SNS-MOTENVWB1 1.4.0
2024-11-21 15:46:33,312 [INFO] ThirdParty:1030 - CMSIS Pack Vendor :STMicroelectronics X-CUBE-AZRTOS-F4 1.1.0
2024-11-21 15:46:33,312 [INFO] ThirdParty:1030 - CMSIS Pack Vendor :STMicroelectronics LIBJPEG 8.0.0
2024-11-21 15:46:33,312 [INFO] ThirdParty:1030 - CMSIS Pack Vendor :STMicroelectronics FP-ATR-ASTRA1 2.0.1
2024-11-21 15:46:33,312 [INFO] ThirdParty:1030 - CMSIS Pack Vendor :STMicroelectronics X-CUBE-SMBUS 2.1.0
2024-11-21 15:46:33,312 [INFO] ThirdParty:1030 - CMSIS Pack Vendor :STMicroelectronics X-CUBE-WB05N 1.1.0
2024-11-21 15:46:33,312 [INFO] ThirdParty:1030 - CMSIS Pack Vendor :STMicroelectronics X-CUBE-ISPU 2.1.0
2024-11-21 15:46:33,312 [INFO] ThirdParty:1030 - CMSIS Pack Vendor :STMicroelectronics X-CUBE-FREERTOS 1.2.0
2024-11-21 15:46:33,312 [INFO] ThirdParty:1030 - CMSIS Pack Vendor :STMicroelectronics X-CUBE-MEMS1 9.2.0
2024-11-21 15:46:33,312 [INFO] ThirdParty:1030 - CMSIS Pack Vendor :STMicroelectronics X-CUBE-AZRTOS-F7 1.1.0
2024-11-21 15:46:33,312 [INFO] ThirdParty:1030 - CMSIS Pack Vendor :STMicroelectronics X-CUBE-AZRTOS-L5 2.0.0
2024-11-21 15:46:33,312 [INFO] ThirdParty:1030 - CMSIS Pack Vendor :STMicroelectronics USB_DEVICE 2.0.0
2024-11-21 15:46:33,312 [INFO] ThirdParty:1030 - CMSIS Pack Vendor :STMicroelectronics X-CUBE-NFC6 3.1.0
2024-11-21 15:46:33,312 [INFO] ThirdParty:1030 - CMSIS Pack Vendor :STMicroelectronics X-CUBE-BLE1 6.2.3
2024-11-21 15:46:33,312 [INFO] ThirdParty:1030 - CMSIS Pack Vendor :STMicroelectronics X-CUBE-MEMS1 11.0.0
2024-11-21 15:46:33,312 [INFO] ThirdParty:1030 - CMSIS Pack Vendor :STMicroelectronics FreeRTOS 0.0.1
2024-11-21 15:46:33,312 [INFO] ThirdParty:1030 - CMSIS Pack Vendor :STMicroelectronics X-CUBE-DPower 1.2.0
2024-11-21 15:46:33,312 [INFO] ThirdParty:1030 - CMSIS Pack Vendor :STMicroelectronics FP-SNS-FLIGHT1 5.0.2
2024-11-21 15:46:33,312 [INFO] ThirdParty:1030 - CMSIS Pack Vendor :STMicroelectronics X-CUBE-NFC4 2.0.4
2024-11-21 15:46:33,312 [INFO] ThirdParty:1030 - CMSIS Pack Vendor :STMicroelectronics PDM2PCM 3.3.0
2024-11-21 15:46:33,312 [INFO] ThirdParty:1030 - CMSIS Pack Vendor :STMicroelectronics X-CUBE-TOF1 3.1.0
2024-11-21 15:46:33,312 [INFO] ThirdParty:1030 - CMSIS Pack Vendor :STMicroelectronics X-CUBE-DISPLAY 3.0.0
2024-11-21 15:46:33,312 [INFO] ThirdParty:1030 - CMSIS Pack Vendor :STMicroelectronics X-CUBE-AZRTOS-F4 1.0.0
2024-11-21 15:46:33,312 [INFO] ThirdParty:1030 - CMSIS Pack Vendor :STMicroelectronics X-CUBE-BLE1 7.0.0
2024-11-21 15:46:33,313 [INFO] ThirdParty:1030 - CMSIS Pack Vendor :STMicroelectronics X-CUBE-NFC10 1.0.0
2024-11-21 15:46:33,313 [INFO] ThirdParty:1030 - CMSIS Pack Vendor :STMicroelectronics HAL Drivers 0.0.0
2024-11-21 15:46:33,313 [INFO] ThirdParty:1030 - CMSIS Pack Vendor :STMicroelectronics X-CUBE-NFC7 1.0.1
2024-11-21 15:46:33,313 [INFO] ThirdParty:1030 - CMSIS Pack Vendor :STMicroelectronics MBEDTLS 2.14.1
2024-11-21 15:46:33,313 [INFO] ThirdParty:1030 - CMSIS Pack Vendor :STMicroelectronics X-CUBE-NFC7 1.0.0
2024-11-21 15:46:33,313 [INFO] ThirdParty:1030 - CMSIS Pack Vendor :STMicroelectronics X-CUBE-AI 7.2.0
2024-11-21 15:46:33,313 [INFO] ThirdParty:1030 - CMSIS Pack Vendor :STMicroelectronics X-CUBE-BLEMGR 3.1.0
2024-11-21 15:46:33,313 [INFO] ThirdParty:1030 - CMSIS Pack Vendor :STMicroelectronics FP-SNS-SMARTAG2 1.2.0
2024-11-21 15:46:33,313 [INFO] ThirdParty:1030 - CMSIS Pack Vendor :STMicroelectronics X-CUBE-AZRTOS-WL 2.0.0
2024-11-21 15:46:33,313 [INFO] ThirdParty:1030 - CMSIS Pack Vendor :STMicroelectronics FP-SNS-MOTENV1 5.0.0
2024-11-21 15:46:33,313 [INFO] ThirdParty:1030 - CMSIS Pack Vendor :STMicroelectronics USB_DEVICE 1.0.0
2024-11-21 15:46:33,313 [INFO] ThirdParty:1030 - CMSIS Pack Vendor :wolfSSL I-CUBE-wolfMQTT 1.19.0
2024-11-21 15:46:33,313 [INFO] ThirdParty:1030 - CMSIS Pack Vendor :STMicroelectronics X-CUBE-AZRTOS-L4 2.0.0
2024-11-21 15:46:33,313 [INFO] ThirdParty:1030 - CMSIS Pack Vendor :STMicroelectronics ThreadX 0.0.2
2024-11-21 15:46:33,313 [INFO] ThirdParty:1030 - CMSIS Pack Vendor :WES I-CUBE-Cesium 1.3.0
2024-11-21 15:46:33,313 [INFO] ThirdParty:1030 - CMSIS Pack Vendor :STMicroelectronics lwIP 2.1.2
2024-11-21 15:46:33,313 [INFO] ThirdParty:1030 - CMSIS Pack Vendor :STMicroelectronics X-CUBE-SFXS2LP1 4.0.0
2024-11-21 15:46:33,313 [INFO] ThirdParty:1030 - CMSIS Pack Vendor :STMicroelectronics X-CUBE-BLE2 3.3.0
2024-11-21 15:46:33,313 [INFO] ThirdParty:1030 - CMSIS Pack Vendor :STMicroelectronics X-CUBE-DISPLAY 2.2.0
2024-11-21 15:46:33,313 [INFO] ThirdParty:1030 - CMSIS Pack Vendor :STMicroelectronics PDM2PCM 3.2.0
2024-11-21 15:46:33,313 [INFO] ThirdParty:1030 - CMSIS Pack Vendor :STMicroelectronics X-CUBE-AZRTOS-H7 3.3.0
2024-11-21 15:46:33,313 [INFO] ThirdParty:1030 - CMSIS Pack Vendor :RoweBots I-CUBE-UNISONRTOS 5.5.0-4
2024-11-21 15:46:33,313 [INFO] ThirdParty:1030 - CMSIS Pack Vendor :STMicroelectronics X-CUBE-NFC9 1.0.0
2024-11-21 15:46:33,313 [INFO] ThirdParty:1030 - CMSIS Pack Vendor :STMicroelectronics X-CUBE-AZRTOS-H7 2.1.0
2024-11-21 15:46:33,313 [INFO] ThirdParty:1030 - CMSIS Pack Vendor :wolfSSL I-CUBE-wolfSSL 5.4.0
2024-11-21 15:46:33,313 [INFO] ThirdParty:1030 - CMSIS Pack Vendor :STMicroelectronics USB_DEVICE 3.0.0
2024-11-21 15:46:33,313 [INFO] ThirdParty:1030 - CMSIS Pack Vendor :STMicroelectronics X-CUBE-TCPP 4.1.0
2024-11-21 15:46:33,313 [INFO] ThirdParty:1030 - CMSIS Pack Vendor :STMicroelectronics X-CUBE-IPS 3.0.0
2024-11-21 15:46:33,313 [INFO] ThirdParty:1030 - CMSIS Pack Vendor :STMicroelectronics X-CUBE-AZRTOS-WB 2.0.0
2024-11-21 15:46:33,313 [INFO] ThirdParty:1030 - CMSIS Pack Vendor :STMicroelectronics X-CUBE-GNSS1 7.0.0
2024-11-21 15:46:33,313 [INFO] ThirdParty:1030 - CMSIS Pack Vendor :STMicroelectronics X-CUBE-BLEMGR 1.0.0
2024-11-21 15:46:33,313 [INFO] ThirdParty:1030 - CMSIS Pack Vendor :STMicroelectronics FP-SNS-STBOX1 2.0.0
2024-11-21 15:46:33,313 [INFO] ThirdParty:1030 - CMSIS Pack Vendor :STMicroelectronics X-CUBE-ALGOBUILD 1.3.0
2024-11-21 15:46:33,313 [INFO] ThirdParty:1030 - CMSIS Pack Vendor :STMicroelectronics X-CUBE-AZRTOS-G0 1.1.0
2024-11-21 15:46:33,313 [INFO] ThirdParty:1030 - CMSIS Pack Vendor :STMicroelectronics X-CUBE-SAFEA1 1.2.2
2024-11-21 15:46:33,313 [INFO] ThirdParty:1030 - CMSIS Pack Vendor :STMicroelectronics X-CUBE-NFC4 3.0.0
2024-11-21 15:46:33,314 [INFO] ThirdParty:1030 - CMSIS Pack Vendor :SEGGER I-CUBE-embOS 1.2.0
2024-11-21 15:46:33,314 [INFO] ThirdParty:1030 - CMSIS Pack Vendor :STMicroelectronics X-CUBE-SUBG2 5.0.0
2024-11-21 15:46:33,314 [INFO] ThirdParty:1030 - CMSIS Pack Vendor :STMicroelectronics STM32_WPAN 1.0.0
2024-11-21 15:46:33,314 [INFO] ThirdParty:1030 - CMSIS Pack Vendor :EmbeddedOffice I-CUBE-FS-RTOS 1.0.1
2024-11-21 15:46:33,314 [INFO] ThirdParty:1030 - CMSIS Pack Vendor :STMicroelectronics lwIP 2.0.3
2024-11-21 15:46:33,314 [INFO] ThirdParty:1030 - CMSIS Pack Vendor :Cesanta I-CUBE-Mongoose 7.13.0
2024-11-21 15:46:33,315 [INFO] ThirdParty:1030 - CMSIS Pack Vendor :STMicroelectronics USB_HOST 1.0.0
2024-11-21 15:46:33,315 [INFO] ThirdParty:1030 - CMSIS Pack Vendor :STMicroelectronics X-CUBE-AZRTOS-G4 2.0.0
2024-11-21 15:46:33,315 [INFO] ThirdParty:1030 - CMSIS Pack Vendor :STMicroelectronics PDM2PCM 3.1.0
2024-11-21 15:46:33,315 [INFO] ThirdParty:1030 - CMSIS Pack Vendor :STMicroelectronics FP-ATR-ASTRA1 1.1.0
2024-11-21 15:46:33,315 [INFO] ThirdParty:1030 - CMSIS Pack Vendor :RealThread X-CUBE-RT-Thread_Nano 4.1.1
2024-11-21 15:46:33,315 [INFO] ThirdParty:1030 - CMSIS Pack Vendor :STMicroelectronics FP-ATR-SIGFOX1 3.2.0
2024-11-21 15:46:33,315 [INFO] ThirdParty:1030 - CMSIS Pack Vendor :STMicroelectronics X-CUBE-AZRTOS-G4 1.0.0
2024-11-21 15:46:33,315 [INFO] ThirdParty:1030 - CMSIS Pack Vendor :STMicroelectronics X-CUBE-AZRTOS-L4 1.0.0
2024-11-21 15:46:33,315 [INFO] ThirdParty:1030 - CMSIS Pack Vendor :quantropi X-CUBE-qispace-sdk-base 1.9.3
2024-11-21 15:46:33,315 [INFO] ThirdParty:1030 - CMSIS Pack Vendor :STMicroelectronics X-CUBE-EEPRMA1 5.1.0
2024-11-21 15:46:33,315 [INFO] ThirdParty:1030 - CMSIS Pack Vendor :STMicroelectronics MBEDTLS 2.16.2
2024-11-21 15:46:33,315 [INFO] ThirdParty:1030 - CMSIS Pack Vendor :STMicroelectronics X-CUBE-ALS 1.0.2
2024-11-21 15:46:33,315 [INFO] ThirdParty:1030 - CMSIS Pack Vendor :emotas I-CUBE-CANOPEN 1.1.2
2024-11-21 15:46:33,316 [INFO] ThirdParty:1030 - CMSIS Pack Vendor :STMicroelectronics X-CUBE-TOUCHGFX 4.20.0
2024-11-21 15:46:33,316 [INFO] ThirdParty:1030 - CMSIS Pack Vendor :ITTIA_DB I-CUBE-ITTIADB 8.9.0
2024-11-21 15:46:33,316 [INFO] ThirdParty:1030 - CMSIS Pack Vendor :STMicroelectronics X-CUBE-AZRTOS-WL 1.0.0
2024-11-21 15:46:33,316 [INFO] ThirdParty:1030 - CMSIS Pack Vendor :STMicroelectronics X-CUBE-TOUCHGFX 4.24.1
2024-11-21 15:46:33,316 [INFO] ThirdParty:1030 - CMSIS Pack Vendor :wolfSSL I-CUBE-wolfTPM 3.4.0
2024-11-21 15:46:33,316 [INFO] ThirdParty:1030 - CMSIS Pack Vendor :portGmbH I-Cube-SoM-uGOAL 1.1.0
2024-11-21 15:46:33,316 [INFO] ThirdParty:1030 - CMSIS Pack Vendor :STMicroelectronics X-CUBE-ALS 1.0.1
2024-11-21 15:46:33,316 [INFO] ThirdParty:1030 - CMSIS Pack Vendor :STMicroelectronics ThreadX 1.0.0
2024-11-21 15:46:33,316 [INFO] ThirdParty:1030 - CMSIS Pack Vendor :SEGGER I-CUBE-embOS 1.3.1
2024-11-21 15:46:33,316 [INFO] ThirdParty:1030 - CMSIS Pack Vendor :STMicroelectronics X-CUBE-ALGOBUILD 1.4.0
2024-11-21 15:46:33,316 [INFO] ThirdParty:1030 - CMSIS Pack Vendor :STMicroelectronics X-CUBE-AZRTOS-L5 1.0.0
2024-11-21 15:46:33,316 [INFO] ThirdParty:1030 - CMSIS Pack Vendor :STMicroelectronics X-CUBE-EEPRMA1 3.1.1
2024-11-21 15:46:33,316 [INFO] ThirdParty:1030 - CMSIS Pack Vendor :STMicroelectronics X-CUBE-AZRTOS-H7RS 1.0.0
2024-11-21 15:46:33,316 [INFO] ThirdParty:1030 - CMSIS Pack Vendor :STMicroelectronics FP-ATR-ASTRA1 2.0.0
2024-11-21 15:46:33,316 [INFO] ThirdParty:1030 - CMSIS Pack Vendor :STMicroelectronics X-CUBE-TOF1 3.4.2
2024-11-21 15:46:33,316 [INFO] ThirdParty:1030 - CMSIS Pack Vendor :STMicroelectronics X-CUBE-AI 9.1.0
2024-11-21 15:46:33,316 [INFO] ThirdParty:1030 - CMSIS Pack Vendor :Infineon AIROC-Wi-Fi-Bluetooth-STM32 1.6.1
2024-11-21 15:46:33,316 [INFO] ThirdParty:1030 - CMSIS Pack Vendor :wolfSSL I-CUBE-wolfSSH 1.4.17
2024-11-21 15:46:33,316 [INFO] ThirdParty:841 - exiting critical section [change project]
2024-11-21 15:46:33,464 [INFO] PinOutPanel:1561 - setPackage(No Configuration,No Configuration)
2024-11-21 15:46:33,465 [INFO] PinOutPanel:1561 - setPackage(STM32F405RGTx,LQFP64)
2024-11-21 15:46:33,756 [INFO] UtilMem:75 - Before build in PCC Used Memory: 290498304 Bytes (901775360)
2024-11-21 15:46:34,074 [INFO] UtilMem:75 - After build in PCC Used Memory: 342927104 Bytes (901775360)
2024-11-21 15:46:34,093 [INFO] IPUIPlugin:80 - create IPUIPlugin
2024-11-21 15:46:34,093 [INFO] IPUIPlugin:80 - create IPUIPlugin
2024-11-21 15:46:34,093 [INFO] IPUIPlugin:80 - create IPUIPlugin
2024-11-21 15:46:34,093 [INFO] IPUIPlugin:80 - create IPUIPlugin
2024-11-21 15:46:34,093 [INFO] IPUIPlugin:80 - create IPUIPlugin
2024-11-21 15:46:34,093 [INFO] IPUIPlugin:80 - create IPUIPlugin
2024-11-21 15:46:34,093 [INFO] IPUIPlugin:80 - create IPUIPlugin
2024-11-21 15:46:34,093 [INFO] IPUIPlugin:80 - create IPUIPlugin
2024-11-21 15:46:34,093 [INFO] IPUIPlugin:80 - create IPUIPlugin
2024-11-21 15:46:34,093 [INFO] IPUIPlugin:80 - create IPUIPlugin
2024-11-21 15:46:34,094 [INFO] IPUIPlugin:80 - create IPUIPlugin
2024-11-21 15:46:34,094 [INFO] IPUIPlugin:80 - create IPUIPlugin
2024-11-21 15:46:34,094 [INFO] IPUIPlugin:80 - create IPUIPlugin
2024-11-21 15:46:34,094 [INFO] IPUIPlugin:80 - create IPUIPlugin
2024-11-21 15:46:34,094 [INFO] IPUIPlugin:80 - create IPUIPlugin
2024-11-21 15:46:34,094 [INFO] IPUIPlugin:80 - create IPUIPlugin
2024-11-21 15:46:34,094 [INFO] IPUIPlugin:80 - create IPUIPlugin
2024-11-21 15:46:34,094 [INFO] IPUIPlugin:80 - create IPUIPlugin
2024-11-21 15:46:34,094 [INFO] IPUIPlugin:80 - create IPUIPlugin
2024-11-21 15:46:34,096 [INFO] IPUIPlugin:80 - create IPUIPlugin
2024-11-21 15:46:34,096 [INFO] IPUIPlugin:80 - create IPUIPlugin
2024-11-21 15:46:34,096 [INFO] IPUIPlugin:80 - create IPUIPlugin
2024-11-21 15:46:34,097 [INFO] IPUIPlugin:80 - create IPUIPlugin
2024-11-21 15:46:34,097 [INFO] IPUIPlugin:80 - create IPUIPlugin
2024-11-21 15:46:34,097 [INFO] IPUIPlugin:80 - create IPUIPlugin
2024-11-21 15:46:34,097 [INFO] IPUIPlugin:80 - create IPUIPlugin
2024-11-21 15:46:34,097 [INFO] IPUIPlugin:80 - create IPUIPlugin
2024-11-21 15:46:34,097 [INFO] IPUIPlugin:80 - create IPUIPlugin
2024-11-21 15:46:34,098 [INFO] IPUIPlugin:80 - create IPUIPlugin
2024-11-21 15:46:34,098 [INFO] IPUIPlugin:80 - create IPUIPlugin
2024-11-21 15:46:34,098 [INFO] IPUIPlugin:80 - create IPUIPlugin
2024-11-21 15:46:34,098 [INFO] IPUIPlugin:80 - create IPUIPlugin
2024-11-21 15:46:34,098 [INFO] IPUIPlugin:80 - create IPUIPlugin
2024-11-21 15:46:34,099 [INFO] IPUIPlugin:80 - create IPUIPlugin
2024-11-21 15:46:34,099 [INFO] IPUIPlugin:80 - create IPUIPlugin
2024-11-21 15:46:34,099 [INFO] IPUIPlugin:80 - create IPUIPlugin
2024-11-21 15:46:34,099 [INFO] IPUIPlugin:80 - create IPUIPlugin
2024-11-21 15:46:34,099 [INFO] IPUIPlugin:80 - create IPUIPlugin
2024-11-21 15:46:34,099 [INFO] IPUIPlugin:80 - create IPUIPlugin
2024-11-21 15:46:34,100 [INFO] IPUIPlugin:80 - create IPUIPlugin
2024-11-21 15:46:34,100 [INFO] IPUIPlugin:80 - create IPUIPlugin
2024-11-21 15:46:34,100 [INFO] IPUIPlugin:80 - create IPUIPlugin
2024-11-21 15:46:34,100 [INFO] IPUIPlugin:80 - create IPUIPlugin
2024-11-21 15:46:34,101 [INFO] IPUIPlugin:80 - create IPUIPlugin
2024-11-21 15:46:34,101 [INFO] IPUIPlugin:80 - create IPUIPlugin
2024-11-21 15:46:34,101 [INFO] IPUIPlugin:80 - create IPUIPlugin
2024-11-21 15:46:34,102 [INFO] IPUIPlugin:80 - create IPUIPlugin
2024-11-21 15:46:34,102 [INFO] IPUIPlugin:80 - create IPUIPlugin
2024-11-21 15:46:34,102 [INFO] IPUIPlugin:80 - create IPUIPlugin
2024-11-21 15:46:34,103 [INFO] IPUIPlugin:80 - create IPUIPlugin
2024-11-21 15:46:34,103 [INFO] IPUIPlugin:80 - create IPUIPlugin
2024-11-21 15:46:34,104 [INFO] IPUIPlugin:80 - create IPUIPlugin
2024-11-21 15:46:34,105 [INFO] IPUIPlugin:80 - create IPUIPlugin
2024-11-21 15:46:34,105 [INFO] IPUIPlugin:80 - create IPUIPlugin
2024-11-21 15:46:34,109 [INFO] ApiDbMcu:508 - Load IP Config File for PDM2PCM
2024-11-21 15:46:34,140 [INFO] CADModel:165 - CPN selected for project levelSTM32F405RGT6
2024-11-21 15:46:34,140 [INFO] CADModel:114 - Register for checkConnection events
2024-11-21 15:46:34,186 [INFO] OpenFileManager:363 - Restore cursor
2024-11-21 15:46:34,353 [INFO] UtilMem:75 - End SaveConfig() Used Memory: 410035968 Bytes (901775360)
2024-11-21 15:47:44,397 [INFO] MainUpdater:2873 - connection check result : 10
2024-11-21 15:47:44,398 [INFO] WebApp:448 - Apply proxy settings
2024-11-21 15:47:44,398 [INFO] WebApp:533 - Chromium requires no authentication
2024-11-21 15:47:44,398 [INFO] WebApp:476 - Direct internet connection detected
2024-11-21 15:47:44,398 [INFO] WebApp:448 - Apply proxy settings
2024-11-21 15:47:44,398 [INFO] WebApp:533 - Chromium requires no authentication
2024-11-21 15:47:44,403 [INFO] WebApp:476 - Direct internet connection detected
2024-11-21 15:47:44,403 [INFO] WebApp:370 - Starting web application
2024-11-21 15:47:44,403 [INFO] WebApp:578 - Web application path used C:\ST\STM32CubeIDE_1.16.1\STM32CubeIDE\plugins\com.st.stm32cube.common.mx_6.12.1.202409122256\db\plugins\mcufinder\reactClient1\index.html
2024-11-21 15:47:44,443 [INFO] UserAuth:417 - Internet connection configuration mode: 1
2024-11-21 15:48:07,818 [INFO] McuFinderGlobals:76 - Set McuFinderConnectedMode to true
2024-11-21 15:48:07,819 [INFO] ApiDb:448 - Save user favorites file C:\Users\Bruno/.stm32cubeide/favorites.mcus.txt: 0 item(s)
2024-11-21 15:48:07,819 [INFO] ApiDb:452 - User favorites MCUs=[]
2024-11-21 15:48:11,597 [INFO] McuFinderGlobals:63 - Set McuFinder mode to 2 (CubeIDE integrated)
2024-11-21 15:48:11,597 [INFO] McuFinderGlobals:76 - Set McuFinderConnectedMode to true
2024-11-21 15:48:11,597 [INFO] MainUpdater:2873 - connection check result : 10
2024-11-21 15:48:11,607 [INFO] MenuBar:480 - Manual Refresh Data
2024-11-21 15:48:11,608 [INFO] FinderAction:100 - Refresh Data: download all database files
2024-11-21 15:48:11,883 [INFO] ServerAccessManage:473 - Download File mcusAds.json._tmp_
2024-11-21 15:48:12,008 [INFO] LoadUrlFilesThread:156 - End of LoadUrlFiles Thread
2024-11-21 15:48:12,103 [INFO] ServerAccessManage:473 - Download File cube-finder-db.zip
2024-11-21 15:48:21,800 [INFO] FileExtend:240 - Unzip File : cube-finder-db.zip
2024-11-21 15:48:21,801 [INFO] FileExtend:255 - Standard Zip Deflate
2024-11-21 15:48:22,780 [INFO] LoadUrlFilesThread:156 - End of LoadUrlFiles Thread
2024-11-21 15:48:23,002 [INFO] ServerAccessManage:473 - Download File crdb.zip
2024-11-21 15:48:23,273 [INFO] FileExtend:240 - Unzip File : crdb.zip
2024-11-21 15:48:23,273 [INFO] FileExtend:255 - Standard Zip Deflate
2024-11-21 15:48:23,445 [INFO] LoadUrlFilesThread:156 - End of LoadUrlFiles Thread
2024-11-21 15:48:23,502 [INFO] ServerAccessManage:473 - Download File tutoVideoDB.zip
2024-11-21 15:48:23,542 [INFO] FileExtend:240 - Unzip File : tutoVideoDB.zip
2024-11-21 15:48:23,542 [INFO] FileExtend:255 - Standard Zip Deflate
2024-11-21 15:48:23,672 [INFO] LoadUrlFilesThread:156 - End of LoadUrlFiles Thread
2024-11-21 15:48:23,689 [WARN] DbFile:41 - Overriding database path with different value: C:\Users\Bruno\.stmcufinder\plugins\mcufinder/ => C:\Users\Bruno\.stmcufinder\plugins\mcufinder
2024-11-21 15:48:23,735 [INFO] ServerAccessManage:473 - Download File api_config.json
2024-11-21 15:48:23,854 [INFO] LoadUrlFilesThread:156 - End of LoadUrlFiles Thread
2024-11-21 15:48:23,855 [INFO] DbMcusAds:53 - JSON generation date=Fri Sep 20 15:04:38 CEST 2024 (1726837478367)
2024-11-21 15:48:23,857 [INFO] ApiDb:448 - Save user favorites file C:\Users\Bruno/.stm32cubeide/favorites.mcus.txt: 0 item(s)
2024-11-21 15:48:23,857 [INFO] ApiDb:452 - User favorites MCUs=[]
2024-11-21 15:48:23,869 [INFO] ApiDb:581 - Connected to CubeFinder SQLite database (C:\Users\Bruno\.stmcufinder\plugins\mcufinder\mcu\cube-finder-db.db)
2024-11-21 15:48:23,936 [INFO] ApiDb:668 - CubeFinder database Data Model version=2.1
2024-11-21 15:48:23,936 [INFO] ApiDb:669 - CubeFinder database Configuration version=3.0.39
2024-11-21 15:48:23,936 [INFO] ApiDb:670 - CubeFinder database generation date=2024-10-15 (1729006872)
2024-11-21 15:48:23,936 [INFO] ApiDb:671 - CubeFinder database FW Pack versions=[FP-ATR-ASTRA1_V2.0.0, FP-SNS-FLIGHT1_V5.0.2, FP-SNS-MOTENV1_V5.0.0, FP-SNS-MOTENVWB1_V1.4.0, FP-SNS-SMARTAG2_V1.2.0, FP-SNS-STBOX1_V2.0.0, STM32Cube_FW_C0_V1.2.0, STM32Cube_FW_F4_V1.28.1, STM32Cube_FW_F7_V1.17.2, STM32Cube_FW_G0_V1.6.2, STM32Cube_FW_G4_V1.6.0, STM32Cube_FW_H5_V1.3.0, STM32Cube_FW_H7RS_V1.1.0, STM32Cube_FW_H7_V1.11.2, STM32Cube_FW_L0_V1.12.2, STM32Cube_FW_L5_V1.5.1, STM32Cube_FW_U0_V1.1.0, STM32Cube_FW_U5_V1.6.0, STM32Cube_FW_WB0_V1.0.0, STM32Cube_FW_WBA_V1.4.1, STM32Cube_FW_WB_V1.20.0, STM32Cube_FW_WL_V1.3.0, X-CUBE-ALGOBUILD_V1.4.0, X-CUBE-ALS_V1.0.2, X-CUBE-AZRTOS-F4_V1.1.0, X-CUBE-AZRTOS-F7_V1.1.0, X-CUBE-AZRTOS-G0_V1.1.0, X-CUBE-AZRTOS-G4_V2.0.0, X-CUBE-AZRTOS-H7RS_V1.0.0, X-CUBE-AZRTOS-H7_V3.3.0, X-CUBE-AZRTOS-L4_V2.0.0, X-CUBE-AZRTOS-L5_V2.0.0, X-CUBE-AZRTOS-WB_V2.0.0, X-CUBE-AZRTOS-WL_V2.0.0, X-CUBE-BLE1_V7.0.0, X-CUBE-BLE2_V3.3.0, X-CUBE-BLEMGR_V3.1.0, X-CUBE-EEPRMA1_V5.1.0, X-CUBE-FREERTOS_V1.2.0, X-CUBE-GNSS1_V6.0.0, X-CUBE-MEMS1_V11.0.0, X-CUBE-NFC4_V3.0.0, X-CUBE-NFC7_V1.0.1, X-CUBE-SFXS2LP1_V4.0.0, X-CUBE-SUBG2_V5.0.0, X-CUBE-TOF1_V3.4.2]
2024-11-21 15:48:26,371 [INFO] ApiDb:240 - Found 646 in-development CPN: [B-G473E-ZEST1S, B-WB1M-WPAN1, B-WL5M-SUBG1, NUCLEO-C031C6, NUCLEO-C071RB, NUCLEO-H503RB, NUCLEO-H533RE, NUCLEO-H563ZI, NUCLEO-H7S3L8, NUCLEO-U031R8, NUCLEO-U083RC, NUCLEO-U545RE-Q, NUCLEO-U5A5ZJ-Q, NUCLEO-WB05KZ, NUCLEO-WB07CC, NUCLEO-WB09KE, NUCLEO-WBA52CG, NUCLEO-WBA55CG, STEVAL-PROTEUS1, STEVAL-SMARTAG2, STEVAL-STWINBX1, STM320518-EVAL, STM32C0116-DK, STM32C011D6Y3TR, STM32C011D6Y6TR, STM32C011F4P3, STM32C011F4P6, STM32C011F4U3, STM32C011F4U6TR, STM32C011F6P3, STM32C011F6P6, STM32C011F6U3, STM32C011F6U6TR, STM32C011J4M3, STM32C011J4M6, STM32C011J6M3, STM32C011J6M6, STM32C0316-DK, STM32C031C4T3, STM32C031C4T6, STM32C031C4U3, STM32C031C4U6, STM32C031C6T3, STM32C031C6T6, STM32C031C6U3, STM32C031C6U6, STM32C031F4P3, STM32C031F4P6, STM32C031F6P3, STM32C031F6P6, STM32C031G4U3, STM32C031G4U6, STM32C031G6U3, STM32C031G6U6, STM32C031K4T3, STM32C031K4T6, STM32C031K4U3, STM32C031K4U6, STM32C031K6T3, STM32C031K6T6, STM32C031K6U3, STM32C031K6U6, STM32C071C8T6, STM32C071C8T6N, STM32C071C8U6, STM32C071C8U6N, STM32C071CBT6, STM32C071CBT6N, STM32C071CBU6, STM32C071CBU6N, STM32C071F8P6, STM32C071F8P6N, STM32C071FBP6, STM32C071FBP6N, STM32C071FBY6TR, STM32C071G8U6, STM32C071G8U6N, STM32C071GBU6, STM32C071GBU6N, STM32C071K8T6, STM32C071K8T6N, STM32C071K8U6, STM32C071K8U6N, STM32C071KBT6, STM32C071KBT6N, STM32C071KBU6, STM32C071KBU6N, STM32C071R8T6, STM32C071R8T6N, STM32C071RBI6N, STM32C071RBT6, STM32C071RBT6N, STM32G071K8TXN, STM32G071K8UXN, STM32G081GBU6N, STM32G081KBT6N, STM32G081KBUXN, STM32G0B1CCT6N, STM32G0B1KCT6, STM32G0B1NEY6TR, STM32G0B1RCT6N, STM32G0C1CCT6, STM32G0C1CCT6N, STM32G0C1CCU6N, STM32G0C1CET6N, STM32G0C1CEU6N, STM32G0C1KCT6, STM32G0C1NEY6TR, STM32G0C1RCI6N, STM32G0C1RCT6N, STM32G0C1REI6N, STM32G0C1RET6N, STM32G0C1VCI6, STM32G0C1VEI6, STM32G411C6T3, STM32G411C6T6, STM32G411C6U3, STM32G411C6U6, STM32G411C8T3, STM32G411C8T6, STM32G411C8U3, STM32G411C8U6, STM32G411CBT3, STM32G411CBT6, STM32G411CBU3, STM32G411CBU6, STM32G411K6T3, STM32G411K6T6, STM32G411K6U3, STM32G411K6U6, STM32G411K8T3, STM32G411K8T6, STM32G411K8U3, STM32G411K8U6, STM32G411KBT3, STM32G411KBT6, STM32G411KBU3, STM32G411KBU6, STM32G411M6T3, STM32G411M6T6, STM32G411M8T3, STM32G411M8T6, STM32G411MBT3, STM32G411MBT6, STM32G411R6T3, STM32G411R6T6, STM32G411R8T3, STM32G411R8T6, STM32G411RBT3, STM32G411RBT6, STM32G414CBT3, STM32G414CBT6, STM32G414CBU3, STM32G414CBU6, STM32G414CCT3, STM32G414CCT6, STM32G414CCU3, STM32G414CCU6, STM32G414MBT3, STM32G414MBT6, STM32G414MCT3, STM32G414MCT6, STM32G414RBT3, STM32G414RBT6, STM32G414RCT3, STM32G414RCT6, STM32G414VBT3, STM32G414VBT6, STM32G414VCT3, STM32G414VCT6, STM32G431CBT3Z, STM32G431RBT3Z, STM32G471CCT6, STM32G471CCU6, STM32G471CET3, STM32G471CET6, STM32G471CEU3, STM32G471CEU6, STM32G471MCT6, STM32G471MET3, STM32G471MET6, STM32G471MEY6TR, STM32G471QCT6, STM32G471QET3, STM32G471RCT6, STM32G471RET3, STM32G471RET6, STM32G471VCH6, STM32G471VCI6, STM32G471VCT6, STM32G471VEH3, STM32G471VEH6, STM32G471VEI3, STM32G471VEI6, STM32G471VET3, STM32G471VET6, STM32G473QET3Z, STM32G473RET3Z, STM32G474CCT6, STM32G491RET3Z, STM32H503CBT6, STM32H503CBU6, STM32H503EBY6TR, STM32H503KBU6, STM32H503RBT6, STM32H523CCT6, STM32H523CCU6, STM32H523CET6, STM32H523CEU6, STM32H523HEY6TR, STM32H523RCT6, STM32H523RET6, STM32H523VCI6, STM32H523VCT6, STM32H523VEI6, STM32H523VET6, STM32H523ZCJ6, STM32H523ZCT6, STM32H523ZEJ6, STM32H523ZET6, STM32H533CET6, STM32H533CEU6, STM32H533HEY6TR, STM32H533RET6, STM32H533VEI6, STM32H533VET6, STM32H533ZEJ6, STM32H533ZET6, STM32H562AGI6, STM32H562AII6, STM32H562IGK6, STM32H562IGT6, STM32H562IIK6, STM32H562IIT6, STM32H562RGT6, STM32H562RGV6, STM32H562RIT6, STM32H562RIV6, STM32H562VGT6, STM32H562VIT6, STM32H562ZGT6, STM32H562ZIT6, STM32H563AGI6, STM32H563AII3Q, STM32H563AII6, STM32H563IGK6, STM32H563IGT6, STM32H563IIK3Q, STM32H563IIK6, STM32H563IIT3Q, STM32H563IIT6, STM32H563MIY3QTR, STM32H563RGT6, STM32H563RGV6, STM32H563RIT6, STM32H563RIV6, STM32H563VGT6, STM32H563VIT3Q, STM32H563VIT6, STM32H563ZGT6, STM32H563ZIT3Q, STM32H563ZIT6, STM32H573AII3Q, STM32H573AII6, STM32H573I-DK, STM32H573IIK3Q, STM32H573IIK6, STM32H573IIT3Q, STM32H573IIT6, STM32H573MIY3QTR, STM32H573RIT6, STM32H573RIV6, STM32H573VIT3Q, STM32H573VIT6, STM32H573ZIT3Q, STM32H573ZIT6, STM32H7R3A8I6, STM32H7R3I8K6, STM32H7R3I8T6, STM32H7R3L8H6, STM32H7R3L8H6H, STM32H7R3R8V6, STM32H7R3V8H6, STM32H7R3V8T6, STM32H7R3V8Y6TR, STM32H7R3Z8J6, STM32H7R3Z8T6, STM32H7R7A8I6, STM32H7R7I8K6, STM32H7R7I8T6, STM32H7R7L8H6, STM32H7R7L8H6H, STM32H7R7Z8J6, STM32H7S3A8I6, STM32H7S3I8K6, STM32H7S3I8T6, STM32H7S3L8H6, STM32H7S3L8H6H, STM32H7S3R8V6, STM32H7S3V8H6, STM32H7S3V8T6, STM32H7S3V8Y6TR, STM32H7S3Z8J6, STM32H7S3Z8T6, STM32H7S78-DK, STM32H7S7A8I6, STM32H7S7I8K6, STM32H7S7I8T6, STM32H7S7L8H6, STM32H7S7L8H6H, STM32H7S7Z8J6, STM32L4R5QGI6STR, STM32MP131AAE3, STM32MP131AAF3, STM32MP131AAG3, STM32MP131CAE3, STM32MP131CAF3, STM32MP131CAG3, STM32MP131DAE7, STM32MP131DAF7, STM32MP131DAG7, STM32MP131FAE7, STM32MP131FAF7, STM32MP131FAG7, STM32MP133AAE3, STM32MP133AAF3, STM32MP133AAG3, STM32MP133CAE3, STM32MP133CAF3, STM32MP133CAG3, STM32MP133DAE7, STM32MP133DAF7, STM32MP133DAG7, STM32MP133FAE7, STM32MP133FAF7, STM32MP133FAG7, STM32MP135AAE3, STM32MP135AAF3, STM32MP135AAG3, STM32MP135CAE3, STM32MP135CAF3, STM32MP135CAG3, STM32MP135DAE7, STM32MP135DAF7, STM32MP135DAG7, STM32MP135F-DK, STM32MP135FAE7, STM32MP135FAF7, STM32MP135FAF7T, STM32MP135FAF7U, STM32MP135FAG7, STM32MP251AAI3, STM32MP251AAK3, STM32MP251AAL3, STM32MP251CAI3, STM32MP251CAK3, STM32MP251CAL3, STM32MP251DAI3, STM32MP251DAK3, STM32MP251DAL3, STM32MP251FAI3, STM32MP251FAK3, STM32MP251FAL3, STM32MP253AAI3, STM32MP253AAK3, STM32MP253AAL3, STM32MP253CAI3, STM32MP253CAK3, STM32MP253CAL3, STM32MP253DAI3, STM32MP253DAK3, STM32MP253DAL3, STM32MP253FAI3, STM32MP253FAK3, STM32MP253FAL3, STM32MP255AAI3, STM32MP255AAK3, STM32MP255AAL3, STM32MP255CAI3, STM32MP255CAK3, STM32MP255CAL3, STM32MP255DAI3, STM32MP255DAK3, STM32MP255DAL3, STM32MP255FAI3, STM32MP255FAK3, STM32MP255FAL3, STM32MP257AAI3, STM32MP257AAK3, STM32MP257AAL3, STM32MP257CAI3, STM32MP257CAK3, STM32MP257CAL3, STM32MP257DAI3, STM32MP257DAK3, STM32MP257DAL3, STM32MP257F-DK, STM32MP257F-EV1, STM32MP257FAI3, STM32MP257FAK3, STM32MP257FAL3, STM32U031C6T6, STM32U031C6U6, STM32U031C8T6, STM32U031C8U6, STM32U031F4P6, STM32U031F6P6, STM32U031F8P6, STM32U031G6Y6TR, STM32U031G8Y6TR, STM32U031K4U6, STM32U031K6U6, STM32U031K8U6, STM32U031R6I6, STM32U031R6T6, STM32U031R8I6, STM32U031R8T6, STM32U073C8T6, STM32U073C8U6, STM32U073CBT6, STM32U073CBU6, STM32U073CCT6, STM32U073CCU6, STM32U073H8Y6TR, STM32U073HBY6TR, STM32U073HCY6TR, STM32U073K8U6, STM32U073KBU6, STM32U073KCU6, STM32U073M8I6, STM32U073M8T6, STM32U073MBI6, STM32U073MBT6, STM32U073MCI6, STM32U073MCT6, STM32U073R8I6, STM32U073R8T6, STM32U073RBI6, STM32U073RBT6, STM32U073RCI6, STM32U073RCT6, STM32U083C-DK, STM32U083CCT6, STM32U083CCU6, STM32U083HCY6TR, STM32U083KCU6, STM32U083MCI6, STM32U083MCT6, STM32U083RCI6, STM32U083RCT6, STM32U535CBT6, STM32U535CBT6Q, STM32U535CBU6, STM32U535CBU6Q, STM32U535CCT6, STM32U535CCT6Q, STM32U535CCU6, STM32U535CCU6Q, STM32U535CET6, STM32U535CET6Q, STM32U535CEU6, STM32U535CEU6Q, STM32U535JEY6QTR, STM32U535NCY6QTR, STM32U535NEY6QTR, STM32U535RBI6, STM32U535RBI6Q, STM32U535RBT6, STM32U535RBT6Q, STM32U535RCI6, STM32U535RCI6Q, STM32U535RCT6, STM32U535RCT6Q, STM32U535REI6, STM32U535REI6Q, STM32U535RET6, STM32U535RET6Q, STM32U535VCI6, STM32U535VCI6Q, STM32U535VCT6, STM32U535VCT6Q, STM32U535VEI6, STM32U535VEI6Q, STM32U535VET6, STM32U535VET6Q, STM32U545CET6, STM32U545CET6Q, STM32U545CEU6, STM32U545CEU6Q, STM32U545JEY6QTR, STM32U545NEY6QTR, STM32U545REI6, STM32U545REI6Q, STM32U545RET6, STM32U545RET6Q, STM32U545VEI6, STM32U545VEI6Q, STM32U545VET6, STM32U545VET6Q, STM32U595AIH6, STM32U595AIH6Q, STM32U595AJH6, STM32U595AJH6Q, STM32U595QII6, STM32U595QII6Q, STM32U595QJI6, STM32U595QJI6Q, STM32U595RIT6, STM32U595RIT6Q, STM32U595RJT6, STM32U595RJT6Q, STM32U595VIT6, STM32U595VIT6Q, STM32U595VJT6, STM32U595VJT6Q, STM32U595ZIT6, STM32U595ZIT6Q, STM32U595ZIY6QTR, STM32U595ZJT6, STM32U595ZJT6Q, STM32U595ZJY6QTR, STM32U599BJY6QTR, STM32U599NIH6Q, STM32U599NJH6Q, STM32U599VIT6Q, STM32U599VJT6, STM32U599VJT6Q, STM32U599ZIT6Q, STM32U599ZIY6QTR, STM32U599ZJT6Q, STM32U599ZJY6QTR, STM32U5A5AJH6, STM32U5A5AJH6Q, STM32U5A5QII3Q , STM32U5A5QJI6, STM32U5A5QJI6Q, STM32U5A5RJT6, STM32U5A5RJT6Q, STM32U5A5VJT6, STM32U5A5VJT6Q, STM32U5A5ZJT6, STM32U5A5ZJT6Q, STM32U5A5ZJY6QTR, STM32U5A9BJY6QTR, STM32U5A9J-DK, STM32U5A9NJH6Q, STM32U5A9VJT6Q, STM32U5A9ZJT6Q, STM32U5A9ZJY6QTR, STM32U5F7VIT6, STM32U5F7VIT6Q, STM32U5F7VJT6, STM32U5F7VJT6Q, STM32U5F9BJY6QTR, STM32U5F9NJH6Q, STM32U5F9VIT6Q, STM32U5F9VJT6Q, STM32U5F9ZIJ6QTR, STM32U5F9ZIT6Q, STM32U5F9ZJJ6QTR, STM32U5F9ZJT6Q, STM32U5G7VJT6, STM32U5G7VJT6Q, STM32U5G9BJY6QTR, STM32U5G9J-DK1, STM32U5G9J-DK2, STM32U5G9NJH6Q, STM32U5G9VJT6Q, STM32U5G9ZJJ6QTR, STM32U5G9ZJT6Q, STM32WB05KZV6TR, STM32WB05KZV7TR, STM32WB05TZF6TR, STM32WB05TZF7TR, STM32WB06CCF6TR, STM32WB06CCF7TR, STM32WB06CCV6TR, STM32WB06CCV7TR, STM32WB06KCV6TR, STM32WB06KCV7TR, STM32WB07CCF6TR, STM32WB07CCF7TR, STM32WB07CCV6TR, STM32WB07CCV7TR, STM32WB07KCV6TR, STM32WB07KCV7TR, STM32WB09KEV6TR, STM32WB09KEV7TR, STM32WB09TEF6TR, STM32WB09TEF7TR, STM32WB1MMCH6, STM32WBA50KGU6, STM32WBA50KGU6TR, STM32WBA52CEU6, STM32WBA52CEU6TR, STM32WBA52CEU7, STM32WBA52CEU7TR, STM32WBA52CGU6, STM32WBA52CGU6TR, STM32WBA52CGU6U, STM32WBA52CGU7, STM32WBA52CGU7TR, STM32WBA52KEU6, STM32WBA52KEU6TR, STM32WBA52KGU6, STM32WBA52KGU6TR, STM32WBA54CEU6, STM32WBA54CEU6TR, STM32WBA54CEU7, STM32WBA54CEU7TR, STM32WBA54CGU6, STM32WBA54CGU6TR, STM32WBA54CGU7, STM32WBA54CGU7TR, STM32WBA54KEU6, STM32WBA54KEU6TR, STM32WBA54KEU7, STM32WBA54KEU7TR, STM32WBA54KGU6, STM32WBA54KGU6TR, STM32WBA54KGU7, STM32WBA54KGU7TR, STM32WBA55CEU6, STM32WBA55CEU6TR, STM32WBA55CEU7, STM32WBA55CEU7TR, STM32WBA55CGU6, STM32WBA55CGU6TR, STM32WBA55CGU6U, STM32WBA55CGU7, STM32WBA55CGU7TR, STM32WBA55G-DK1, STM32WBA55HEF6, STM32WBA55HEF7, STM32WBA55HGF6, STM32WBA55HGF7, STM32WBA55UEI6, STM32WBA55UEI6TR, STM32WBA55UEI7, STM32WBA55UEI7TR, STM32WBA55UGI6, STM32WBA55UGI6TR, STM32WBA55UGI7, STM32WBA55UGI7TR, STM32WL5MOCH6, STM32WL5MOCH6TR]
2024-11-21 15:48:26,374 [INFO] DbMcus:218 - Found 4252 MCUs, 4252 are supported
2024-11-21 15:48:26,374 [INFO] ApiDb:423 - Load user favorites file C:\Users\Bruno/.stm32cubeide/favorites.mcus.txt: 0 item(s)
2024-11-21 15:48:26,374 [INFO] ApiDb:427 - User favorites MCUs=[]
2024-11-21 15:48:26,374 [INFO] DbMcus:224 - Set 0 / 0 favorites MCUs
2024-11-21 15:48:26,739 [INFO] ApiDb:448 - Save user favorites file C:\Users\Bruno/.stm32cubeide/favorites.boards.txt: 0 item(s)
2024-11-21 15:48:26,739 [INFO] ApiDb:452 - User favorites Boards=[]
2024-11-21 15:48:26,741 [INFO] ApiDb:581 - Connected to CubeFinder SQLite database (C:\Users\Bruno\.stmcufinder\plugins\mcufinder\mcu\cube-finder-db.db)
2024-11-21 15:48:26,811 [INFO] ApiDb:668 - CubeFinder database Data Model version=2.1
2024-11-21 15:48:26,811 [INFO] ApiDb:669 - CubeFinder database Configuration version=3.0.39
2024-11-21 15:48:26,811 [INFO] ApiDb:670 - CubeFinder database generation date=2024-10-15 (1729006872)
2024-11-21 15:48:26,811 [INFO] ApiDb:671 - CubeFinder database FW Pack versions=[FP-ATR-ASTRA1_V2.0.0, FP-SNS-FLIGHT1_V5.0.2, FP-SNS-MOTENV1_V5.0.0, FP-SNS-MOTENVWB1_V1.4.0, FP-SNS-SMARTAG2_V1.2.0, FP-SNS-STBOX1_V2.0.0, STM32Cube_FW_C0_V1.2.0, STM32Cube_FW_F4_V1.28.1, STM32Cube_FW_F7_V1.17.2, STM32Cube_FW_G0_V1.6.2, STM32Cube_FW_G4_V1.6.0, STM32Cube_FW_H5_V1.3.0, STM32Cube_FW_H7RS_V1.1.0, STM32Cube_FW_H7_V1.11.2, STM32Cube_FW_L0_V1.12.2, STM32Cube_FW_L5_V1.5.1, STM32Cube_FW_U0_V1.1.0, STM32Cube_FW_U5_V1.6.0, STM32Cube_FW_WB0_V1.0.0, STM32Cube_FW_WBA_V1.4.1, STM32Cube_FW_WB_V1.20.0, STM32Cube_FW_WL_V1.3.0, X-CUBE-ALGOBUILD_V1.4.0, X-CUBE-ALS_V1.0.2, X-CUBE-AZRTOS-F4_V1.1.0, X-CUBE-AZRTOS-F7_V1.1.0, X-CUBE-AZRTOS-G0_V1.1.0, X-CUBE-AZRTOS-G4_V2.0.0, X-CUBE-AZRTOS-H7RS_V1.0.0, X-CUBE-AZRTOS-H7_V3.3.0, X-CUBE-AZRTOS-L4_V2.0.0, X-CUBE-AZRTOS-L5_V2.0.0, X-CUBE-AZRTOS-WB_V2.0.0, X-CUBE-AZRTOS-WL_V2.0.0, X-CUBE-BLE1_V7.0.0, X-CUBE-BLE2_V3.3.0, X-CUBE-BLEMGR_V3.1.0, X-CUBE-EEPRMA1_V5.1.0, X-CUBE-FREERTOS_V1.2.0, X-CUBE-GNSS1_V6.0.0, X-CUBE-MEMS1_V11.0.0, X-CUBE-NFC4_V3.0.0, X-CUBE-NFC7_V1.0.1, X-CUBE-SFXS2LP1_V4.0.0, X-CUBE-SUBG2_V5.0.0, X-CUBE-TOF1_V3.4.2]
2024-11-21 15:48:26,868 [INFO] DbBoardsSqlite:226 - include board P-NUCLEO-WB55-NUCLEO as a kit item of type 'Nucleo-64'
2024-11-21 15:48:26,869 [INFO] DbBoardsSqlite:226 - include board P-NUCLEO-WB55-USBDONGLE as a kit item of type 'Nucleo USB Dongle'
2024-11-21 15:48:26,869 [INFO] DbBoardsSqlite:226 - include board STEVAL-IDP005V1 as a kit item of type 'Evaluation Board'
2024-11-21 15:48:26,869 [INFO] DbBoardsSqlite:226 - include board STEVAL-IDP005V2 as a kit item of type 'Evaluation Board'
2024-11-21 15:48:26,929 [INFO] ApiDb:240 - Found 646 in-development CPN: [B-G473E-ZEST1S, B-WB1M-WPAN1, B-WL5M-SUBG1, NUCLEO-C031C6, NUCLEO-C071RB, NUCLEO-H503RB, NUCLEO-H533RE, NUCLEO-H563ZI, NUCLEO-H7S3L8, NUCLEO-U031R8, NUCLEO-U083RC, NUCLEO-U545RE-Q, NUCLEO-U5A5ZJ-Q, NUCLEO-WB05KZ, NUCLEO-WB07CC, NUCLEO-WB09KE, NUCLEO-WBA52CG, NUCLEO-WBA55CG, STEVAL-PROTEUS1, STEVAL-SMARTAG2, STEVAL-STWINBX1, STM320518-EVAL, STM32C0116-DK, STM32C011D6Y3TR, STM32C011D6Y6TR, STM32C011F4P3, STM32C011F4P6, STM32C011F4U3, STM32C011F4U6TR, STM32C011F6P3, STM32C011F6P6, STM32C011F6U3, STM32C011F6U6TR, STM32C011J4M3, STM32C011J4M6, STM32C011J6M3, STM32C011J6M6, STM32C0316-DK, STM32C031C4T3, STM32C031C4T6, STM32C031C4U3, STM32C031C4U6, STM32C031C6T3, STM32C031C6T6, STM32C031C6U3, STM32C031C6U6, STM32C031F4P3, STM32C031F4P6, STM32C031F6P3, STM32C031F6P6, STM32C031G4U3, STM32C031G4U6, STM32C031G6U3, STM32C031G6U6, STM32C031K4T3, STM32C031K4T6, STM32C031K4U3, STM32C031K4U6, STM32C031K6T3, STM32C031K6T6, STM32C031K6U3, STM32C031K6U6, STM32C071C8T6, STM32C071C8T6N, STM32C071C8U6, STM32C071C8U6N, STM32C071CBT6, STM32C071CBT6N, STM32C071CBU6, STM32C071CBU6N, STM32C071F8P6, STM32C071F8P6N, STM32C071FBP6, STM32C071FBP6N, STM32C071FBY6TR, STM32C071G8U6, STM32C071G8U6N, STM32C071GBU6, STM32C071GBU6N, STM32C071K8T6, STM32C071K8T6N, STM32C071K8U6, STM32C071K8U6N, STM32C071KBT6, STM32C071KBT6N, STM32C071KBU6, STM32C071KBU6N, STM32C071R8T6, STM32C071R8T6N, STM32C071RBI6N, STM32C071RBT6, STM32C071RBT6N, STM32G071K8TXN, STM32G071K8UXN, STM32G081GBU6N, STM32G081KBT6N, STM32G081KBUXN, STM32G0B1CCT6N, STM32G0B1KCT6, STM32G0B1NEY6TR, STM32G0B1RCT6N, STM32G0C1CCT6, STM32G0C1CCT6N, STM32G0C1CCU6N, STM32G0C1CET6N, STM32G0C1CEU6N, STM32G0C1KCT6, STM32G0C1NEY6TR, STM32G0C1RCI6N, STM32G0C1RCT6N, STM32G0C1REI6N, STM32G0C1RET6N, STM32G0C1VCI6, STM32G0C1VEI6, STM32G411C6T3, STM32G411C6T6, STM32G411C6U3, STM32G411C6U6, STM32G411C8T3, STM32G411C8T6, STM32G411C8U3, STM32G411C8U6, STM32G411CBT3, STM32G411CBT6, STM32G411CBU3, STM32G411CBU6, STM32G411K6T3, STM32G411K6T6, STM32G411K6U3, STM32G411K6U6, STM32G411K8T3, STM32G411K8T6, STM32G411K8U3, STM32G411K8U6, STM32G411KBT3, STM32G411KBT6, STM32G411KBU3, STM32G411KBU6, STM32G411M6T3, STM32G411M6T6, STM32G411M8T3, STM32G411M8T6, STM32G411MBT3, STM32G411MBT6, STM32G411R6T3, STM32G411R6T6, STM32G411R8T3, STM32G411R8T6, STM32G411RBT3, STM32G411RBT6, STM32G414CBT3, STM32G414CBT6, STM32G414CBU3, STM32G414CBU6, STM32G414CCT3, STM32G414CCT6, STM32G414CCU3, STM32G414CCU6, STM32G414MBT3, STM32G414MBT6, STM32G414MCT3, STM32G414MCT6, STM32G414RBT3, STM32G414RBT6, STM32G414RCT3, STM32G414RCT6, STM32G414VBT3, STM32G414VBT6, STM32G414VCT3, STM32G414VCT6, STM32G431CBT3Z, STM32G431RBT3Z, STM32G471CCT6, STM32G471CCU6, STM32G471CET3, STM32G471CET6, STM32G471CEU3, STM32G471CEU6, STM32G471MCT6, STM32G471MET3, STM32G471MET6, STM32G471MEY6TR, STM32G471QCT6, STM32G471QET3, STM32G471RCT6, STM32G471RET3, STM32G471RET6, STM32G471VCH6, STM32G471VCI6, STM32G471VCT6, STM32G471VEH3, STM32G471VEH6, STM32G471VEI3, STM32G471VEI6, STM32G471VET3, STM32G471VET6, STM32G473QET3Z, STM32G473RET3Z, STM32G474CCT6, STM32G491RET3Z, STM32H503CBT6, STM32H503CBU6, STM32H503EBY6TR, STM32H503KBU6, STM32H503RBT6, STM32H523CCT6, STM32H523CCU6, STM32H523CET6, STM32H523CEU6, STM32H523HEY6TR, STM32H523RCT6, STM32H523RET6, STM32H523VCI6, STM32H523VCT6, STM32H523VEI6, STM32H523VET6, STM32H523ZCJ6, STM32H523ZCT6, STM32H523ZEJ6, STM32H523ZET6, STM32H533CET6, STM32H533CEU6, STM32H533HEY6TR, STM32H533RET6, STM32H533VEI6, STM32H533VET6, STM32H533ZEJ6, STM32H533ZET6, STM32H562AGI6, STM32H562AII6, STM32H562IGK6, STM32H562IGT6, STM32H562IIK6, STM32H562IIT6, STM32H562RGT6, STM32H562RGV6, STM32H562RIT6, STM32H562RIV6, STM32H562VGT6, STM32H562VIT6, STM32H562ZGT6, STM32H562ZIT6, STM32H563AGI6, STM32H563AII3Q, STM32H563AII6, STM32H563IGK6, STM32H563IGT6, STM32H563IIK3Q, STM32H563IIK6, STM32H563IIT3Q, STM32H563IIT6, STM32H563MIY3QTR, STM32H563RGT6, STM32H563RGV6, STM32H563RIT6, STM32H563RIV6, STM32H563VGT6, STM32H563VIT3Q, STM32H563VIT6, STM32H563ZGT6, STM32H563ZIT3Q, STM32H563ZIT6, STM32H573AII3Q, STM32H573AII6, STM32H573I-DK, STM32H573IIK3Q, STM32H573IIK6, STM32H573IIT3Q, STM32H573IIT6, STM32H573MIY3QTR, STM32H573RIT6, STM32H573RIV6, STM32H573VIT3Q, STM32H573VIT6, STM32H573ZIT3Q, STM32H573ZIT6, STM32H7R3A8I6, STM32H7R3I8K6, STM32H7R3I8T6, STM32H7R3L8H6, STM32H7R3L8H6H, STM32H7R3R8V6, STM32H7R3V8H6, STM32H7R3V8T6, STM32H7R3V8Y6TR, STM32H7R3Z8J6, STM32H7R3Z8T6, STM32H7R7A8I6, STM32H7R7I8K6, STM32H7R7I8T6, STM32H7R7L8H6, STM32H7R7L8H6H, STM32H7R7Z8J6, STM32H7S3A8I6, STM32H7S3I8K6, STM32H7S3I8T6, STM32H7S3L8H6, STM32H7S3L8H6H, STM32H7S3R8V6, STM32H7S3V8H6, STM32H7S3V8T6, STM32H7S3V8Y6TR, STM32H7S3Z8J6, STM32H7S3Z8T6, STM32H7S78-DK, STM32H7S7A8I6, STM32H7S7I8K6, STM32H7S7I8T6, STM32H7S7L8H6, STM32H7S7L8H6H, STM32H7S7Z8J6, STM32L4R5QGI6STR, STM32MP131AAE3, STM32MP131AAF3, STM32MP131AAG3, STM32MP131CAE3, STM32MP131CAF3, STM32MP131CAG3, STM32MP131DAE7, STM32MP131DAF7, STM32MP131DAG7, STM32MP131FAE7, STM32MP131FAF7, STM32MP131FAG7, STM32MP133AAE3, STM32MP133AAF3, STM32MP133AAG3, STM32MP133CAE3, STM32MP133CAF3, STM32MP133CAG3, STM32MP133DAE7, STM32MP133DAF7, STM32MP133DAG7, STM32MP133FAE7, STM32MP133FAF7, STM32MP133FAG7, STM32MP135AAE3, STM32MP135AAF3, STM32MP135AAG3, STM32MP135CAE3, STM32MP135CAF3, STM32MP135CAG3, STM32MP135DAE7, STM32MP135DAF7, STM32MP135DAG7, STM32MP135F-DK, STM32MP135FAE7, STM32MP135FAF7, STM32MP135FAF7T, STM32MP135FAF7U, STM32MP135FAG7, STM32MP251AAI3, STM32MP251AAK3, STM32MP251AAL3, STM32MP251CAI3, STM32MP251CAK3, STM32MP251CAL3, STM32MP251DAI3, STM32MP251DAK3, STM32MP251DAL3, STM32MP251FAI3, STM32MP251FAK3, STM32MP251FAL3, STM32MP253AAI3, STM32MP253AAK3, STM32MP253AAL3, STM32MP253CAI3, STM32MP253CAK3, STM32MP253CAL3, STM32MP253DAI3, STM32MP253DAK3, STM32MP253DAL3, STM32MP253FAI3, STM32MP253FAK3, STM32MP253FAL3, STM32MP255AAI3, STM32MP255AAK3, STM32MP255AAL3, STM32MP255CAI3, STM32MP255CAK3, STM32MP255CAL3, STM32MP255DAI3, STM32MP255DAK3, STM32MP255DAL3, STM32MP255FAI3, STM32MP255FAK3, STM32MP255FAL3, STM32MP257AAI3, STM32MP257AAK3, STM32MP257AAL3, STM32MP257CAI3, STM32MP257CAK3, STM32MP257CAL3, STM32MP257DAI3, STM32MP257DAK3, STM32MP257DAL3, STM32MP257F-DK, STM32MP257F-EV1, STM32MP257FAI3, STM32MP257FAK3, STM32MP257FAL3, STM32U031C6T6, STM32U031C6U6, STM32U031C8T6, STM32U031C8U6, STM32U031F4P6, STM32U031F6P6, STM32U031F8P6, STM32U031G6Y6TR, STM32U031G8Y6TR, STM32U031K4U6, STM32U031K6U6, STM32U031K8U6, STM32U031R6I6, STM32U031R6T6, STM32U031R8I6, STM32U031R8T6, STM32U073C8T6, STM32U073C8U6, STM32U073CBT6, STM32U073CBU6, STM32U073CCT6, STM32U073CCU6, STM32U073H8Y6TR, STM32U073HBY6TR, STM32U073HCY6TR, STM32U073K8U6, STM32U073KBU6, STM32U073KCU6, STM32U073M8I6, STM32U073M8T6, STM32U073MBI6, STM32U073MBT6, STM32U073MCI6, STM32U073MCT6, STM32U073R8I6, STM32U073R8T6, STM32U073RBI6, STM32U073RBT6, STM32U073RCI6, STM32U073RCT6, STM32U083C-DK, STM32U083CCT6, STM32U083CCU6, STM32U083HCY6TR, STM32U083KCU6, STM32U083MCI6, STM32U083MCT6, STM32U083RCI6, STM32U083RCT6, STM32U535CBT6, STM32U535CBT6Q, STM32U535CBU6, STM32U535CBU6Q, STM32U535CCT6, STM32U535CCT6Q, STM32U535CCU6, STM32U535CCU6Q, STM32U535CET6, STM32U535CET6Q, STM32U535CEU6, STM32U535CEU6Q, STM32U535JEY6QTR, STM32U535NCY6QTR, STM32U535NEY6QTR, STM32U535RBI6, STM32U535RBI6Q, STM32U535RBT6, STM32U535RBT6Q, STM32U535RCI6, STM32U535RCI6Q, STM32U535RCT6, STM32U535RCT6Q, STM32U535REI6, STM32U535REI6Q, STM32U535RET6, STM32U535RET6Q, STM32U535VCI6, STM32U535VCI6Q, STM32U535VCT6, STM32U535VCT6Q, STM32U535VEI6, STM32U535VEI6Q, STM32U535VET6, STM32U535VET6Q, STM32U545CET6, STM32U545CET6Q, STM32U545CEU6, STM32U545CEU6Q, STM32U545JEY6QTR, STM32U545NEY6QTR, STM32U545REI6, STM32U545REI6Q, STM32U545RET6, STM32U545RET6Q, STM32U545VEI6, STM32U545VEI6Q, STM32U545VET6, STM32U545VET6Q, STM32U595AIH6, STM32U595AIH6Q, STM32U595AJH6, STM32U595AJH6Q, STM32U595QII6, STM32U595QII6Q, STM32U595QJI6, STM32U595QJI6Q, STM32U595RIT6, STM32U595RIT6Q, STM32U595RJT6, STM32U595RJT6Q, STM32U595VIT6, STM32U595VIT6Q, STM32U595VJT6, STM32U595VJT6Q, STM32U595ZIT6, STM32U595ZIT6Q, STM32U595ZIY6QTR, STM32U595ZJT6, STM32U595ZJT6Q, STM32U595ZJY6QTR, STM32U599BJY6QTR, STM32U599NIH6Q, STM32U599NJH6Q, STM32U599VIT6Q, STM32U599VJT6, STM32U599VJT6Q, STM32U599ZIT6Q, STM32U599ZIY6QTR, STM32U599ZJT6Q, STM32U599ZJY6QTR, STM32U5A5AJH6, STM32U5A5AJH6Q, STM32U5A5QII3Q , STM32U5A5QJI6, STM32U5A5QJI6Q, STM32U5A5RJT6, STM32U5A5RJT6Q, STM32U5A5VJT6, STM32U5A5VJT6Q, STM32U5A5ZJT6, STM32U5A5ZJT6Q, STM32U5A5ZJY6QTR, STM32U5A9BJY6QTR, STM32U5A9J-DK, STM32U5A9NJH6Q, STM32U5A9VJT6Q, STM32U5A9ZJT6Q, STM32U5A9ZJY6QTR, STM32U5F7VIT6, STM32U5F7VIT6Q, STM32U5F7VJT6, STM32U5F7VJT6Q, STM32U5F9BJY6QTR, STM32U5F9NJH6Q, STM32U5F9VIT6Q, STM32U5F9VJT6Q, STM32U5F9ZIJ6QTR, STM32U5F9ZIT6Q, STM32U5F9ZJJ6QTR, STM32U5F9ZJT6Q, STM32U5G7VJT6, STM32U5G7VJT6Q, STM32U5G9BJY6QTR, STM32U5G9J-DK1, STM32U5G9J-DK2, STM32U5G9NJH6Q, STM32U5G9VJT6Q, STM32U5G9ZJJ6QTR, STM32U5G9ZJT6Q, STM32WB05KZV6TR, STM32WB05KZV7TR, STM32WB05TZF6TR, STM32WB05TZF7TR, STM32WB06CCF6TR, STM32WB06CCF7TR, STM32WB06CCV6TR, STM32WB06CCV7TR, STM32WB06KCV6TR, STM32WB06KCV7TR, STM32WB07CCF6TR, STM32WB07CCF7TR, STM32WB07CCV6TR, STM32WB07CCV7TR, STM32WB07KCV6TR, STM32WB07KCV7TR, STM32WB09KEV6TR, STM32WB09KEV7TR, STM32WB09TEF6TR, STM32WB09TEF7TR, STM32WB1MMCH6, STM32WBA50KGU6, STM32WBA50KGU6TR, STM32WBA52CEU6, STM32WBA52CEU6TR, STM32WBA52CEU7, STM32WBA52CEU7TR, STM32WBA52CGU6, STM32WBA52CGU6TR, STM32WBA52CGU6U, STM32WBA52CGU7, STM32WBA52CGU7TR, STM32WBA52KEU6, STM32WBA52KEU6TR, STM32WBA52KGU6, STM32WBA52KGU6TR, STM32WBA54CEU6, STM32WBA54CEU6TR, STM32WBA54CEU7, STM32WBA54CEU7TR, STM32WBA54CGU6, STM32WBA54CGU6TR, STM32WBA54CGU7, STM32WBA54CGU7TR, STM32WBA54KEU6, STM32WBA54KEU6TR, STM32WBA54KEU7, STM32WBA54KEU7TR, STM32WBA54KGU6, STM32WBA54KGU6TR, STM32WBA54KGU7, STM32WBA54KGU7TR, STM32WBA55CEU6, STM32WBA55CEU6TR, STM32WBA55CEU7, STM32WBA55CEU7TR, STM32WBA55CGU6, STM32WBA55CGU6TR, STM32WBA55CGU6U, STM32WBA55CGU7, STM32WBA55CGU7TR, STM32WBA55G-DK1, STM32WBA55HEF6, STM32WBA55HEF7, STM32WBA55HGF6, STM32WBA55HGF7, STM32WBA55UEI6, STM32WBA55UEI6TR, STM32WBA55UEI7, STM32WBA55UEI7TR, STM32WBA55UGI6, STM32WBA55UGI6TR, STM32WBA55UGI7, STM32WBA55UGI7TR, STM32WL5MOCH6, STM32WL5MOCH6TR]
2024-11-21 15:48:27,102 [INFO] BoardInfo:889 - No configuration file found for board P-NUCLEO-WB55
2024-11-21 15:48:27,103 [INFO] DbBoards:161 - Kit is not supported: P-NUCLEO-WB55
2024-11-21 15:48:27,110 [INFO] BoardInfo:889 - No configuration file found for board STEVAL-BFA001V1B
2024-11-21 15:48:27,110 [INFO] DbBoards:161 - Kit is not supported: STEVAL-BFA001V1B
2024-11-21 15:48:27,111 [INFO] BoardInfo:889 - No configuration file found for board STEVAL-BFA001V2B
2024-11-21 15:48:27,112 [INFO] DbBoards:161 - Kit is not supported: STEVAL-BFA001V2B
2024-11-21 15:48:27,298 [INFO] DbBoards:168 - Found 201 boards, 198 are supported
2024-11-21 15:48:27,298 [INFO] DbBoards:169 - Found 201 boards, 25 of them is supported for  Bsp
2024-11-21 15:48:27,301 [INFO] ApiDb:423 - Load user favorites file C:\Users\Bruno/.stm32cubeide/favorites.boards.txt: 0 item(s)
2024-11-21 15:48:27,301 [INFO] ApiDb:427 - User favorites Boards=[]
2024-11-21 15:48:27,301 [INFO] DbBoards:198 - Set 0 / 0 favorites Boards
2024-11-21 15:48:27,313 [INFO] LoadUrlFilesThread:185 - End of LoadServerUrlFiles without Thread
2024-11-21 15:48:27,313 [INFO] FinderAction:110 - Refresh all data is successful
2024-11-21 15:49:02,630 [INFO] MainUpdater:2873 - connection check result : 10
2024-11-21 15:49:02,728 [INFO] McuFinderGlobals:76 - Set McuFinderConnectedMode to true
2024-11-21 15:49:02,728 [INFO] MultiScanPanel:200 - Auto-refresh data requested => check proxy status ongoing
2024-11-21 15:49:02,729 [INFO] FinderPluginLoader:95 - Searching for filters in installed packs
2024-11-21 15:49:03,374 [INFO] LoadUrlFilesThread:185 - End of LoadServerUrlFiles without Thread
2024-11-21 15:49:03,374 [INFO] DetailPanel:341 - Set advertising image to C:/Users/Bruno/STM32Cube/Repository/\en.prom-stm32c071-usb-memories-mcu-finder.png
2024-11-21 15:49:38,747 [INFO] MicroXplorer:468 - Change Database Path : 
2024-11-21 15:49:38,747 [INFO] MicroXplorer:498 - Change Database Version : DB.6.0.121
2024-11-21 15:49:38,752 [ERROR] ProjectManagerView:394 - 
java.lang.NullPointerException: Cannot invoke "javax.swing.JTextField.getText()" because the return value of "java.util.List.get(int)" is null
	at com.st.microxplorer.plugins.projectmanager.gui.ProjectChoiceTab$10.caretUpdate(ProjectChoiceTab.java:2622) ~[filemanager.jar:?]
	at javax.swing.text.JTextComponent.fireCaretUpdate(JTextComponent.java:412) ~[?:?]
	at javax.swing.text.JTextComponent$MutableCaretEvent.fire(JTextComponent.java:4491) ~[?:?]
	at javax.swing.text.JTextComponent$MutableCaretEvent.stateChanged(JTextComponent.java:4513) ~[?:?]
	at javax.swing.text.DefaultCaret.fireStateChanged(DefaultCaret.java:842) ~[?:?]
	at javax.swing.text.DefaultCaret.changeCaretPosition(DefaultCaret.java:1313) ~[?:?]
	at javax.swing.text.DefaultCaret.handleSetDot(DefaultCaret.java:1212) ~[?:?]
	at javax.swing.text.DefaultCaret.setDot(DefaultCaret.java:1193) ~[?:?]
	at javax.swing.text.DefaultCaret$Handler.insertUpdate(DefaultCaret.java:1789) ~[?:?]
	at javax.swing.text.AbstractDocument.fireInsertUpdate(AbstractDocument.java:226) ~[?:?]
	at javax.swing.text.AbstractDocument.handleInsertString(AbstractDocument.java:780) ~[?:?]
	at javax.swing.text.AbstractDocument.insertString(AbstractDocument.java:739) ~[?:?]
	at javax.swing.text.PlainDocument.insertString(PlainDocument.java:131) ~[?:?]
	at javax.swing.text.AbstractDocument.replace(AbstractDocument.java:698) ~[?:?]
	at javax.swing.text.JTextComponent.setText(JTextComponent.java:1729) ~[?:?]
	at com.st.microxplorer.plugins.projectmanager.gui.ProjectChoiceTab.createHeapStackFields(ProjectChoiceTab.java:972) ~[filemanager.jar:?]
	at com.st.microxplorer.plugins.projectmanager.gui.ProjectChoiceTab.buildLinkSettingsPanel(ProjectChoiceTab.java:3597) ~[filemanager.jar:?]
	at com.st.microxplorer.plugins.projectmanager.gui.ProjectChoiceTab.defineWindowsFields(ProjectChoiceTab.java:1940) ~[filemanager.jar:?]
	at com.st.microxplorer.plugins.projectmanager.gui.ProjectChoiceTab.updateSettings(ProjectChoiceTab.java:550) ~[filemanager.jar:?]
	at com.st.microxplorer.plugins.projectmanager.gui.ProjectSettingsPanel.UpdateDialog(ProjectSettingsPanel.java:245) ~[filemanager.jar:?]
	at com.st.microxplorer.plugins.projectmanager.ProjectManagerView.propertyChange(ProjectManagerView.java:391) ~[filemanager.jar:?]
	at java.beans.PropertyChangeSupport.fire(PropertyChangeSupport.java:343) ~[?:?]
	at java.beans.PropertyChangeSupport.firePropertyChange(PropertyChangeSupport.java:335) ~[?:?]
	at java.beans.PropertyChangeSupport.firePropertyChange(PropertyChangeSupport.java:268) ~[?:?]
	at com.st.microxplorer.util.MXPropertyChangeSupport.firePropertyChange(MXPropertyChangeSupport.java:54) ~[STM32CubeMX.jar:?]
	at com.st.microxplorer.mxsystem.MxSystem.closeConfig(MxSystem.java:900) ~[STM32CubeMX.jar:?]
	at com.st.microxplorer.maingui.MainPanel.closeConfig(MainPanel.java:781) ~[STM32CubeMX.jar:?]
	at com.st.microxplorer.plugins.filemanager.engine.OpenFileManager.loadConfigurationFile(OpenFileManager.java:265) ~[filemanager.jar:?]
	at com.st.microxplorer.plugins.filemanager.engine.MainFileManager.userLoadConfig(MainFileManager.java:352) ~[filemanager.jar:?]
	at com.st.microxplorer.plugins.filemanager.engine.MainFileManager.userLoadConfig(MainFileManager.java:330) ~[filemanager.jar:?]
	at com.st.microxplorer.plugins.filemanager.FileManagerView.getSpecificTask(FileManagerView.java:246) ~[filemanager.jar:?]
	at com.st.stm32cube.common.mx.editor.CubeMxEditor.setupHeadlessMX(CubeMxEditor.java:2651) ~[com.st.stm32cube.common.mx_6.12.1.202409122256/:?]
	at com.st.stm32cube.common.mx.editor.CubeMxEditor$22.run(CubeMxEditor.java:2253) ~[com.st.stm32cube.common.mx_6.12.1.202409122256/:?]
	at com.st.stm32cube.common.mx.oss.core.awtswtbridge.AwtEnvironment$2.run(AwtEnvironment.java:166) ~[com.st.stm32cube.common.mx.oss_6.12.1.202409122256/:?]
	at java.awt.event.InvocationEvent.dispatch(InvocationEvent.java:318) ~[?:?]
	at java.awt.EventQueue.dispatchEventImpl(EventQueue.java:773) ~[?:?]
	at java.awt.EventQueue$4.run(EventQueue.java:720) ~[?:?]
	at java.awt.EventQueue$4.run(EventQueue.java:714) ~[?:?]
	at java.security.AccessController.doPrivileged(AccessController.java:399) ~[?:?]
	at java.security.ProtectionDomain$JavaSecurityAccessImpl.doIntersectionPrivilege(ProtectionDomain.java:86) ~[?:?]
	at java.awt.EventQueue.dispatchEvent(EventQueue.java:742) ~[?:?]
	at java.awt.EventDispatchThread.pumpOneEventForFilters(EventDispatchThread.java:203) ~[?:?]
	at java.awt.EventDispatchThread.pumpEventsForFilter(EventDispatchThread.java:124) ~[?:?]
	at java.awt.EventDispatchThread.pumpEventsForHierarchy(EventDispatchThread.java:113) ~[?:?]
	at java.awt.EventDispatchThread.pumpEvents(EventDispatchThread.java:109) ~[?:?]
	at java.awt.EventDispatchThread.pumpEvents(EventDispatchThread.java:101) ~[?:?]
	at java.awt.EventDispatchThread.run(EventDispatchThread.java:90) ~[?:?]
2024-11-21 15:49:38,753 [WARN] ThirdParty:871 - waiting for thirdparty lock release [close project]
2024-11-21 15:49:38,753 [INFO] ThirdParty:873 - entering critical section [close project]
2024-11-21 15:49:38,753 [INFO] ThirdParty:883 - exiting critical section [close project]
2024-11-21 15:49:38,754 [INFO] PinOutPanel:1561 - setPackage(No Configuration,No Configuration)
2024-11-21 15:49:38,758 [WARN] IpParametersView:151 - Warning: This peripheral hasn't parameters
2024-11-21 15:49:38,761 [WARN] MainPanel:284 - <html><b><center>Warning: This peripheral has no parameters to be configured<br></b></html>
2024-11-21 15:49:38,762 [INFO] UtilMem:75 - Begin LoadConfig() Used Memory: 644269312 Bytes (862978048)
2024-11-21 15:49:38,763 [INFO] MicroXplorer:468 - Change Database Path : 
2024-11-21 15:49:38,763 [INFO] MicroXplorer:498 - Change Database Version : DB.6.0.121
2024-11-21 15:49:38,763 [INFO] OpenFileManager:332 - Change cursor
2024-11-21 15:49:38,770 [INFO] RulesReader:64 - Compatibility file has been processed (297 Rules)
2024-11-21 15:49:38,773 [INFO] Mcu:2032 - Initializing MCU STM32F405RGTx STM32F405RGTx STM32F405RGT6
2024-11-21 15:49:39,818 [INFO] Context:742 - Trying to add GPIOservice into a context  which must be forbidden
2024-11-21 15:49:40,016 [INFO] ImportTextPane:205 - (OptionalMessage_ERROR) Unable to find key (Mcu.ThirdPartyNb) in loaded IOC file
2024-11-21 15:49:40,016 [INFO] ImportTextPane:205 - (OptionalMessage_ERROR) Unable to find key (Mcu.PinsNb) in loaded IOC file
2024-11-21 15:49:40,016 [INFO] ImportTextPane:205 - (OptionalMessage_ERROR) Unable to find key (Mcu.IPNb) in loaded IOC file
2024-11-21 15:49:40,174 [INFO] RtosManager:555 - Registered RTOS mode: class=CMSIS, group=RTOS, mode=CMSIS_V1, owner=FREERTOS
2024-11-21 15:49:40,174 [INFO] RtosManager:555 - Registered RTOS mode: class=CMSIS, group=RTOS2, mode=CMSIS_V2, owner=FREERTOS
2024-11-21 15:49:40,174 [INFO] RtosManager:555 - Registered RTOS mode: class=RTOS, group=Core, mode=CMSIS_V1, owner=FREERTOS
2024-11-21 15:49:40,174 [INFO] RtosManager:555 - Registered RTOS mode: class=RTOS, group=Core, mode=CMSIS_V2, owner=FREERTOS
2024-11-21 15:49:40,174 [WARN] ModelIntegratedComponent:184 - Missing modes for component STMicroelectronics:FreeRTOS:0.0.1:STMicroelectronics:RTOS:FreeRTOS:Core:::10.2.0:
2024-11-21 15:49:40,179 [WARN] ModelIntegratedComponent:63 - No mode defined for component null
2024-11-21 15:49:40,179 [WARN] ModelIntegratedComponent:63 - No mode defined for component null
2024-11-21 15:49:40,179 [WARN] ModelIntegratedComponent:63 - No mode defined for component null
2024-11-21 15:49:40,179 [WARN] ModelIntegratedComponent:63 - No mode defined for component null
2024-11-21 15:49:40,179 [WARN] ModelIntegratedComponent:63 - No mode defined for component null
2024-11-21 15:49:40,179 [WARN] ModelIntegratedComponent:63 - No mode defined for component null
2024-11-21 15:49:40,179 [WARN] ModelIntegratedComponent:63 - No mode defined for component null
2024-11-21 15:49:40,179 [WARN] ModelIntegratedComponent:63 - No mode defined for component null
2024-11-21 15:49:40,179 [WARN] ModelIntegratedComponent:63 - No mode defined for component null
2024-11-21 15:49:40,179 [WARN] ModelIntegratedComponent:63 - No mode defined for component null
2024-11-21 15:49:40,179 [WARN] ModelIntegratedComponent:63 - No mode defined for component null
2024-11-21 15:49:40,179 [WARN] ModelIntegratedComponent:63 - No mode defined for component null
2024-11-21 15:49:40,179 [WARN] ModelIntegratedComponent:63 - No mode defined for component null
2024-11-21 15:49:40,179 [WARN] ModelIntegratedComponent:63 - No mode defined for component null
2024-11-21 15:49:40,179 [WARN] ModelIntegratedComponent:63 - No mode defined for component null
2024-11-21 15:49:40,179 [WARN] ModelIntegratedComponent:63 - No mode defined for component null
2024-11-21 15:49:40,179 [WARN] ModelIntegratedComponent:63 - No mode defined for component null
2024-11-21 15:49:40,179 [WARN] ModelIntegratedComponent:63 - No mode defined for component null
2024-11-21 15:49:40,180 [WARN] ModelIntegratedComponent:63 - No mode defined for component null
2024-11-21 15:49:40,180 [WARN] ModelIntegratedComponent:63 - No mode defined for component null
2024-11-21 15:49:40,180 [WARN] ModelIntegratedComponent:63 - No mode defined for component null
2024-11-21 15:49:40,180 [WARN] ModelIntegratedComponent:63 - No mode defined for component null
2024-11-21 15:49:40,180 [WARN] ModelIntegratedComponent:63 - No mode defined for component null
2024-11-21 15:49:40,180 [WARN] ModelIntegratedComponent:63 - No mode defined for component null
2024-11-21 15:49:40,180 [WARN] ModelIntegratedComponent:63 - No mode defined for component null
2024-11-21 15:49:40,180 [WARN] ModelIntegratedComponent:63 - No mode defined for component null
2024-11-21 15:49:40,180 [WARN] ModelIntegratedComponent:63 - No mode defined for component null
2024-11-21 15:49:40,180 [WARN] ModelIntegratedComponent:63 - No mode defined for component null
2024-11-21 15:49:40,180 [WARN] ModelIntegratedComponent:63 - No mode defined for component null
2024-11-21 15:49:40,180 [WARN] ModelIntegratedComponent:63 - No mode defined for component null
2024-11-21 15:49:40,180 [WARN] ModelIntegratedComponent:63 - No mode defined for component null
2024-11-21 15:49:40,180 [WARN] ModelIntegratedComponent:63 - No mode defined for component null
2024-11-21 15:49:40,180 [WARN] ModelIntegratedComponent:63 - No mode defined for component null
2024-11-21 15:49:40,180 [WARN] ModelIntegratedComponent:63 - No mode defined for component null
2024-11-21 15:49:40,180 [WARN] ModelIntegratedComponent:63 - No mode defined for component null
2024-11-21 15:49:40,180 [WARN] ModelPack:524 - Component already loaded: STMicroelectronics:HAL Drivers:0.0.0:STMicroelectronics:Device:STMicro_Driver:XSPI:HAL::0.0.1:HAL_XSPI
2024-11-21 15:49:40,207 [INFO] ThirdPartyModel:298 - Start build external matchings
2024-11-21 15:49:41,469 [INFO] ThirdPartyModel:316 - End build external matchings
2024-11-21 15:49:41,699 [INFO] UtilMem:75 - End LoadConfig() Used Memory: 282788920 Bytes (862978048)
2024-11-21 15:49:41,713 [WARN] ThirdParty:833 - waiting for thirdparty lock release [change project]
2024-11-21 15:49:41,713 [INFO] ThirdParty:835 - entering critical section [change project]
2024-11-21 15:49:41,713 [INFO] ThirdParty:1030 - CMSIS Pack Vendor :STMicroelectronics USBPD 4.1
2024-11-21 15:49:41,713 [INFO] ThirdParty:1030 - CMSIS Pack Vendor :STMicroelectronics X-CUBE-GNSS1 6.0.0
2024-11-21 15:49:41,713 [INFO] ThirdParty:1030 - CMSIS Pack Vendor :STMicroelectronics USB_HOST 2.0.0
2024-11-21 15:49:41,713 [INFO] ThirdParty:1030 - CMSIS Pack Vendor :STMicroelectronics FP-SNS-MOTENVWB1 1.4.0
2024-11-21 15:49:41,713 [INFO] ThirdParty:1030 - CMSIS Pack Vendor :STMicroelectronics X-CUBE-AZRTOS-F4 1.1.0
2024-11-21 15:49:41,713 [INFO] ThirdParty:1030 - CMSIS Pack Vendor :STMicroelectronics LIBJPEG 8.0.0
2024-11-21 15:49:41,713 [INFO] ThirdParty:1030 - CMSIS Pack Vendor :STMicroelectronics FP-ATR-ASTRA1 2.0.1
2024-11-21 15:49:41,713 [INFO] ThirdParty:1030 - CMSIS Pack Vendor :STMicroelectronics X-CUBE-SMBUS 2.1.0
2024-11-21 15:49:41,713 [INFO] ThirdParty:1030 - CMSIS Pack Vendor :STMicroelectronics X-CUBE-WB05N 1.1.0
2024-11-21 15:49:41,713 [INFO] ThirdParty:1030 - CMSIS Pack Vendor :STMicroelectronics X-CUBE-ISPU 2.1.0
2024-11-21 15:49:41,713 [INFO] ThirdParty:1030 - CMSIS Pack Vendor :STMicroelectronics X-CUBE-FREERTOS 1.2.0
2024-11-21 15:49:41,713 [INFO] ThirdParty:1030 - CMSIS Pack Vendor :STMicroelectronics X-CUBE-MEMS1 9.2.0
2024-11-21 15:49:41,713 [INFO] ThirdParty:1030 - CMSIS Pack Vendor :STMicroelectronics X-CUBE-AZRTOS-F7 1.1.0
2024-11-21 15:49:41,713 [INFO] ThirdParty:1030 - CMSIS Pack Vendor :STMicroelectronics X-CUBE-AZRTOS-L5 2.0.0
2024-11-21 15:49:41,713 [INFO] ThirdParty:1030 - CMSIS Pack Vendor :STMicroelectronics USB_DEVICE 2.0.0
2024-11-21 15:49:41,713 [INFO] ThirdParty:1030 - CMSIS Pack Vendor :STMicroelectronics X-CUBE-NFC6 3.1.0
2024-11-21 15:49:41,713 [INFO] ThirdParty:1030 - CMSIS Pack Vendor :STMicroelectronics X-CUBE-BLE1 6.2.3
2024-11-21 15:49:41,713 [INFO] ThirdParty:1030 - CMSIS Pack Vendor :STMicroelectronics X-CUBE-MEMS1 11.0.0
2024-11-21 15:49:41,713 [INFO] ThirdParty:1030 - CMSIS Pack Vendor :STMicroelectronics FreeRTOS 0.0.1
2024-11-21 15:49:41,713 [INFO] ThirdParty:1030 - CMSIS Pack Vendor :STMicroelectronics X-CUBE-DPower 1.2.0
2024-11-21 15:49:41,713 [INFO] ThirdParty:1030 - CMSIS Pack Vendor :STMicroelectronics FP-SNS-FLIGHT1 5.0.2
2024-11-21 15:49:41,713 [INFO] ThirdParty:1030 - CMSIS Pack Vendor :STMicroelectronics X-CUBE-NFC4 2.0.4
2024-11-21 15:49:41,713 [INFO] ThirdParty:1030 - CMSIS Pack Vendor :STMicroelectronics PDM2PCM 3.3.0
2024-11-21 15:49:41,713 [INFO] ThirdParty:1030 - CMSIS Pack Vendor :STMicroelectronics X-CUBE-TOF1 3.1.0
2024-11-21 15:49:41,713 [INFO] ThirdParty:1030 - CMSIS Pack Vendor :STMicroelectronics X-CUBE-DISPLAY 3.0.0
2024-11-21 15:49:41,713 [INFO] ThirdParty:1030 - CMSIS Pack Vendor :STMicroelectronics X-CUBE-AZRTOS-F4 1.0.0
2024-11-21 15:49:41,713 [INFO] ThirdParty:1030 - CMSIS Pack Vendor :STMicroelectronics X-CUBE-BLE1 7.0.0
2024-11-21 15:49:41,713 [INFO] ThirdParty:1030 - CMSIS Pack Vendor :STMicroelectronics X-CUBE-NFC10 1.0.0
2024-11-21 15:49:41,713 [INFO] ThirdParty:1030 - CMSIS Pack Vendor :STMicroelectronics HAL Drivers 0.0.0
2024-11-21 15:49:41,713 [INFO] ThirdParty:1030 - CMSIS Pack Vendor :STMicroelectronics X-CUBE-NFC7 1.0.1
2024-11-21 15:49:41,714 [INFO] ThirdParty:1030 - CMSIS Pack Vendor :STMicroelectronics MBEDTLS 2.14.1
2024-11-21 15:49:41,714 [INFO] ThirdParty:1030 - CMSIS Pack Vendor :STMicroelectronics X-CUBE-NFC7 1.0.0
2024-11-21 15:49:41,714 [INFO] ThirdParty:1030 - CMSIS Pack Vendor :STMicroelectronics X-CUBE-AI 7.2.0
2024-11-21 15:49:41,714 [INFO] ThirdParty:1030 - CMSIS Pack Vendor :STMicroelectronics X-CUBE-BLEMGR 3.1.0
2024-11-21 15:49:41,714 [INFO] ThirdParty:1030 - CMSIS Pack Vendor :STMicroelectronics FP-SNS-SMARTAG2 1.2.0
2024-11-21 15:49:41,714 [INFO] ThirdParty:1030 - CMSIS Pack Vendor :STMicroelectronics X-CUBE-AZRTOS-WL 2.0.0
2024-11-21 15:49:41,714 [INFO] ThirdParty:1030 - CMSIS Pack Vendor :STMicroelectronics FP-SNS-MOTENV1 5.0.0
2024-11-21 15:49:41,714 [INFO] ThirdParty:1030 - CMSIS Pack Vendor :STMicroelectronics USB_DEVICE 1.0.0
2024-11-21 15:49:41,714 [INFO] ThirdParty:1030 - CMSIS Pack Vendor :wolfSSL I-CUBE-wolfMQTT 1.19.0
2024-11-21 15:49:41,714 [INFO] ThirdParty:1030 - CMSIS Pack Vendor :STMicroelectronics X-CUBE-AZRTOS-L4 2.0.0
2024-11-21 15:49:41,714 [INFO] ThirdParty:1030 - CMSIS Pack Vendor :STMicroelectronics ThreadX 0.0.2
2024-11-21 15:49:41,714 [INFO] ThirdParty:1030 - CMSIS Pack Vendor :WES I-CUBE-Cesium 1.3.0
2024-11-21 15:49:41,714 [INFO] ThirdParty:1030 - CMSIS Pack Vendor :STMicroelectronics lwIP 2.1.2
2024-11-21 15:49:41,714 [INFO] ThirdParty:1030 - CMSIS Pack Vendor :STMicroelectronics X-CUBE-SFXS2LP1 4.0.0
2024-11-21 15:49:41,714 [INFO] ThirdParty:1030 - CMSIS Pack Vendor :STMicroelectronics X-CUBE-BLE2 3.3.0
2024-11-21 15:49:41,714 [INFO] ThirdParty:1030 - CMSIS Pack Vendor :STMicroelectronics X-CUBE-DISPLAY 2.2.0
2024-11-21 15:49:41,714 [INFO] ThirdParty:1030 - CMSIS Pack Vendor :STMicroelectronics PDM2PCM 3.2.0
2024-11-21 15:49:41,714 [INFO] ThirdParty:1030 - CMSIS Pack Vendor :STMicroelectronics X-CUBE-AZRTOS-H7 3.3.0
2024-11-21 15:49:41,714 [INFO] ThirdParty:1030 - CMSIS Pack Vendor :RoweBots I-CUBE-UNISONRTOS 5.5.0-4
2024-11-21 15:49:41,714 [INFO] ThirdParty:1030 - CMSIS Pack Vendor :STMicroelectronics X-CUBE-NFC9 1.0.0
2024-11-21 15:49:41,714 [INFO] ThirdParty:1030 - CMSIS Pack Vendor :STMicroelectronics X-CUBE-AZRTOS-H7 2.1.0
2024-11-21 15:49:41,714 [INFO] ThirdParty:1030 - CMSIS Pack Vendor :wolfSSL I-CUBE-wolfSSL 5.4.0
2024-11-21 15:49:41,714 [INFO] ThirdParty:1030 - CMSIS Pack Vendor :STMicroelectronics USB_DEVICE 3.0.0
2024-11-21 15:49:41,714 [INFO] ThirdParty:1030 - CMSIS Pack Vendor :STMicroelectronics X-CUBE-TCPP 4.1.0
2024-11-21 15:49:41,714 [INFO] ThirdParty:1030 - CMSIS Pack Vendor :STMicroelectronics X-CUBE-IPS 3.0.0
2024-11-21 15:49:41,714 [INFO] ThirdParty:1030 - CMSIS Pack Vendor :STMicroelectronics X-CUBE-AZRTOS-WB 2.0.0
2024-11-21 15:49:41,714 [INFO] ThirdParty:1030 - CMSIS Pack Vendor :STMicroelectronics X-CUBE-GNSS1 7.0.0
2024-11-21 15:49:41,714 [INFO] ThirdParty:1030 - CMSIS Pack Vendor :STMicroelectronics X-CUBE-BLEMGR 1.0.0
2024-11-21 15:49:41,714 [INFO] ThirdParty:1030 - CMSIS Pack Vendor :STMicroelectronics FP-SNS-STBOX1 2.0.0
2024-11-21 15:49:41,714 [INFO] ThirdParty:1030 - CMSIS Pack Vendor :STMicroelectronics X-CUBE-ALGOBUILD 1.3.0
2024-11-21 15:49:41,714 [INFO] ThirdParty:1030 - CMSIS Pack Vendor :STMicroelectronics X-CUBE-AZRTOS-G0 1.1.0
2024-11-21 15:49:41,714 [INFO] ThirdParty:1030 - CMSIS Pack Vendor :STMicroelectronics X-CUBE-SAFEA1 1.2.2
2024-11-21 15:49:41,714 [INFO] ThirdParty:1030 - CMSIS Pack Vendor :STMicroelectronics X-CUBE-NFC4 3.0.0
2024-11-21 15:49:41,714 [INFO] ThirdParty:1030 - CMSIS Pack Vendor :SEGGER I-CUBE-embOS 1.2.0
2024-11-21 15:49:41,714 [INFO] ThirdParty:1030 - CMSIS Pack Vendor :STMicroelectronics X-CUBE-SUBG2 5.0.0
2024-11-21 15:49:41,714 [INFO] ThirdParty:1030 - CMSIS Pack Vendor :STMicroelectronics STM32_WPAN 1.0.0
2024-11-21 15:49:41,714 [INFO] ThirdParty:1030 - CMSIS Pack Vendor :EmbeddedOffice I-CUBE-FS-RTOS 1.0.1
2024-11-21 15:49:41,714 [INFO] ThirdParty:1030 - CMSIS Pack Vendor :STMicroelectronics lwIP 2.0.3
2024-11-21 15:49:41,714 [INFO] ThirdParty:1030 - CMSIS Pack Vendor :Cesanta I-CUBE-Mongoose 7.13.0
2024-11-21 15:49:41,714 [INFO] ThirdParty:1030 - CMSIS Pack Vendor :STMicroelectronics USB_HOST 1.0.0
2024-11-21 15:49:41,715 [INFO] ThirdParty:1030 - CMSIS Pack Vendor :STMicroelectronics X-CUBE-AZRTOS-G4 2.0.0
2024-11-21 15:49:41,715 [INFO] ThirdParty:1030 - CMSIS Pack Vendor :STMicroelectronics PDM2PCM 3.1.0
2024-11-21 15:49:41,715 [INFO] ThirdParty:1030 - CMSIS Pack Vendor :STMicroelectronics FP-ATR-ASTRA1 1.1.0
2024-11-21 15:49:41,715 [INFO] ThirdParty:1030 - CMSIS Pack Vendor :RealThread X-CUBE-RT-Thread_Nano 4.1.1
2024-11-21 15:49:41,715 [INFO] ThirdParty:1030 - CMSIS Pack Vendor :STMicroelectronics FP-ATR-SIGFOX1 3.2.0
2024-11-21 15:49:41,715 [INFO] ThirdParty:1030 - CMSIS Pack Vendor :STMicroelectronics X-CUBE-AZRTOS-G4 1.0.0
2024-11-21 15:49:41,715 [INFO] ThirdParty:1030 - CMSIS Pack Vendor :STMicroelectronics X-CUBE-AZRTOS-L4 1.0.0
2024-11-21 15:49:41,715 [INFO] ThirdParty:1030 - CMSIS Pack Vendor :quantropi X-CUBE-qispace-sdk-base 1.9.3
2024-11-21 15:49:41,715 [INFO] ThirdParty:1030 - CMSIS Pack Vendor :STMicroelectronics X-CUBE-EEPRMA1 5.1.0
2024-11-21 15:49:41,715 [INFO] ThirdParty:1030 - CMSIS Pack Vendor :STMicroelectronics MBEDTLS 2.16.2
2024-11-21 15:49:41,715 [INFO] ThirdParty:1030 - CMSIS Pack Vendor :STMicroelectronics X-CUBE-ALS 1.0.2
2024-11-21 15:49:41,715 [INFO] ThirdParty:1030 - CMSIS Pack Vendor :emotas I-CUBE-CANOPEN 1.1.2
2024-11-21 15:49:41,715 [INFO] ThirdParty:1030 - CMSIS Pack Vendor :STMicroelectronics X-CUBE-TOUCHGFX 4.20.0
2024-11-21 15:49:41,715 [INFO] ThirdParty:1030 - CMSIS Pack Vendor :ITTIA_DB I-CUBE-ITTIADB 8.9.0
2024-11-21 15:49:41,715 [INFO] ThirdParty:1030 - CMSIS Pack Vendor :STMicroelectronics X-CUBE-AZRTOS-WL 1.0.0
2024-11-21 15:49:41,715 [INFO] ThirdParty:1030 - CMSIS Pack Vendor :STMicroelectronics X-CUBE-TOUCHGFX 4.24.1
2024-11-21 15:49:41,715 [INFO] ThirdParty:1030 - CMSIS Pack Vendor :wolfSSL I-CUBE-wolfTPM 3.4.0
2024-11-21 15:49:41,715 [INFO] ThirdParty:1030 - CMSIS Pack Vendor :portGmbH I-Cube-SoM-uGOAL 1.1.0
2024-11-21 15:49:41,715 [INFO] ThirdParty:1030 - CMSIS Pack Vendor :STMicroelectronics X-CUBE-ALS 1.0.1
2024-11-21 15:49:41,715 [INFO] ThirdParty:1030 - CMSIS Pack Vendor :STMicroelectronics ThreadX 1.0.0
2024-11-21 15:49:41,715 [INFO] ThirdParty:1030 - CMSIS Pack Vendor :SEGGER I-CUBE-embOS 1.3.1
2024-11-21 15:49:41,715 [INFO] ThirdParty:1030 - CMSIS Pack Vendor :STMicroelectronics X-CUBE-ALGOBUILD 1.4.0
2024-11-21 15:49:41,715 [INFO] ThirdParty:1030 - CMSIS Pack Vendor :STMicroelectronics X-CUBE-AZRTOS-L5 1.0.0
2024-11-21 15:49:41,715 [INFO] ThirdParty:1030 - CMSIS Pack Vendor :STMicroelectronics X-CUBE-EEPRMA1 3.1.1
2024-11-21 15:49:41,715 [INFO] ThirdParty:1030 - CMSIS Pack Vendor :STMicroelectronics X-CUBE-AZRTOS-H7RS 1.0.0
2024-11-21 15:49:41,715 [INFO] ThirdParty:1030 - CMSIS Pack Vendor :STMicroelectronics FP-ATR-ASTRA1 2.0.0
2024-11-21 15:49:41,715 [INFO] ThirdParty:1030 - CMSIS Pack Vendor :STMicroelectronics X-CUBE-TOF1 3.4.2
2024-11-21 15:49:41,715 [INFO] ThirdParty:1030 - CMSIS Pack Vendor :STMicroelectronics X-CUBE-AI 9.1.0
2024-11-21 15:49:41,715 [INFO] ThirdParty:1030 - CMSIS Pack Vendor :Infineon AIROC-Wi-Fi-Bluetooth-STM32 1.6.1
2024-11-21 15:49:41,715 [INFO] ThirdParty:1030 - CMSIS Pack Vendor :wolfSSL I-CUBE-wolfSSH 1.4.17
2024-11-21 15:49:41,715 [INFO] ThirdParty:841 - exiting critical section [change project]
2024-11-21 15:49:41,856 [INFO] PinOutPanel:1561 - setPackage(No Configuration,No Configuration)
2024-11-21 15:49:41,857 [INFO] PinOutPanel:1561 - setPackage(STM32F405RGTx,LQFP64)
2024-11-21 15:49:42,043 [INFO] UtilMem:75 - Before build in PCC Used Memory: 467244608 Bytes (862978048)
2024-11-21 15:49:42,209 [INFO] UtilMem:75 - After build in PCC Used Memory: 518624832 Bytes (862978048)
2024-11-21 15:49:42,228 [INFO] IPUIPlugin:80 - create IPUIPlugin
2024-11-21 15:49:42,229 [INFO] IPUIPlugin:80 - create IPUIPlugin
2024-11-21 15:49:42,229 [INFO] IPUIPlugin:80 - create IPUIPlugin
2024-11-21 15:49:42,229 [INFO] IPUIPlugin:80 - create IPUIPlugin
2024-11-21 15:49:42,229 [INFO] IPUIPlugin:80 - create IPUIPlugin
2024-11-21 15:49:42,229 [INFO] IPUIPlugin:80 - create IPUIPlugin
2024-11-21 15:49:42,229 [INFO] IPUIPlugin:80 - create IPUIPlugin
2024-11-21 15:49:42,229 [INFO] IPUIPlugin:80 - create IPUIPlugin
2024-11-21 15:49:42,229 [INFO] IPUIPlugin:80 - create IPUIPlugin
2024-11-21 15:49:42,230 [INFO] IPUIPlugin:80 - create IPUIPlugin
2024-11-21 15:49:42,230 [INFO] IPUIPlugin:80 - create IPUIPlugin
2024-11-21 15:49:42,230 [INFO] IPUIPlugin:80 - create IPUIPlugin
2024-11-21 15:49:42,230 [INFO] IPUIPlugin:80 - create IPUIPlugin
2024-11-21 15:49:42,230 [INFO] IPUIPlugin:80 - create IPUIPlugin
2024-11-21 15:49:42,230 [INFO] IPUIPlugin:80 - create IPUIPlugin
2024-11-21 15:49:42,230 [INFO] IPUIPlugin:80 - create IPUIPlugin
2024-11-21 15:49:42,231 [INFO] IPUIPlugin:80 - create IPUIPlugin
2024-11-21 15:49:42,231 [INFO] IPUIPlugin:80 - create IPUIPlugin
2024-11-21 15:49:42,231 [INFO] IPUIPlugin:80 - create IPUIPlugin
2024-11-21 15:49:42,231 [INFO] IPUIPlugin:80 - create IPUIPlugin
2024-11-21 15:49:42,231 [INFO] IPUIPlugin:80 - create IPUIPlugin
2024-11-21 15:49:42,232 [INFO] IPUIPlugin:80 - create IPUIPlugin
2024-11-21 15:49:42,232 [INFO] IPUIPlugin:80 - create IPUIPlugin
2024-11-21 15:49:42,232 [INFO] IPUIPlugin:80 - create IPUIPlugin
2024-11-21 15:49:42,232 [INFO] IPUIPlugin:80 - create IPUIPlugin
2024-11-21 15:49:42,233 [INFO] IPUIPlugin:80 - create IPUIPlugin
2024-11-21 15:49:42,233 [INFO] IPUIPlugin:80 - create IPUIPlugin
2024-11-21 15:49:42,233 [INFO] IPUIPlugin:80 - create IPUIPlugin
2024-11-21 15:49:42,233 [INFO] IPUIPlugin:80 - create IPUIPlugin
2024-11-21 15:49:42,233 [INFO] IPUIPlugin:80 - create IPUIPlugin
2024-11-21 15:49:42,233 [INFO] IPUIPlugin:80 - create IPUIPlugin
2024-11-21 15:49:42,234 [INFO] IPUIPlugin:80 - create IPUIPlugin
2024-11-21 15:49:42,234 [INFO] IPUIPlugin:80 - create IPUIPlugin
2024-11-21 15:49:42,234 [INFO] IPUIPlugin:80 - create IPUIPlugin
2024-11-21 15:49:42,234 [INFO] IPUIPlugin:80 - create IPUIPlugin
2024-11-21 15:49:42,234 [INFO] IPUIPlugin:80 - create IPUIPlugin
2024-11-21 15:49:42,235 [INFO] IPUIPlugin:80 - create IPUIPlugin
2024-11-21 15:49:42,235 [INFO] IPUIPlugin:80 - create IPUIPlugin
2024-11-21 15:49:42,235 [INFO] IPUIPlugin:80 - create IPUIPlugin
2024-11-21 15:49:42,235 [INFO] IPUIPlugin:80 - create IPUIPlugin
2024-11-21 15:49:42,236 [INFO] IPUIPlugin:80 - create IPUIPlugin
2024-11-21 15:49:42,236 [INFO] IPUIPlugin:80 - create IPUIPlugin
2024-11-21 15:49:42,236 [INFO] IPUIPlugin:80 - create IPUIPlugin
2024-11-21 15:49:42,236 [INFO] IPUIPlugin:80 - create IPUIPlugin
2024-11-21 15:49:42,237 [INFO] IPUIPlugin:80 - create IPUIPlugin
2024-11-21 15:49:42,237 [INFO] IPUIPlugin:80 - create IPUIPlugin
2024-11-21 15:49:42,237 [INFO] IPUIPlugin:80 - create IPUIPlugin
2024-11-21 15:49:42,238 [INFO] IPUIPlugin:80 - create IPUIPlugin
2024-11-21 15:49:42,238 [INFO] IPUIPlugin:80 - create IPUIPlugin
2024-11-21 15:49:42,238 [INFO] IPUIPlugin:80 - create IPUIPlugin
2024-11-21 15:49:42,239 [INFO] IPUIPlugin:80 - create IPUIPlugin
2024-11-21 15:49:42,239 [INFO] IPUIPlugin:80 - create IPUIPlugin
2024-11-21 15:49:42,239 [INFO] IPUIPlugin:80 - create IPUIPlugin
2024-11-21 15:49:42,240 [INFO] IPUIPlugin:80 - create IPUIPlugin
2024-11-21 15:49:42,243 [INFO] ApiDbMcu:508 - Load IP Config File for PDM2PCM
2024-11-21 15:49:42,270 [INFO] CADModel:165 - CPN selected for project levelSTM32F405RGT6
2024-11-21 15:49:42,270 [INFO] CADModel:114 - Register for checkConnection events
2024-11-21 15:49:42,316 [INFO] OpenFileManager:363 - Restore cursor
2024-11-21 15:49:42,364 [INFO] UtilMem:75 - End SaveConfig() Used Memory: 584685120 Bytes (862978048)
2024-11-21 15:50:02,021 [INFO] McuFinderGlobals:76 - Set McuFinderConnectedMode to true
2024-11-21 15:50:02,022 [INFO] ApiDb:448 - Save user favorites file C:\Users\Bruno/.stm32cubeide/favorites.mcus.txt: 0 item(s)
2024-11-21 15:50:02,022 [INFO] ApiDb:452 - User favorites MCUs=[]
2024-11-21 15:50:12,844 [INFO] MainUpdater:2873 - connection check result : 10
2024-11-21 15:50:12,937 [INFO] McuFinderGlobals:76 - Set McuFinderConnectedMode to true
2024-11-21 15:50:12,937 [INFO] MultiScanPanel:200 - Auto-refresh data requested => check proxy status ongoing
2024-11-21 15:50:12,938 [INFO] FinderPluginLoader:95 - Searching for filters in installed packs
2024-11-21 15:50:13,626 [INFO] LoadUrlFilesThread:185 - End of LoadServerUrlFiles without Thread
2024-11-21 15:50:13,626 [INFO] DetailPanel:341 - Set advertising image to C:/Users/Bruno/STM32Cube/Repository/\en.prom-stm32c071-usb-memories-mcu-finder.png
2024-11-21 15:50:50,776 [INFO] McuFinderGlobals:76 - Set McuFinderConnectedMode to true
2024-11-21 15:50:50,777 [INFO] ApiDb:448 - Save user favorites file C:\Users\Bruno/.stm32cubeide/favorites.mcus.txt: 0 item(s)
2024-11-21 15:50:50,778 [INFO] ApiDb:452 - User favorites MCUs=[]
2024-11-21 15:54:59,201 [INFO] MainUpdater:2873 - connection check result : 10
2024-11-21 15:54:59,298 [INFO] McuFinderGlobals:76 - Set McuFinderConnectedMode to true
2024-11-21 15:54:59,299 [INFO] MultiScanPanel:200 - Auto-refresh data requested => check proxy status ongoing
2024-11-21 15:54:59,299 [INFO] FinderPluginLoader:95 - Searching for filters in installed packs
2024-11-21 15:55:00,043 [INFO] LoadUrlFilesThread:185 - End of LoadServerUrlFiles without Thread
2024-11-21 15:55:00,043 [INFO] DetailPanel:341 - Set advertising image to C:/Users/Bruno/STM32Cube/Repository/\en.prom-stm32c071-usb-memories-mcu-finder.png
2024-11-21 15:55:00,325 [INFO] MultiScanPanel:728 - adjusting invalid saved split location: -0.27
2024-11-21 15:55:00,448 [INFO] MultiScanPanel:728 - adjusting invalid saved split location: -0.27
2024-11-21 15:55:03,436 [INFO] McuFinderGlobals:76 - Set McuFinderConnectedMode to true
2024-11-21 15:55:03,569 [INFO] ApiDb:448 - Save user favorites file C:\Users\Bruno/.stm32cubeide/favorites.mcus.txt: 0 item(s)
2024-11-21 15:55:03,569 [INFO] ApiDb:452 - User favorites MCUs=[]
2024-11-21 15:55:05,856 [INFO] McuFinderGlobals:63 - Set McuFinder mode to 2 (CubeIDE integrated)
2024-11-21 15:55:05,856 [INFO] UserAuth:179 - activating auth plugin
2024-11-21 15:55:05,858 [INFO] UserAuth:417 - Internet connection configuration mode: 1
2024-11-21 15:57:34,001 [INFO] MainUpdater:2873 - connection check result : 10
2024-11-21 15:57:34,047 [INFO] McuFinderGlobals:76 - Set McuFinderConnectedMode to true
2024-11-21 15:57:34,047 [INFO] MultiScanPanel:200 - Auto-refresh data requested => check proxy status ongoing
2024-11-21 15:57:34,047 [INFO] FinderPluginLoader:95 - Searching for filters in installed packs
2024-11-21 15:57:34,698 [INFO] LoadUrlFilesThread:185 - End of LoadServerUrlFiles without Thread
2024-11-21 15:57:34,698 [INFO] DetailPanel:341 - Set advertising image to C:/Users/Bruno/STM32Cube/Repository/\en.prom-stm32c071-usb-memories-mcu-finder.png
2024-11-21 15:57:35,013 [INFO] MultiScanPanel:728 - adjusting invalid saved split location: -0.07
2024-11-21 15:57:35,132 [INFO] MultiScanPanel:728 - adjusting invalid saved split location: -0.07
2024-11-21 15:58:17,562 [INFO] WebApp:643 - userauth.ini created with success
2024-11-21 15:58:24,789 [INFO] MainUpdater:2873 - connection check result : 10
2024-11-21 15:58:24,887 [INFO] McuFinderGlobals:76 - Set McuFinderConnectedMode to true
2024-11-21 15:58:24,888 [INFO] MultiScanPanel:200 - Auto-refresh data requested => check proxy status ongoing
2024-11-21 15:58:24,888 [INFO] FinderPluginLoader:95 - Searching for filters in installed packs
2024-11-21 15:58:25,620 [INFO] LoadUrlFilesThread:185 - End of LoadServerUrlFiles without Thread
2024-11-21 15:58:25,620 [INFO] DetailPanel:341 - Set advertising image to C:/Users/Bruno/STM32Cube/Repository/\en.prom-stm32c071-usb-memories-mcu-finder.png
2024-11-21 15:58:25,881 [INFO] MultiScanPanel:728 - adjusting invalid saved split location: -0.07
2024-11-21 15:58:25,997 [INFO] MultiScanPanel:728 - adjusting invalid saved split location: -0.07
2024-11-21 15:59:01,056 [INFO] MicroXplorer:468 - Change Database Path : 
2024-11-21 15:59:01,056 [INFO] MicroXplorer:498 - Change Database Version : DB.6.0.121
2024-11-21 15:59:01,070 [ERROR] ProjectManagerView:394 - 
java.lang.NullPointerException: Cannot invoke "javax.swing.JTextField.getText()" because the return value of "java.util.List.get(int)" is null
	at com.st.microxplorer.plugins.projectmanager.gui.ProjectChoiceTab$10.caretUpdate(ProjectChoiceTab.java:2622) ~[filemanager.jar:?]
	at javax.swing.text.JTextComponent.fireCaretUpdate(JTextComponent.java:412) ~[?:?]
	at javax.swing.text.JTextComponent$MutableCaretEvent.fire(JTextComponent.java:4491) ~[?:?]
	at javax.swing.text.JTextComponent$MutableCaretEvent.stateChanged(JTextComponent.java:4513) ~[?:?]
	at javax.swing.text.DefaultCaret.fireStateChanged(DefaultCaret.java:842) ~[?:?]
	at javax.swing.text.DefaultCaret.changeCaretPosition(DefaultCaret.java:1313) ~[?:?]
	at javax.swing.text.DefaultCaret.handleSetDot(DefaultCaret.java:1212) ~[?:?]
	at javax.swing.text.DefaultCaret.setDot(DefaultCaret.java:1193) ~[?:?]
	at javax.swing.text.DefaultCaret$Handler.insertUpdate(DefaultCaret.java:1789) ~[?:?]
	at javax.swing.text.AbstractDocument.fireInsertUpdate(AbstractDocument.java:226) ~[?:?]
	at javax.swing.text.AbstractDocument.handleInsertString(AbstractDocument.java:780) ~[?:?]
	at javax.swing.text.AbstractDocument.insertString(AbstractDocument.java:739) ~[?:?]
	at javax.swing.text.PlainDocument.insertString(PlainDocument.java:131) ~[?:?]
	at javax.swing.text.AbstractDocument.replace(AbstractDocument.java:698) ~[?:?]
	at javax.swing.text.JTextComponent.setText(JTextComponent.java:1729) ~[?:?]
	at com.st.microxplorer.plugins.projectmanager.gui.ProjectChoiceTab.createHeapStackFields(ProjectChoiceTab.java:972) ~[filemanager.jar:?]
	at com.st.microxplorer.plugins.projectmanager.gui.ProjectChoiceTab.buildLinkSettingsPanel(ProjectChoiceTab.java:3597) ~[filemanager.jar:?]
	at com.st.microxplorer.plugins.projectmanager.gui.ProjectChoiceTab.defineWindowsFields(ProjectChoiceTab.java:1940) ~[filemanager.jar:?]
	at com.st.microxplorer.plugins.projectmanager.gui.ProjectChoiceTab.updateSettings(ProjectChoiceTab.java:550) ~[filemanager.jar:?]
	at com.st.microxplorer.plugins.projectmanager.gui.ProjectSettingsPanel.UpdateDialog(ProjectSettingsPanel.java:245) ~[filemanager.jar:?]
	at com.st.microxplorer.plugins.projectmanager.ProjectManagerView.propertyChange(ProjectManagerView.java:391) ~[filemanager.jar:?]
	at java.beans.PropertyChangeSupport.fire(PropertyChangeSupport.java:343) ~[?:?]
	at java.beans.PropertyChangeSupport.firePropertyChange(PropertyChangeSupport.java:335) ~[?:?]
	at java.beans.PropertyChangeSupport.firePropertyChange(PropertyChangeSupport.java:268) ~[?:?]
	at com.st.microxplorer.util.MXPropertyChangeSupport.firePropertyChange(MXPropertyChangeSupport.java:54) ~[STM32CubeMX.jar:?]
	at com.st.microxplorer.mxsystem.MxSystem.closeConfig(MxSystem.java:900) ~[STM32CubeMX.jar:?]
	at com.st.microxplorer.maingui.MainPanel.closeConfig(MainPanel.java:781) ~[STM32CubeMX.jar:?]
	at com.st.microxplorer.plugins.filemanager.engine.OpenFileManager.loadConfigurationFile(OpenFileManager.java:265) ~[filemanager.jar:?]
	at com.st.microxplorer.plugins.filemanager.engine.MainFileManager.userLoadConfig(MainFileManager.java:352) ~[filemanager.jar:?]
	at com.st.microxplorer.plugins.filemanager.engine.MainFileManager.userLoadConfig(MainFileManager.java:330) ~[filemanager.jar:?]
	at com.st.microxplorer.plugins.filemanager.FileManagerView.getSpecificTask(FileManagerView.java:246) ~[filemanager.jar:?]
	at com.st.stm32cube.common.mx.editor.CubeMxEditor.setupHeadlessMX(CubeMxEditor.java:2651) ~[com.st.stm32cube.common.mx_6.12.1.202409122256/:?]
	at com.st.stm32cube.common.mx.editor.CubeMxEditor$22.run(CubeMxEditor.java:2253) ~[com.st.stm32cube.common.mx_6.12.1.202409122256/:?]
	at com.st.stm32cube.common.mx.oss.core.awtswtbridge.AwtEnvironment$2.run(AwtEnvironment.java:166) ~[com.st.stm32cube.common.mx.oss_6.12.1.202409122256/:?]
	at java.awt.event.InvocationEvent.dispatch(InvocationEvent.java:318) ~[?:?]
	at java.awt.EventQueue.dispatchEventImpl(EventQueue.java:773) ~[?:?]
	at java.awt.EventQueue$4.run(EventQueue.java:720) ~[?:?]
	at java.awt.EventQueue$4.run(EventQueue.java:714) ~[?:?]
	at java.security.AccessController.doPrivileged(AccessController.java:399) ~[?:?]
	at java.security.ProtectionDomain$JavaSecurityAccessImpl.doIntersectionPrivilege(ProtectionDomain.java:86) ~[?:?]
	at java.awt.EventQueue.dispatchEvent(EventQueue.java:742) ~[?:?]
	at java.awt.EventDispatchThread.pumpOneEventForFilters(EventDispatchThread.java:203) ~[?:?]
	at java.awt.EventDispatchThread.pumpEventsForFilter(EventDispatchThread.java:124) ~[?:?]
	at java.awt.EventDispatchThread.pumpEventsForHierarchy(EventDispatchThread.java:113) ~[?:?]
	at java.awt.EventDispatchThread.pumpEvents(EventDispatchThread.java:109) ~[?:?]
	at java.awt.EventDispatchThread.pumpEvents(EventDispatchThread.java:101) ~[?:?]
	at java.awt.EventDispatchThread.run(EventDispatchThread.java:90) ~[?:?]
2024-11-21 15:59:01,071 [WARN] ThirdParty:871 - waiting for thirdparty lock release [close project]
2024-11-21 15:59:01,071 [INFO] ThirdParty:873 - entering critical section [close project]
2024-11-21 15:59:01,071 [INFO] ThirdParty:883 - exiting critical section [close project]
2024-11-21 15:59:01,072 [INFO] PinOutPanel:1561 - setPackage(No Configuration,No Configuration)
2024-11-21 15:59:01,078 [WARN] IpParametersView:151 - Warning: This peripheral hasn't parameters
2024-11-21 15:59:01,082 [WARN] MainPanel:284 - <html><b><center>Warning: This peripheral has no parameters to be configured<br></b></html>
2024-11-21 15:59:01,085 [INFO] UtilMem:75 - Begin LoadConfig() Used Memory: 572125200 Bytes (892338176)
2024-11-21 15:59:01,085 [INFO] MicroXplorer:468 - Change Database Path : 
2024-11-21 15:59:01,085 [INFO] MicroXplorer:498 - Change Database Version : DB.6.0.121
2024-11-21 15:59:01,086 [INFO] OpenFileManager:332 - Change cursor
2024-11-21 15:59:01,101 [INFO] RulesReader:64 - Compatibility file has been processed (297 Rules)
2024-11-21 15:59:01,103 [INFO] Mcu:2032 - Initializing MCU STM32F405RGTx STM32F405RGTx STM32F405RGT6
2024-11-21 15:59:02,341 [INFO] Context:742 - Trying to add GPIOservice into a context  which must be forbidden
2024-11-21 15:59:02,548 [INFO] ImportTextPane:205 - (OptionalMessage_ERROR) Unable to find key (Mcu.ThirdPartyNb) in loaded IOC file
2024-11-21 15:59:02,548 [INFO] ImportTextPane:205 - (OptionalMessage_ERROR) Unable to find key (Mcu.PinsNb) in loaded IOC file
2024-11-21 15:59:02,548 [INFO] ImportTextPane:205 - (OptionalMessage_ERROR) Unable to find key (Mcu.IPNb) in loaded IOC file
2024-11-21 15:59:02,721 [INFO] RtosManager:555 - Registered RTOS mode: class=CMSIS, group=RTOS, mode=CMSIS_V1, owner=FREERTOS
2024-11-21 15:59:02,721 [INFO] RtosManager:555 - Registered RTOS mode: class=CMSIS, group=RTOS2, mode=CMSIS_V2, owner=FREERTOS
2024-11-21 15:59:02,721 [INFO] RtosManager:555 - Registered RTOS mode: class=RTOS, group=Core, mode=CMSIS_V1, owner=FREERTOS
2024-11-21 15:59:02,721 [INFO] RtosManager:555 - Registered RTOS mode: class=RTOS, group=Core, mode=CMSIS_V2, owner=FREERTOS
2024-11-21 15:59:02,721 [WARN] ModelIntegratedComponent:184 - Missing modes for component STMicroelectronics:FreeRTOS:0.0.1:STMicroelectronics:RTOS:FreeRTOS:Core:::10.2.0:
2024-11-21 15:59:02,724 [WARN] ModelIntegratedComponent:63 - No mode defined for component null
2024-11-21 15:59:02,725 [WARN] ModelIntegratedComponent:63 - No mode defined for component null
2024-11-21 15:59:02,725 [WARN] ModelIntegratedComponent:63 - No mode defined for component null
2024-11-21 15:59:02,725 [WARN] ModelIntegratedComponent:63 - No mode defined for component null
2024-11-21 15:59:02,725 [WARN] ModelIntegratedComponent:63 - No mode defined for component null
2024-11-21 15:59:02,725 [WARN] ModelIntegratedComponent:63 - No mode defined for component null
2024-11-21 15:59:02,725 [WARN] ModelIntegratedComponent:63 - No mode defined for component null
2024-11-21 15:59:02,725 [WARN] ModelIntegratedComponent:63 - No mode defined for component null
2024-11-21 15:59:02,725 [WARN] ModelIntegratedComponent:63 - No mode defined for component null
2024-11-21 15:59:02,725 [WARN] ModelIntegratedComponent:63 - No mode defined for component null
2024-11-21 15:59:02,725 [WARN] ModelIntegratedComponent:63 - No mode defined for component null
2024-11-21 15:59:02,725 [WARN] ModelIntegratedComponent:63 - No mode defined for component null
2024-11-21 15:59:02,725 [WARN] ModelIntegratedComponent:63 - No mode defined for component null
2024-11-21 15:59:02,725 [WARN] ModelIntegratedComponent:63 - No mode defined for component null
2024-11-21 15:59:02,725 [WARN] ModelIntegratedComponent:63 - No mode defined for component null
2024-11-21 15:59:02,725 [WARN] ModelIntegratedComponent:63 - No mode defined for component null
2024-11-21 15:59:02,725 [WARN] ModelIntegratedComponent:63 - No mode defined for component null
2024-11-21 15:59:02,725 [WARN] ModelIntegratedComponent:63 - No mode defined for component null
2024-11-21 15:59:02,725 [WARN] ModelIntegratedComponent:63 - No mode defined for component null
2024-11-21 15:59:02,725 [WARN] ModelIntegratedComponent:63 - No mode defined for component null
2024-11-21 15:59:02,725 [WARN] ModelIntegratedComponent:63 - No mode defined for component null
2024-11-21 15:59:02,725 [WARN] ModelIntegratedComponent:63 - No mode defined for component null
2024-11-21 15:59:02,725 [WARN] ModelIntegratedComponent:63 - No mode defined for component null
2024-11-21 15:59:02,725 [WARN] ModelIntegratedComponent:63 - No mode defined for component null
2024-11-21 15:59:02,725 [WARN] ModelIntegratedComponent:63 - No mode defined for component null
2024-11-21 15:59:02,725 [WARN] ModelIntegratedComponent:63 - No mode defined for component null
2024-11-21 15:59:02,725 [WARN] ModelIntegratedComponent:63 - No mode defined for component null
2024-11-21 15:59:02,725 [WARN] ModelIntegratedComponent:63 - No mode defined for component null
2024-11-21 15:59:02,725 [WARN] ModelIntegratedComponent:63 - No mode defined for component null
2024-11-21 15:59:02,725 [WARN] ModelIntegratedComponent:63 - No mode defined for component null
2024-11-21 15:59:02,725 [WARN] ModelIntegratedComponent:63 - No mode defined for component null
2024-11-21 15:59:02,726 [WARN] ModelIntegratedComponent:63 - No mode defined for component null
2024-11-21 15:59:02,726 [WARN] ModelIntegratedComponent:63 - No mode defined for component null
2024-11-21 15:59:02,726 [WARN] ModelIntegratedComponent:63 - No mode defined for component null
2024-11-21 15:59:02,726 [WARN] ModelIntegratedComponent:63 - No mode defined for component null
2024-11-21 15:59:02,726 [WARN] ModelPack:524 - Component already loaded: STMicroelectronics:HAL Drivers:0.0.0:STMicroelectronics:Device:STMicro_Driver:XSPI:HAL::0.0.1:HAL_XSPI
2024-11-21 15:59:02,753 [INFO] ThirdPartyModel:298 - Start build external matchings
2024-11-21 15:59:04,025 [INFO] ThirdPartyModel:316 - End build external matchings
2024-11-21 15:59:04,267 [INFO] UtilMem:75 - End LoadConfig() Used Memory: 431630352 Bytes (940572672)
2024-11-21 15:59:04,282 [WARN] ThirdParty:833 - waiting for thirdparty lock release [change project]
2024-11-21 15:59:04,282 [INFO] ThirdParty:835 - entering critical section [change project]
2024-11-21 15:59:04,282 [INFO] ThirdParty:1030 - CMSIS Pack Vendor :STMicroelectronics USBPD 4.1
2024-11-21 15:59:04,282 [INFO] ThirdParty:1030 - CMSIS Pack Vendor :STMicroelectronics X-CUBE-GNSS1 6.0.0
2024-11-21 15:59:04,282 [INFO] ThirdParty:1030 - CMSIS Pack Vendor :STMicroelectronics USB_HOST 2.0.0
2024-11-21 15:59:04,283 [INFO] ThirdParty:1030 - CMSIS Pack Vendor :STMicroelectronics FP-SNS-MOTENVWB1 1.4.0
2024-11-21 15:59:04,283 [INFO] ThirdParty:1030 - CMSIS Pack Vendor :STMicroelectronics X-CUBE-AZRTOS-F4 1.1.0
2024-11-21 15:59:04,283 [INFO] ThirdParty:1030 - CMSIS Pack Vendor :STMicroelectronics LIBJPEG 8.0.0
2024-11-21 15:59:04,283 [INFO] ThirdParty:1030 - CMSIS Pack Vendor :STMicroelectronics FP-ATR-ASTRA1 2.0.1
2024-11-21 15:59:04,283 [INFO] ThirdParty:1030 - CMSIS Pack Vendor :STMicroelectronics X-CUBE-SMBUS 2.1.0
2024-11-21 15:59:04,283 [INFO] ThirdParty:1030 - CMSIS Pack Vendor :STMicroelectronics X-CUBE-WB05N 1.1.0
2024-11-21 15:59:04,283 [INFO] ThirdParty:1030 - CMSIS Pack Vendor :STMicroelectronics X-CUBE-ISPU 2.1.0
2024-11-21 15:59:04,283 [INFO] ThirdParty:1030 - CMSIS Pack Vendor :STMicroelectronics X-CUBE-FREERTOS 1.2.0
2024-11-21 15:59:04,283 [INFO] ThirdParty:1030 - CMSIS Pack Vendor :STMicroelectronics X-CUBE-MEMS1 9.2.0
2024-11-21 15:59:04,283 [INFO] ThirdParty:1030 - CMSIS Pack Vendor :STMicroelectronics X-CUBE-AZRTOS-F7 1.1.0
2024-11-21 15:59:04,283 [INFO] ThirdParty:1030 - CMSIS Pack Vendor :STMicroelectronics X-CUBE-AZRTOS-L5 2.0.0
2024-11-21 15:59:04,283 [INFO] ThirdParty:1030 - CMSIS Pack Vendor :STMicroelectronics USB_DEVICE 2.0.0
2024-11-21 15:59:04,283 [INFO] ThirdParty:1030 - CMSIS Pack Vendor :STMicroelectronics X-CUBE-NFC6 3.1.0
2024-11-21 15:59:04,283 [INFO] ThirdParty:1030 - CMSIS Pack Vendor :STMicroelectronics X-CUBE-BLE1 6.2.3
2024-11-21 15:59:04,283 [INFO] ThirdParty:1030 - CMSIS Pack Vendor :STMicroelectronics X-CUBE-MEMS1 11.0.0
2024-11-21 15:59:04,283 [INFO] ThirdParty:1030 - CMSIS Pack Vendor :STMicroelectronics FreeRTOS 0.0.1
2024-11-21 15:59:04,283 [INFO] ThirdParty:1030 - CMSIS Pack Vendor :STMicroelectronics X-CUBE-DPower 1.2.0
2024-11-21 15:59:04,283 [INFO] ThirdParty:1030 - CMSIS Pack Vendor :STMicroelectronics FP-SNS-FLIGHT1 5.0.2
2024-11-21 15:59:04,283 [INFO] ThirdParty:1030 - CMSIS Pack Vendor :STMicroelectronics X-CUBE-NFC4 2.0.4
2024-11-21 15:59:04,283 [INFO] ThirdParty:1030 - CMSIS Pack Vendor :STMicroelectronics PDM2PCM 3.3.0
2024-11-21 15:59:04,283 [INFO] ThirdParty:1030 - CMSIS Pack Vendor :STMicroelectronics X-CUBE-TOF1 3.1.0
2024-11-21 15:59:04,283 [INFO] ThirdParty:1030 - CMSIS Pack Vendor :STMicroelectronics X-CUBE-DISPLAY 3.0.0
2024-11-21 15:59:04,283 [INFO] ThirdParty:1030 - CMSIS Pack Vendor :STMicroelectronics X-CUBE-AZRTOS-F4 1.0.0
2024-11-21 15:59:04,283 [INFO] ThirdParty:1030 - CMSIS Pack Vendor :STMicroelectronics X-CUBE-BLE1 7.0.0
2024-11-21 15:59:04,283 [INFO] ThirdParty:1030 - CMSIS Pack Vendor :STMicroelectronics X-CUBE-NFC10 1.0.0
2024-11-21 15:59:04,283 [INFO] ThirdParty:1030 - CMSIS Pack Vendor :STMicroelectronics HAL Drivers 0.0.0
2024-11-21 15:59:04,283 [INFO] ThirdParty:1030 - CMSIS Pack Vendor :STMicroelectronics X-CUBE-NFC7 1.0.1
2024-11-21 15:59:04,283 [INFO] ThirdParty:1030 - CMSIS Pack Vendor :STMicroelectronics MBEDTLS 2.14.1
2024-11-21 15:59:04,283 [INFO] ThirdParty:1030 - CMSIS Pack Vendor :STMicroelectronics X-CUBE-NFC7 1.0.0
2024-11-21 15:59:04,283 [INFO] ThirdParty:1030 - CMSIS Pack Vendor :STMicroelectronics X-CUBE-AI 7.2.0
2024-11-21 15:59:04,283 [INFO] ThirdParty:1030 - CMSIS Pack Vendor :STMicroelectronics X-CUBE-BLEMGR 3.1.0
2024-11-21 15:59:04,283 [INFO] ThirdParty:1030 - CMSIS Pack Vendor :STMicroelectronics FP-SNS-SMARTAG2 1.2.0
2024-11-21 15:59:04,283 [INFO] ThirdParty:1030 - CMSIS Pack Vendor :STMicroelectronics X-CUBE-AZRTOS-WL 2.0.0
2024-11-21 15:59:04,283 [INFO] ThirdParty:1030 - CMSIS Pack Vendor :STMicroelectronics FP-SNS-MOTENV1 5.0.0
2024-11-21 15:59:04,283 [INFO] ThirdParty:1030 - CMSIS Pack Vendor :STMicroelectronics USB_DEVICE 1.0.0
2024-11-21 15:59:04,283 [INFO] ThirdParty:1030 - CMSIS Pack Vendor :wolfSSL I-CUBE-wolfMQTT 1.19.0
2024-11-21 15:59:04,283 [INFO] ThirdParty:1030 - CMSIS Pack Vendor :STMicroelectronics X-CUBE-AZRTOS-L4 2.0.0
2024-11-21 15:59:04,283 [INFO] ThirdParty:1030 - CMSIS Pack Vendor :STMicroelectronics ThreadX 0.0.2
2024-11-21 15:59:04,283 [INFO] ThirdParty:1030 - CMSIS Pack Vendor :WES I-CUBE-Cesium 1.3.0
2024-11-21 15:59:04,283 [INFO] ThirdParty:1030 - CMSIS Pack Vendor :STMicroelectronics lwIP 2.1.2
2024-11-21 15:59:04,283 [INFO] ThirdParty:1030 - CMSIS Pack Vendor :STMicroelectronics X-CUBE-SFXS2LP1 4.0.0
2024-11-21 15:59:04,283 [INFO] ThirdParty:1030 - CMSIS Pack Vendor :STMicroelectronics X-CUBE-BLE2 3.3.0
2024-11-21 15:59:04,283 [INFO] ThirdParty:1030 - CMSIS Pack Vendor :STMicroelectronics X-CUBE-DISPLAY 2.2.0
2024-11-21 15:59:04,284 [INFO] ThirdParty:1030 - CMSIS Pack Vendor :STMicroelectronics PDM2PCM 3.2.0
2024-11-21 15:59:04,284 [INFO] ThirdParty:1030 - CMSIS Pack Vendor :STMicroelectronics X-CUBE-AZRTOS-H7 3.3.0
2024-11-21 15:59:04,284 [INFO] ThirdParty:1030 - CMSIS Pack Vendor :RoweBots I-CUBE-UNISONRTOS 5.5.0-4
2024-11-21 15:59:04,284 [INFO] ThirdParty:1030 - CMSIS Pack Vendor :STMicroelectronics X-CUBE-NFC9 1.0.0
2024-11-21 15:59:04,284 [INFO] ThirdParty:1030 - CMSIS Pack Vendor :STMicroelectronics X-CUBE-AZRTOS-H7 2.1.0
2024-11-21 15:59:04,284 [INFO] ThirdParty:1030 - CMSIS Pack Vendor :wolfSSL I-CUBE-wolfSSL 5.4.0
2024-11-21 15:59:04,284 [INFO] ThirdParty:1030 - CMSIS Pack Vendor :STMicroelectronics USB_DEVICE 3.0.0
2024-11-21 15:59:04,284 [INFO] ThirdParty:1030 - CMSIS Pack Vendor :STMicroelectronics X-CUBE-TCPP 4.1.0
2024-11-21 15:59:04,284 [INFO] ThirdParty:1030 - CMSIS Pack Vendor :STMicroelectronics X-CUBE-IPS 3.0.0
2024-11-21 15:59:04,284 [INFO] ThirdParty:1030 - CMSIS Pack Vendor :STMicroelectronics X-CUBE-AZRTOS-WB 2.0.0
2024-11-21 15:59:04,284 [INFO] ThirdParty:1030 - CMSIS Pack Vendor :STMicroelectronics X-CUBE-GNSS1 7.0.0
2024-11-21 15:59:04,284 [INFO] ThirdParty:1030 - CMSIS Pack Vendor :STMicroelectronics X-CUBE-BLEMGR 1.0.0
2024-11-21 15:59:04,284 [INFO] ThirdParty:1030 - CMSIS Pack Vendor :STMicroelectronics FP-SNS-STBOX1 2.0.0
2024-11-21 15:59:04,284 [INFO] ThirdParty:1030 - CMSIS Pack Vendor :STMicroelectronics X-CUBE-ALGOBUILD 1.3.0
2024-11-21 15:59:04,284 [INFO] ThirdParty:1030 - CMSIS Pack Vendor :STMicroelectronics X-CUBE-AZRTOS-G0 1.1.0
2024-11-21 15:59:04,284 [INFO] ThirdParty:1030 - CMSIS Pack Vendor :STMicroelectronics X-CUBE-SAFEA1 1.2.2
2024-11-21 15:59:04,284 [INFO] ThirdParty:1030 - CMSIS Pack Vendor :STMicroelectronics X-CUBE-NFC4 3.0.0
2024-11-21 15:59:04,284 [INFO] ThirdParty:1030 - CMSIS Pack Vendor :SEGGER I-CUBE-embOS 1.2.0
2024-11-21 15:59:04,284 [INFO] ThirdParty:1030 - CMSIS Pack Vendor :STMicroelectronics X-CUBE-SUBG2 5.0.0
2024-11-21 15:59:04,284 [INFO] ThirdParty:1030 - CMSIS Pack Vendor :STMicroelectronics STM32_WPAN 1.0.0
2024-11-21 15:59:04,284 [INFO] ThirdParty:1030 - CMSIS Pack Vendor :EmbeddedOffice I-CUBE-FS-RTOS 1.0.1
2024-11-21 15:59:04,284 [INFO] ThirdParty:1030 - CMSIS Pack Vendor :STMicroelectronics lwIP 2.0.3
2024-11-21 15:59:04,284 [INFO] ThirdParty:1030 - CMSIS Pack Vendor :Cesanta I-CUBE-Mongoose 7.13.0
2024-11-21 15:59:04,284 [INFO] ThirdParty:1030 - CMSIS Pack Vendor :STMicroelectronics USB_HOST 1.0.0
2024-11-21 15:59:04,284 [INFO] ThirdParty:1030 - CMSIS Pack Vendor :STMicroelectronics X-CUBE-AZRTOS-G4 2.0.0
2024-11-21 15:59:04,284 [INFO] ThirdParty:1030 - CMSIS Pack Vendor :STMicroelectronics PDM2PCM 3.1.0
2024-11-21 15:59:04,284 [INFO] ThirdParty:1030 - CMSIS Pack Vendor :STMicroelectronics FP-ATR-ASTRA1 1.1.0
2024-11-21 15:59:04,284 [INFO] ThirdParty:1030 - CMSIS Pack Vendor :RealThread X-CUBE-RT-Thread_Nano 4.1.1
2024-11-21 15:59:04,284 [INFO] ThirdParty:1030 - CMSIS Pack Vendor :STMicroelectronics FP-ATR-SIGFOX1 3.2.0
2024-11-21 15:59:04,284 [INFO] ThirdParty:1030 - CMSIS Pack Vendor :STMicroelectronics X-CUBE-AZRTOS-G4 1.0.0
2024-11-21 15:59:04,284 [INFO] ThirdParty:1030 - CMSIS Pack Vendor :STMicroelectronics X-CUBE-AZRTOS-L4 1.0.0
2024-11-21 15:59:04,284 [INFO] ThirdParty:1030 - CMSIS Pack Vendor :quantropi X-CUBE-qispace-sdk-base 1.9.3
2024-11-21 15:59:04,284 [INFO] ThirdParty:1030 - CMSIS Pack Vendor :STMicroelectronics X-CUBE-EEPRMA1 5.1.0
2024-11-21 15:59:04,284 [INFO] ThirdParty:1030 - CMSIS Pack Vendor :STMicroelectronics MBEDTLS 2.16.2
2024-11-21 15:59:04,284 [INFO] ThirdParty:1030 - CMSIS Pack Vendor :STMicroelectronics X-CUBE-ALS 1.0.2
2024-11-21 15:59:04,284 [INFO] ThirdParty:1030 - CMSIS Pack Vendor :emotas I-CUBE-CANOPEN 1.1.2
2024-11-21 15:59:04,284 [INFO] ThirdParty:1030 - CMSIS Pack Vendor :STMicroelectronics X-CUBE-TOUCHGFX 4.20.0
2024-11-21 15:59:04,284 [INFO] ThirdParty:1030 - CMSIS Pack Vendor :ITTIA_DB I-CUBE-ITTIADB 8.9.0
2024-11-21 15:59:04,284 [INFO] ThirdParty:1030 - CMSIS Pack Vendor :STMicroelectronics X-CUBE-AZRTOS-WL 1.0.0
2024-11-21 15:59:04,284 [INFO] ThirdParty:1030 - CMSIS Pack Vendor :STMicroelectronics X-CUBE-TOUCHGFX 4.24.1
2024-11-21 15:59:04,284 [INFO] ThirdParty:1030 - CMSIS Pack Vendor :wolfSSL I-CUBE-wolfTPM 3.4.0
2024-11-21 15:59:04,284 [INFO] ThirdParty:1030 - CMSIS Pack Vendor :portGmbH I-Cube-SoM-uGOAL 1.1.0
2024-11-21 15:59:04,284 [INFO] ThirdParty:1030 - CMSIS Pack Vendor :STMicroelectronics X-CUBE-ALS 1.0.1
2024-11-21 15:59:04,285 [INFO] ThirdParty:1030 - CMSIS Pack Vendor :STMicroelectronics ThreadX 1.0.0
2024-11-21 15:59:04,285 [INFO] ThirdParty:1030 - CMSIS Pack Vendor :SEGGER I-CUBE-embOS 1.3.1
2024-11-21 15:59:04,285 [INFO] ThirdParty:1030 - CMSIS Pack Vendor :STMicroelectronics X-CUBE-ALGOBUILD 1.4.0
2024-11-21 15:59:04,285 [INFO] ThirdParty:1030 - CMSIS Pack Vendor :STMicroelectronics X-CUBE-AZRTOS-L5 1.0.0
2024-11-21 15:59:04,285 [INFO] ThirdParty:1030 - CMSIS Pack Vendor :STMicroelectronics X-CUBE-EEPRMA1 3.1.1
2024-11-21 15:59:04,285 [INFO] ThirdParty:1030 - CMSIS Pack Vendor :STMicroelectronics X-CUBE-AZRTOS-H7RS 1.0.0
2024-11-21 15:59:04,285 [INFO] ThirdParty:1030 - CMSIS Pack Vendor :STMicroelectronics FP-ATR-ASTRA1 2.0.0
2024-11-21 15:59:04,285 [INFO] ThirdParty:1030 - CMSIS Pack Vendor :STMicroelectronics X-CUBE-TOF1 3.4.2
2024-11-21 15:59:04,285 [INFO] ThirdParty:1030 - CMSIS Pack Vendor :STMicroelectronics X-CUBE-AI 9.1.0
2024-11-21 15:59:04,285 [INFO] ThirdParty:1030 - CMSIS Pack Vendor :Infineon AIROC-Wi-Fi-Bluetooth-STM32 1.6.1
2024-11-21 15:59:04,285 [INFO] ThirdParty:1030 - CMSIS Pack Vendor :wolfSSL I-CUBE-wolfSSH 1.4.17
2024-11-21 15:59:04,285 [INFO] ThirdParty:841 - exiting critical section [change project]
2024-11-21 15:59:04,422 [INFO] PinOutPanel:1561 - setPackage(No Configuration,No Configuration)
2024-11-21 15:59:04,422 [INFO] PinOutPanel:1561 - setPackage(STM32F405RGTx,LQFP64)
2024-11-21 15:59:04,609 [INFO] UtilMem:75 - Before build in PCC Used Memory: 643510016 Bytes (940572672)
2024-11-21 15:59:04,745 [INFO] UtilMem:75 - After build in PCC Used Memory: 694368000 Bytes (940572672)
2024-11-21 15:59:04,764 [INFO] IPUIPlugin:80 - create IPUIPlugin
2024-11-21 15:59:04,764 [INFO] IPUIPlugin:80 - create IPUIPlugin
2024-11-21 15:59:04,764 [INFO] IPUIPlugin:80 - create IPUIPlugin
2024-11-21 15:59:04,764 [INFO] IPUIPlugin:80 - create IPUIPlugin
2024-11-21 15:59:04,764 [INFO] IPUIPlugin:80 - create IPUIPlugin
2024-11-21 15:59:04,764 [INFO] IPUIPlugin:80 - create IPUIPlugin
2024-11-21 15:59:04,765 [INFO] IPUIPlugin:80 - create IPUIPlugin
2024-11-21 15:59:04,765 [INFO] IPUIPlugin:80 - create IPUIPlugin
2024-11-21 15:59:04,765 [INFO] IPUIPlugin:80 - create IPUIPlugin
2024-11-21 15:59:04,765 [INFO] IPUIPlugin:80 - create IPUIPlugin
2024-11-21 15:59:04,765 [INFO] IPUIPlugin:80 - create IPUIPlugin
2024-11-21 15:59:04,765 [INFO] IPUIPlugin:80 - create IPUIPlugin
2024-11-21 15:59:04,765 [INFO] IPUIPlugin:80 - create IPUIPlugin
2024-11-21 15:59:04,765 [INFO] IPUIPlugin:80 - create IPUIPlugin
2024-11-21 15:59:04,765 [INFO] IPUIPlugin:80 - create IPUIPlugin
2024-11-21 15:59:04,765 [INFO] IPUIPlugin:80 - create IPUIPlugin
2024-11-21 15:59:04,766 [INFO] IPUIPlugin:80 - create IPUIPlugin
2024-11-21 15:59:04,766 [INFO] IPUIPlugin:80 - create IPUIPlugin
2024-11-21 15:59:04,766 [INFO] IPUIPlugin:80 - create IPUIPlugin
2024-11-21 15:59:04,766 [INFO] IPUIPlugin:80 - create IPUIPlugin
2024-11-21 15:59:04,766 [INFO] IPUIPlugin:80 - create IPUIPlugin
2024-11-21 15:59:04,766 [INFO] IPUIPlugin:80 - create IPUIPlugin
2024-11-21 15:59:04,766 [INFO] IPUIPlugin:80 - create IPUIPlugin
2024-11-21 15:59:04,767 [INFO] IPUIPlugin:80 - create IPUIPlugin
2024-11-21 15:59:04,767 [INFO] IPUIPlugin:80 - create IPUIPlugin
2024-11-21 15:59:04,767 [INFO] IPUIPlugin:80 - create IPUIPlugin
2024-11-21 15:59:04,767 [INFO] IPUIPlugin:80 - create IPUIPlugin
2024-11-21 15:59:04,768 [INFO] IPUIPlugin:80 - create IPUIPlugin
2024-11-21 15:59:04,768 [INFO] IPUIPlugin:80 - create IPUIPlugin
2024-11-21 15:59:04,768 [INFO] IPUIPlugin:80 - create IPUIPlugin
2024-11-21 15:59:04,768 [INFO] IPUIPlugin:80 - create IPUIPlugin
2024-11-21 15:59:04,768 [INFO] IPUIPlugin:80 - create IPUIPlugin
2024-11-21 15:59:04,768 [INFO] IPUIPlugin:80 - create IPUIPlugin
2024-11-21 15:59:04,769 [INFO] IPUIPlugin:80 - create IPUIPlugin
2024-11-21 15:59:04,769 [INFO] IPUIPlugin:80 - create IPUIPlugin
2024-11-21 15:59:04,769 [INFO] IPUIPlugin:80 - create IPUIPlugin
2024-11-21 15:59:04,769 [INFO] IPUIPlugin:80 - create IPUIPlugin
2024-11-21 15:59:04,769 [INFO] IPUIPlugin:80 - create IPUIPlugin
2024-11-21 15:59:04,770 [INFO] IPUIPlugin:80 - create IPUIPlugin
2024-11-21 15:59:04,770 [INFO] IPUIPlugin:80 - create IPUIPlugin
2024-11-21 15:59:04,770 [INFO] IPUIPlugin:80 - create IPUIPlugin
2024-11-21 15:59:04,770 [INFO] IPUIPlugin:80 - create IPUIPlugin
2024-11-21 15:59:04,770 [INFO] IPUIPlugin:80 - create IPUIPlugin
2024-11-21 15:59:04,771 [INFO] IPUIPlugin:80 - create IPUIPlugin
2024-11-21 15:59:04,771 [INFO] IPUIPlugin:80 - create IPUIPlugin
2024-11-21 15:59:04,771 [INFO] IPUIPlugin:80 - create IPUIPlugin
2024-11-21 15:59:04,771 [INFO] IPUIPlugin:80 - create IPUIPlugin
2024-11-21 15:59:04,772 [INFO] IPUIPlugin:80 - create IPUIPlugin
2024-11-21 15:59:04,772 [INFO] IPUIPlugin:80 - create IPUIPlugin
2024-11-21 15:59:04,772 [INFO] IPUIPlugin:80 - create IPUIPlugin
2024-11-21 15:59:04,773 [INFO] IPUIPlugin:80 - create IPUIPlugin
2024-11-21 15:59:04,773 [INFO] IPUIPlugin:80 - create IPUIPlugin
2024-11-21 15:59:04,773 [INFO] IPUIPlugin:80 - create IPUIPlugin
2024-11-21 15:59:04,774 [INFO] IPUIPlugin:80 - create IPUIPlugin
2024-11-21 15:59:04,777 [INFO] ApiDbMcu:508 - Load IP Config File for PDM2PCM
2024-11-21 15:59:04,835 [INFO] CADModel:165 - CPN selected for project levelSTM32F405RGT6
2024-11-21 15:59:04,835 [INFO] CADModel:114 - Register for checkConnection events
2024-11-21 15:59:04,882 [INFO] OpenFileManager:363 - Restore cursor
2024-11-21 15:59:04,931 [INFO] UtilMem:75 - End SaveConfig() Used Memory: 762870208 Bytes (940572672)
2024-11-21 15:59:05,132 [INFO] ServerAccessManage:473 - Download File stm32cube_fw_f4_v1280.zip
2024-11-21 16:01:59,005 [INFO] AnalyticsPlugin:368 - Accepted License(s): [FW.F4.1.28.0]
2024-11-21 16:01:59,005 [INFO] FileExtend:240 - Unzip File : stm32cube_fw_f4_v1280.zip
2024-11-21 16:01:59,006 [INFO] FileExtend:255 - Standard Zip Deflate
2024-11-21 16:05:14,363 [INFO] ServerAccessManage:473 - Download File stm32cube_fw_f4_v1281.zip
2024-11-21 16:06:29,063 [INFO] FileExtend:240 - Unzip File : stm32cube_fw_f4_v1281.zip
2024-11-21 16:06:29,063 [INFO] FileExtend:255 - Standard Zip Deflate
2024-11-21 16:08:10,385 [INFO] LoadServerPackagesThread:196 - End of LoadServerPackages Thread
2024-11-21 16:08:10,667 [INFO] ThirdPartyModel:298 - Start build external matchings
2024-11-21 16:08:10,703 [INFO] UtilMem:75 - End SaveConfig() Used Memory: 354674912 Bytes (967835648)
2024-11-21 16:08:11,380 [INFO] BlockDiagram:2766 - set Specific Code input for plugin: RCC
2024-11-21 16:08:11,380 [INFO] BlockDiagram:2766 - set Specific Code input for plugin: NVIC
2024-11-21 16:08:11,381 [INFO] CodeGenerator:807 - code generatio: config db path: C:\ST\STM32CubeIDE_1.16.1\STM32CubeIDE\plugins\com.st.stm32cube.common.mx_6.12.1.202409122256\\db\
2024-11-21 16:08:11,989 [INFO] CodeEngine:255 - oldGeneratedFile, D:\MIOS32\trunk\HAL_Lib\Src\HAL_Lib.c_save
2024-11-21 16:08:12,477 [INFO] CodeEngine:279 - Generated code: D:\MIOS32\trunk\HAL_Lib\Src\HAL_Lib.c
2024-11-21 16:08:12,687 [INFO] ThirdPartyModel:316 - End build external matchings
2024-11-21 16:08:12,700 [INFO] CheckServerUpdateThread:120 - End of CheckServer Thread
2024-11-21 16:08:14,840 [INFO] ProjectBuilder:3249 - Time for Copy HAL[1] : 2090mS.
2024-11-21 16:08:14,863 [INFO] ProjectBuilder:4828 - Project Generator version: 4.5.0-B34
2024-11-21 16:08:14,979 [INFO] ConfigFileManager:1531 - The Die is : DIE413
2024-11-21 16:08:15,008 [INFO] ApiDbMcu:508 - Load IP Config File for FATFS
2024-11-21 16:08:15,026 [INFO] ApiDbMcu:508 - Load IP Config File for FREERTOS
2024-11-21 16:08:15,038 [INFO] ApiDbMcu:508 - Load IP Config File for LIBJPEG
2024-11-21 16:08:15,062 [INFO] ApiDbMcu:508 - Load IP Config File for MBEDTLS
2024-11-21 16:08:15,086 [INFO] ApiDbMcu:508 - Load IP Config File for USB_DEVICE
2024-11-21 16:08:15,103 [INFO] ApiDbMcu:508 - Load IP Config File for USB_HOST
2024-11-21 16:08:16,038 [INFO] LogOutputStream:77 - [STDOUT_REDIRECT] 
2024-11-21 16:08:20,961 [INFO] ProjectBuilder:5097 - Time for Generating toolchain IDE Files: 6095mS.
2024-11-21 16:08:20,961 [INFO] ProjectBuilder:3107 - Time for Copy CMSIS : 0mS.
2024-11-21 16:08:20,962 [INFO] ProjectBuilder:3107 - Time for Copy CMSIS : 0mS.
2024-11-21 16:08:21,391 [INFO] McuFinderGlobals:76 - Set McuFinderConnectedMode to true
2024-11-21 16:08:21,393 [INFO] ApiDb:448 - Save user favorites file C:\Users\Bruno/.stm32cubeide/favorites.mcus.txt: 0 item(s)
2024-11-21 16:08:21,394 [INFO] ApiDb:452 - User favorites MCUs=[]
2024-11-21 21:39:42,536 [INFO] MainUpdater:2873 - connection check result : 10
2024-11-21 21:39:42,866 [INFO] McuFinderGlobals:76 - Set McuFinderConnectedMode to true
2024-11-21 21:39:42,895 [INFO] MultiScanPanel:200 - Auto-refresh data requested => check proxy status ongoing
2024-11-21 21:39:42,895 [INFO] FinderPluginLoader:95 - Searching for filters in installed packs
2024-11-21 21:39:43,658 [INFO] LoadUrlFilesThread:185 - End of LoadServerUrlFiles without Thread
2024-11-21 21:39:43,658 [INFO] DetailPanel:341 - Set advertising image to C:/Users/Bruno/STM32Cube/Repository/\en.prom-stm32c071-usb-memories-mcu-finder.png
2024-11-21 21:40:38,743 [INFO] McuFinderGlobals:76 - Set McuFinderConnectedMode to true
2024-11-21 21:40:38,898 [INFO] ApiDb:448 - Save user favorites file C:\Users\Bruno/.stm32cubeide/favorites.mcus.txt: 0 item(s)
2024-11-21 21:40:38,899 [INFO] ApiDb:452 - User favorites MCUs=[]
