2024-11-30 13:21:49,602 [INFO] Activator:176 - 


2024-11-30 13:21:49,608 [INFO] Activator:177 - !SESSION log4j initialized
2024-11-30 13:22:03,376 [INFO] LogOutputStream:77 - [STDOUT_REDIRECT] 
2024-11-30 13:23:08,062 [INFO] ApplicationProperties:184 - Using Application install path: C:\ST\STM32CubeIDE_1.16.1\STM32CubeIDE\plugins\com.st.stm32cube.common.mx_6.12.1.202409122256
2024-11-30 13:23:08,116 [INFO] DbMcusXml:78 - Set database path to: C:\ST\STM32CubeIDE_1.16.1\STM32CubeIDE\plugins\com.st.stm32cube.common.mx_6.12.1.202409122256\\db\/mcu/
2024-11-30 13:23:08,116 [INFO] ApiDb:274 - Set plugin database path to: C:\ST\STM32CubeIDE_1.16.1\STM32CubeIDE\plugins\com.st.stm32cube.common.mx_6.12.1.202409122256\\db\/plugins/boardmanager/
2024-11-30 13:23:08,118 [WARN] ApiDb:259 - Overriding images path with different value:  => C:\ST\STM32CubeIDE_1.16.1\STM32CubeIDE\plugins\com.st.stm32cube.common.mx_6.12.1.202409122256\\db\/plugins/mcufinder/images/
2024-11-30 13:23:08,139 [INFO] ApiDb:250 - Set database path to: C:\Users\Bruno\.stmcufinder\plugins\mcufinder//mcu/
2024-11-30 13:23:08,142 [INFO] DbMcusAds:125 - Set database path to: C:\Users\Bruno\.stmcufinder\plugins\mcufinder//mcu/
2024-11-30 13:23:08,181 [INFO] CrossReferenceDbSqlite:203 - Set database path to: C:\Users\Bruno\.stmcufinder\plugins\mcufinder//mcu/cs/
2024-11-30 13:23:08,385 [INFO] RulesReader:64 - Compatibility file has been processed (297 Rules)
2024-11-30 13:23:08,505 [INFO] DbMcusXml:78 - Set database path to: C:\ST\STM32CubeIDE_1.16.1\STM32CubeIDE\plugins\com.st.stm32cube.common.mx_6.12.1.202409122256\\db\/mcu/
2024-11-30 13:23:08,505 [INFO] ApiDb:274 - Set plugin database path to: C:\ST\STM32CubeIDE_1.16.1\STM32CubeIDE\plugins\com.st.stm32cube.common.mx_6.12.1.202409122256\\db\/plugins/boardmanager/
2024-11-30 13:23:08,505 [INFO] ApiDb:261 - Set plugin images path to: C:\ST\STM32CubeIDE_1.16.1\STM32CubeIDE\plugins\com.st.stm32cube.common.mx_6.12.1.202409122256\\db\/plugins/mcufinder/images/
2024-11-30 13:23:08,506 [WARN] DbFile:41 - Overriding database path with different value: C:\Users\Bruno\.stmcufinder\plugins\mcufinder/ => C:\Users\Bruno\.stmcufinder\plugins\mcufinder
2024-11-30 13:23:08,506 [INFO] ApiDb:250 - Set database path to: C:\Users\Bruno\.stmcufinder\plugins\mcufinder//mcu/
2024-11-30 13:23:08,506 [WARN] DbFile:41 - Overriding database path with different value: C:\Users\Bruno\.stmcufinder\plugins\mcufinder/ => C:\Users\Bruno\.stmcufinder\plugins\mcufinder
2024-11-30 13:23:08,506 [INFO] DbMcusAds:125 - Set database path to: C:\Users\Bruno\.stmcufinder\plugins\mcufinder//mcu/
2024-11-30 13:23:08,506 [WARN] DbFile:41 - Overriding database path with different value: C:\Users\Bruno\.stmcufinder\plugins\mcufinder/ => C:\Users\Bruno\.stmcufinder\plugins\mcufinder
2024-11-30 13:23:08,506 [WARN] DbFile:41 - Overriding database path with different value: C:\Users\Bruno\.stmcufinder\plugins\mcufinder/ => C:\Users\Bruno\.stmcufinder\plugins\mcufinder
2024-11-30 13:23:08,506 [INFO] CrossReferenceDbSqlite:203 - Set database path to: C:\Users\Bruno\.stmcufinder\plugins\mcufinder//mcu/cs/
2024-11-30 13:23:08,630 [INFO] MainPanel:268 - HeapMemory: 268435456
2024-11-30 13:23:08,767 [INFO] DbMcusXml:78 - Set database path to: C:\ST\STM32CubeIDE_1.16.1\STM32CubeIDE\plugins\com.st.stm32cube.common.mx_6.12.1.202409122256\\db\/mcu/
2024-11-30 13:23:08,769 [INFO] ApiDb:274 - Set plugin database path to: C:\ST\STM32CubeIDE_1.16.1\STM32CubeIDE\plugins\com.st.stm32cube.common.mx_6.12.1.202409122256\\db\/plugins/boardmanager/
2024-11-30 13:23:08,769 [INFO] ApiDb:261 - Set plugin images path to: C:\ST\STM32CubeIDE_1.16.1\STM32CubeIDE\plugins\com.st.stm32cube.common.mx_6.12.1.202409122256\\db\/plugins/mcufinder/images/
2024-11-30 13:23:08,769 [WARN] DbFile:41 - Overriding database path with different value: C:\Users\Bruno\.stmcufinder\plugins\mcufinder/ => C:\Users\Bruno\.stmcufinder\plugins\mcufinder
2024-11-30 13:23:08,770 [INFO] ApiDb:250 - Set database path to: C:\Users\Bruno\.stmcufinder\plugins\mcufinder//mcu/
2024-11-30 13:23:08,770 [WARN] DbFile:41 - Overriding database path with different value: C:\Users\Bruno\.stmcufinder\plugins\mcufinder/ => C:\Users\Bruno\.stmcufinder\plugins\mcufinder
2024-11-30 13:23:08,770 [INFO] DbMcusAds:125 - Set database path to: C:\Users\Bruno\.stmcufinder\plugins\mcufinder//mcu/
2024-11-30 13:23:08,770 [WARN] DbFile:41 - Overriding database path with different value: C:\Users\Bruno\.stmcufinder\plugins\mcufinder/ => C:\Users\Bruno\.stmcufinder\plugins\mcufinder
2024-11-30 13:23:08,770 [WARN] DbFile:41 - Overriding database path with different value: C:\Users\Bruno\.stmcufinder\plugins\mcufinder/ => C:\Users\Bruno\.stmcufinder\plugins\mcufinder
2024-11-30 13:23:08,770 [INFO] CrossReferenceDbSqlite:203 - Set database path to: C:\Users\Bruno\.stmcufinder\plugins\mcufinder//mcu/cs/
2024-11-30 13:23:08,796 [INFO] ApplicationProperties:184 - Using Application install path: C:\ST\STM32CubeIDE_1.16.1\STM32CubeIDE\plugins\com.st.stm32cube.common.mx_6.12.1.202409122256
2024-11-30 13:23:08,798 [INFO] PluginManage:196 - Search for loadable plugins [exclusion list=, ]
2024-11-30 13:23:08,800 [INFO] PluginManage:310 - Check plugin analytics
2024-11-30 13:23:09,083 [INFO] AnalyticsPlugin:253 - Accepted Software Licenses: STM32CubeMX.6.6.1
2024-11-30 13:23:09,083 [INFO] AnalyticsPlugin:255 - Accepted CMSIS Pack Licenses: 
2024-11-30 13:23:09,084 [INFO] AnalyticsPlugin:257 - Accepted Firmware Licenses: FW.G0.1.6.0,FW.F4.1.28.0
2024-11-30 13:23:09,086 [INFO] PluginManage:359 - Loaded plugin analytics (category:tool,tabindex:-1)
2024-11-30 13:23:09,087 [INFO] PluginManage:310 - Check plugin cadmodel
2024-11-30 13:23:09,110 [INFO] CADModel:105 - Init CAD model plugin
2024-11-30 13:23:09,111 [INFO] PluginManage:359 - Loaded plugin cadmodel (category:power,tabindex:5)
2024-11-30 13:23:09,111 [INFO] PluginManage:310 - Check plugin clock
2024-11-30 13:23:09,143 [INFO] PluginManage:359 - Loaded plugin clock (category:base,tabindex:2)
2024-11-30 13:23:09,143 [INFO] PluginManage:310 - Check plugin ddr
2024-11-30 13:23:09,145 [INFO] PluginManage:359 - Loaded plugin ddr (category:tool,tabindex:6)
2024-11-30 13:23:09,145 [INFO] PluginManage:310 - Check plugin filemanager
2024-11-30 13:23:09,347 [INFO] PluginManage:359 - Loaded plugin filemanager (category:base,tabindex:10)
2024-11-30 13:23:09,347 [INFO] PluginManage:310 - Check plugin ipmanager
2024-11-30 13:23:09,355 [INFO] PluginManage:359 - Loaded plugin ipmanager (category:base,tabindex:5)
2024-11-30 13:23:09,355 [INFO] PluginManage:310 - Check plugin lpbam
2024-11-30 13:23:09,383 [INFO] PluginManage:359 - Loaded plugin lpbam (category:base,tabindex:0)
2024-11-30 13:23:09,383 [INFO] PluginManage:310 - Check plugin memorymap
2024-11-30 13:23:09,408 [INFO] PluginManage:359 - Loaded plugin memorymap (category:base,tabindex:4)
2024-11-30 13:23:09,408 [INFO] PluginManage:310 - Check plugin pinoutandconfiguration
2024-11-30 13:23:09,427 [INFO] PluginManage:359 - Loaded plugin pinoutandconfiguration (category:base,tabindex:1)
2024-11-30 13:23:09,427 [INFO] PluginManage:310 - Check plugin pinoutconfig
2024-11-30 13:23:09,541 [WARN] SupportedApi:132 - Cannot load RTOS API schema: s4s-elt-must-match.1: The content of 'definitions' must match (annotation?, (simpleType | complexType)?, (unique | key | keyref)*)). A problem was found starting at: attribute.
2024-11-30 13:23:09,750 [INFO] PluginManage:359 - Loaded plugin pinoutconfig (category:base,tabindex:0)
2024-11-30 13:23:09,750 [INFO] PluginManage:310 - Check plugin power
2024-11-30 13:23:09,775 [INFO] PluginManage:359 - Loaded plugin power (category:power,tabindex:4)
2024-11-30 13:23:09,776 [INFO] PluginManage:310 - Check plugin projectmanager
2024-11-30 13:23:09,800 [INFO] PluginManage:359 - Loaded plugin projectmanager (category:projectmanager,tabindex:4)
2024-11-30 13:23:09,801 [INFO] PluginManage:310 - Check plugin rif
2024-11-30 13:23:09,821 [INFO] PluginManage:359 - Loaded plugin rif (category:base,tabindex:3)
2024-11-30 13:23:09,821 [INFO] PluginManage:310 - Check plugin thirdparty
2024-11-30 13:23:10,143 [INFO] PluginManage:359 - Loaded plugin thirdparty (category:base,tabindex:-1)
2024-11-30 13:23:10,143 [INFO] PluginManage:310 - Check plugin tools
2024-11-30 13:23:10,155 [WARN] IntegrityCheckThread:84 - waiting for thirdparty lock release [integrity check]
2024-11-30 13:23:10,156 [INFO] IntegrityCheckThread:86 - entering critical section [integrity check]
2024-11-30 13:23:10,157 [INFO] ThirdPartyUpdaterWithRetryManager:70 - Updater plugin not ready yet. [1/15]
2024-11-30 13:23:10,203 [INFO] PluginManage:359 - Loaded plugin tools (category:base,tabindex:7)
2024-11-30 13:23:10,203 [INFO] PluginManage:310 - Check plugin tutovideos
2024-11-30 13:23:10,431 [INFO] PluginManage:359 - Loaded plugin tutovideos (category:base,tabindex:-1)
2024-11-30 13:23:10,432 [INFO] PluginManage:310 - Check plugin updater
2024-11-30 13:23:10,454 [INFO] PluginManage:359 - Loaded plugin updater (category:base,tabindex:12)
2024-11-30 13:23:10,454 [INFO] PluginManage:310 - Check plugin userauth
2024-11-30 13:23:10,461 [INFO] UserAuth:113 - Init User Auth plugin
2024-11-30 13:23:10,461 [INFO] PluginManage:359 - Loaded plugin userauth (category:base,tabindex:14)
2024-11-30 13:23:10,462 [INFO] PluginManage:283 - PluginManage : Loaded plugins [18]
2024-11-30 13:23:10,710 [INFO] PinOutPanel:1561 - setPackage(No Configuration,No Configuration)
2024-11-30 13:23:10,885 [INFO] CADModel:165 - CPN selected for project level
2024-11-30 13:23:10,886 [INFO] CADModel:114 - Register for checkConnection events
2024-11-30 13:23:10,920 [INFO] IPUIPlugin:80 - create IPUIPlugin
2024-11-30 13:23:10,921 [INFO] PluginManager:220 - loadIPPluginJar : add adc
2024-11-30 13:23:10,972 [INFO] IPUIPlugin:80 - create IPUIPlugin
2024-11-30 13:23:10,973 [INFO] PluginManager:220 - loadIPPluginJar : add aes
2024-11-30 13:23:11,031 [INFO] IPUIPlugin:80 - create IPUIPlugin
2024-11-30 13:23:11,032 [INFO] PluginManager:220 - loadIPPluginJar : add can
2024-11-30 13:23:11,065 [INFO] IPUIPlugin:80 - create IPUIPlugin
2024-11-30 13:23:11,065 [INFO] PluginManager:220 - loadIPPluginJar : add comp
2024-11-30 13:23:11,116 [INFO] IPUIPlugin:80 - create IPUIPlugin
2024-11-30 13:23:11,116 [INFO] PluginManager:220 - loadIPPluginJar : add cryp
2024-11-30 13:23:11,131 [INFO] IPUIPlugin:80 - create IPUIPlugin
2024-11-30 13:23:11,131 [INFO] PluginManager:220 - loadIPPluginJar : add ddr_ctrl_phy
2024-11-30 13:23:11,173 [INFO] IPUIPlugin:80 - create IPUIPlugin
2024-11-30 13:23:11,174 [INFO] PluginManager:220 - loadIPPluginJar : add dfsdm
2024-11-30 13:23:11,190 [INFO] IPUIPlugin:80 - create IPUIPlugin
2024-11-30 13:23:11,191 [INFO] PluginManager:220 - loadIPPluginJar : add dma
2024-11-30 13:23:11,257 [INFO] IPUIPlugin:80 - create IPUIPlugin
2024-11-30 13:23:11,257 [INFO] PluginManager:220 - loadIPPluginJar : add dma3
2024-11-30 13:23:11,323 [INFO] IPUIPlugin:80 - create IPUIPlugin
2024-11-30 13:23:11,323 [INFO] PluginManager:220 - loadIPPluginJar : add extmemmanager
2024-11-30 13:23:11,352 [INFO] IPUIPlugin:80 - create IPUIPlugin
2024-11-30 13:23:11,352 [INFO] PluginManager:220 - loadIPPluginJar : add fatfs
2024-11-30 13:23:11,418 [INFO] IPUIPlugin:80 - create IPUIPlugin
2024-11-30 13:23:11,418 [INFO] PluginManager:220 - loadIPPluginJar : add fmc
2024-11-30 13:23:11,436 [INFO] IPUIPlugin:80 - create IPUIPlugin
2024-11-30 13:23:11,436 [INFO] PluginManager:220 - loadIPPluginJar : add freertos
2024-11-30 13:23:11,473 [INFO] IPUIPlugin:80 - create IPUIPlugin
2024-11-30 13:23:11,474 [INFO] PluginManager:220 - loadIPPluginJar : add genericplugin
2024-11-30 13:23:11,610 [INFO] IPUIPlugin:80 - create IPUIPlugin
2024-11-30 13:23:11,610 [INFO] PluginManager:220 - loadIPPluginJar : add gfxmmu
2024-11-30 13:23:11,795 [INFO] IPUIPlugin:80 - create IPUIPlugin
2024-11-30 13:23:11,796 [INFO] PluginManager:220 - loadIPPluginJar : add gic
2024-11-30 13:23:11,811 [INFO] IPUIPlugin:80 - create IPUIPlugin
2024-11-30 13:23:11,811 [INFO] PluginManager:220 - loadIPPluginJar : add gpio
2024-11-30 13:23:11,932 [INFO] IPUIPlugin:80 - create IPUIPlugin
2024-11-30 13:23:11,932 [INFO] PluginManager:220 - loadIPPluginJar : add gtzc
2024-11-30 13:23:11,982 [INFO] IPUIPlugin:80 - create IPUIPlugin
2024-11-30 13:23:11,982 [INFO] PluginManager:220 - loadIPPluginJar : add hash
2024-11-30 13:23:12,055 [INFO] IPUIPlugin:80 - create IPUIPlugin
2024-11-30 13:23:12,055 [INFO] PluginManager:220 - loadIPPluginJar : add i2c
2024-11-30 13:23:12,116 [INFO] IPUIPlugin:80 - create IPUIPlugin
2024-11-30 13:23:12,116 [INFO] PluginManager:220 - loadIPPluginJar : add i2s
2024-11-30 13:23:12,173 [INFO] IPUIPlugin:80 - create IPUIPlugin
2024-11-30 13:23:12,174 [INFO] PluginManager:220 - loadIPPluginJar : add i3c
2024-11-30 13:23:12,312 [INFO] IPUIPlugin:80 - create IPUIPlugin
2024-11-30 13:23:12,313 [INFO] PluginManager:220 - loadIPPluginJar : add ipddr
2024-11-30 13:23:12,439 [INFO] IPUIPlugin:80 - create IPUIPlugin
2024-11-30 13:23:12,439 [INFO] PluginManager:220 - loadIPPluginJar : add linkedlist
2024-11-30 13:23:12,484 [INFO] IPUIPlugin:80 - create IPUIPlugin
2024-11-30 13:23:12,484 [INFO] PluginManager:220 - loadIPPluginJar : add lorawan
2024-11-30 13:23:12,531 [INFO] IPUIPlugin:80 - create IPUIPlugin
2024-11-30 13:23:12,531 [INFO] PluginManager:220 - loadIPPluginJar : add ltdc
2024-11-30 13:23:12,548 [INFO] IPUIPlugin:80 - create IPUIPlugin
2024-11-30 13:23:12,548 [INFO] PluginManager:220 - loadIPPluginJar : add mdma
2024-11-30 13:23:12,563 [INFO] IPUIPlugin:80 - create IPUIPlugin
2024-11-30 13:23:12,563 [INFO] PluginManager:220 - loadIPPluginJar : add nvic
2024-11-30 13:23:12,618 [INFO] IPUIPlugin:80 - create IPUIPlugin
2024-11-30 13:23:12,618 [INFO] PluginManager:220 - loadIPPluginJar : add opamp
2024-11-30 13:23:12,702 [INFO] IPUIPlugin:80 - create IPUIPlugin
2024-11-30 13:23:12,702 [INFO] PluginManager:220 - loadIPPluginJar : add openamp
2024-11-30 13:23:12,763 [INFO] IPUIPlugin:80 - create IPUIPlugin
2024-11-30 13:23:12,763 [INFO] PluginManager:220 - loadIPPluginJar : add pdm2pcm
2024-11-30 13:23:12,780 [INFO] IPUIPlugin:80 - create IPUIPlugin
2024-11-30 13:23:12,782 [INFO] PluginManager:220 - loadIPPluginJar : add plateformsettings
2024-11-30 13:23:12,814 [INFO] IPUIPlugin:80 - create IPUIPlugin
2024-11-30 13:23:12,814 [INFO] PluginManager:220 - loadIPPluginJar : add quadspi
2024-11-30 13:23:12,853 [INFO] IPUIPlugin:80 - create IPUIPlugin
2024-11-30 13:23:12,854 [INFO] PluginManager:220 - loadIPPluginJar : add radio
2024-11-30 13:23:12,870 [INFO] IPUIPlugin:80 - create IPUIPlugin
2024-11-30 13:23:12,870 [INFO] PluginManager:220 - loadIPPluginJar : add resmgrutility
2024-11-30 13:23:12,932 [INFO] IPUIPlugin:80 - create IPUIPlugin
2024-11-30 13:23:12,932 [INFO] PluginManager:220 - loadIPPluginJar : add sai
2024-11-30 13:23:12,981 [INFO] IPUIPlugin:80 - create IPUIPlugin
2024-11-30 13:23:12,981 [INFO] PluginManager:220 - loadIPPluginJar : add spi
2024-11-30 13:23:13,076 [INFO] IPUIPlugin:80 - create IPUIPlugin
2024-11-30 13:23:13,076 [INFO] PluginManager:220 - loadIPPluginJar : add stm32_wpan
2024-11-30 13:23:13,107 [INFO] IPUIPlugin:80 - create IPUIPlugin
2024-11-30 13:23:13,107 [INFO] PluginManager:220 - loadIPPluginJar : add tim
2024-11-30 13:23:13,159 [INFO] ThirdPartyUpdaterWithRetryManager:70 - Updater plugin not ready yet. [2/15]
2024-11-30 13:23:13,185 [INFO] IPUIPlugin:80 - create IPUIPlugin
2024-11-30 13:23:13,186 [INFO] PluginManager:220 - loadIPPluginJar : add touchsensing
2024-11-30 13:23:13,217 [INFO] IPUIPlugin:80 - create IPUIPlugin
2024-11-30 13:23:13,217 [INFO] PluginManager:220 - loadIPPluginJar : add tracer_emb
2024-11-30 13:23:13,249 [INFO] IPUIPlugin:80 - create IPUIPlugin
2024-11-30 13:23:13,250 [INFO] PluginManager:220 - loadIPPluginJar : add ts
2024-11-30 13:23:13,279 [INFO] IPUIPlugin:80 - create IPUIPlugin
2024-11-30 13:23:13,279 [INFO] PluginManager:220 - loadIPPluginJar : add tsc
2024-11-30 13:23:13,308 [INFO] IPUIPlugin:80 - create IPUIPlugin
2024-11-30 13:23:13,308 [INFO] PluginManager:220 - loadIPPluginJar : add ucpd
2024-11-30 13:23:13,365 [INFO] IPUIPlugin:80 - create IPUIPlugin
2024-11-30 13:23:13,365 [INFO] PluginManager:220 - loadIPPluginJar : add usart
2024-11-30 13:23:13,421 [INFO] IPUIPlugin:80 - create IPUIPlugin
2024-11-30 13:23:13,421 [INFO] PluginManager:220 - loadIPPluginJar : add usbx
2024-11-30 13:23:13,556 [INFO] CADModel:165 - CPN selected for project level
2024-11-30 13:23:13,556 [INFO] CADModel:114 - Register for checkConnection events
2024-11-30 13:23:13,556 [FATAL] Updater:334 - Updater called before beeing initialized
2024-11-30 13:23:13,557 [ERROR] CADModel:125 - Updater not yet initialized, retry later 
2024-11-30 13:23:13,702 [INFO] CADModel:165 - CPN selected for project level
2024-11-30 13:23:13,702 [INFO] CADModel:114 - Register for checkConnection events
2024-11-30 13:23:13,702 [FATAL] Updater:334 - Updater called before beeing initialized
2024-11-30 13:23:13,702 [ERROR] CADModel:125 - Updater not yet initialized, retry later 
2024-11-30 13:23:13,705 [FATAL] Updater:334 - Updater called before beeing initialized
2024-11-30 13:23:13,838 [FATAL] Updater:334 - Updater called before beeing initialized
2024-11-30 13:23:13,850 [INFO] DbMcusAds:53 - JSON generation date=Fri Sep 20 15:04:23 CEST 2024 (1726837463113)
2024-11-30 13:23:13,850 [FATAL] Updater:334 - Updater called before beeing initialized
2024-11-30 13:23:13,891 [WARN] DetailPanel:346 - Failed to get advertising image, set to default
2024-11-30 13:23:13,985 [FATAL] Updater:334 - Updater called before beeing initialized
2024-11-30 13:23:13,987 [FATAL] Updater:334 - Updater called before beeing initialized
2024-11-30 13:23:13,987 [FATAL] Updater:334 - Updater called before beeing initialized
2024-11-30 13:23:13,987 [WARN] DetailPanel:346 - Failed to get advertising image, set to default
2024-11-30 13:23:13,990 [FATAL] Updater:334 - Updater called before beeing initialized
2024-11-30 13:23:14,063 [ERROR] Updater:1164 - MainUpdater not yet initialized. External WinMGr cannot be set.
2024-11-30 13:23:14,077 [INFO] Updater:1100 - Updater Version found : 6.12.1
2024-11-30 13:23:14,094 [INFO] ApplicationProperties:184 - Using Application install path: C:\ST\STM32CubeIDE_1.16.1\STM32CubeIDE\plugins\com.st.stm32cube.common.mx_6.12.1.202409122256
2024-11-30 13:23:14,485 [INFO] MainUpdater:2873 - connection check result : 10
2024-11-30 13:23:14,486 [INFO] MainUpdater:3567 - Updater definition file requires update
2024-11-30 13:23:14,487 [INFO] MainUpdater:290 - Updater Check For Update Now.
2024-11-30 13:23:14,487 [INFO] MicroXplorer:498 - Change Database Version : DB.6.0.121
2024-11-30 13:23:14,501 [INFO] McuFinderGlobals:63 - Set McuFinder mode to 2 (CubeIDE integrated)
2024-11-30 13:23:14,508 [INFO] UserAuth:417 - Internet connection configuration mode: 1
2024-11-30 13:23:14,535 [INFO] JxBrowserEngine:152 - Initiate JxBrowser Engine with user profile folder
2024-11-30 13:23:14,580 [INFO] ServerAccessManage:473 - Download File updaters.zip
2024-11-30 13:23:14,712 [INFO] FileExtend:240 - Unzip File : updaters.zip
2024-11-30 13:23:14,713 [INFO] FileExtend:255 - Standard Zip Deflate
2024-11-30 13:23:15,363 [INFO] ServerAccessManage:473 - Download File PacksControlFlags.xml
2024-11-30 13:23:15,502 [INFO] ServerAccessManage:473 - Download File cubemx.pidx
2024-11-30 13:23:15,649 [INFO] LoadServerUpdatesThread:375 - End of LoadServerUpdate Thread
2024-11-30 13:23:16,084 [INFO] CheckServerUpdateThread:120 - End of CheckServer Thread
2024-11-30 13:23:16,667 [WARN] PackLoader:240 - Cannot read IP mode file for STMicroelectronics.FP-SNS-MOTENVWB1.1.4.0
2024-11-30 13:23:16,691 [WARN] PackLoader:240 - Cannot read IP mode file for STMicroelectronics.FP-ATR-ASTRA1.2.0.1
2024-11-30 13:23:16,731 [WARN] PackLoader:240 - Cannot read IP mode file for STMicroelectronics.X-CUBE-SMBUS.2.1.0
2024-11-30 13:23:16,750 [WARN] PackLoader:240 - Cannot read IP mode file for STMicroelectronics.X-CUBE-WB05N.1.1.0
2024-11-30 13:23:16,930 [WARN] PackLoader:240 - Cannot read IP mode file for STMicroelectronics.X-CUBE-MEMS1.9.2.0
2024-11-30 13:23:17,398 [WARN] PackLoader:240 - Cannot read IP mode file for STMicroelectronics.X-CUBE-AZRTOS-F7.1.1.0
2024-11-30 13:23:17,432 [WARN] PackLoader:240 - Cannot read IP mode file for STMicroelectronics.X-CUBE-BLE1.6.2.3
2024-11-30 13:23:17,607 [WARN] PackLoader:240 - Cannot read IP mode file for STMicroelectronics.X-CUBE-MEMS1.11.0.0
2024-11-30 13:23:17,868 [WARN] PackLoader:240 - Cannot read IP mode file for STMicroelectronics.FP-SNS-FLIGHT1.5.0.2
2024-11-30 13:23:17,918 [WARN] PackLoader:240 - Cannot read IP mode file for STMicroelectronics.X-CUBE-TOF1.3.1.0
2024-11-30 13:23:17,941 [WARN] PackLoader:240 - Cannot read IP mode file for STMicroelectronics.X-CUBE-DISPLAY.3.0.0
2024-11-30 13:23:17,959 [WARN] PackLoader:240 - Cannot read IP mode file for STMicroelectronics.X-CUBE-BLE1.7.0.0
2024-11-30 13:23:18,004 [WARN] PackLoader:240 - Cannot read IP mode file for STMicroelectronics.X-CUBE-NFC10.1.0.0
2024-11-30 13:23:18,088 [WARN] PackLoader:240 - Cannot read IP mode file for STMicroelectronics.X-CUBE-AI.7.2.0
2024-11-30 13:23:18,153 [WARN] PackLoader:240 - Cannot read IP mode file for STMicroelectronics.X-CUBE-BLEMGR.3.1.0
2024-11-30 13:23:18,218 [WARN] PackLoader:240 - Cannot read IP mode file for STMicroelectronics.FP-SNS-SMARTAG2.1.2.0
2024-11-30 13:23:18,273 [INFO] LogOutputStream:77 - [STDOUT_REDIRECT] 1 : Invalid condition id : UX_CORESTACK_Condition cause : null
2024-11-30 13:23:18,274 [INFO] LogOutputStream:77 - [STDOUT_REDIRECT] 1 : Invalid condition id : UX_CORESTACK_Condition cause : null
2024-11-30 13:23:18,275 [INFO] LogOutputStream:77 - [STDOUT_REDIRECT] 1 : Invalid condition id : UX_CORESTACK_Condition cause : null
2024-11-30 13:23:18,276 [INFO] LogOutputStream:77 - [STDOUT_REDIRECT] 1 : Invalid condition id : UX_CORESTACK_Condition cause : null
2024-11-30 13:23:18,277 [INFO] LogOutputStream:77 - [STDOUT_REDIRECT] 1 : Invalid condition id : UX_CORESTACK_Condition cause : null
2024-11-30 13:23:18,312 [WARN] PackLoader:240 - Cannot read IP mode file for STMicroelectronics.X-CUBE-AZRTOS-WL.2.0.0
2024-11-30 13:23:18,328 [WARN] PackLoader:240 - Cannot read IP mode file for STMicroelectronics.FP-SNS-MOTENV1.5.0.0
2024-11-30 13:23:18,344 [WARN] PackLoader:240 - Cannot read IP mode file for wolfSSL.I-CUBE-wolfMQTT.1.19.0
2024-11-30 13:23:18,372 [WARN] PackLoader:240 - Cannot read IP mode file for WES.I-CUBE-Cesium.1.3.0
2024-11-30 13:23:18,390 [WARN] PackLoader:240 - Cannot read IP mode file for STMicroelectronics.X-CUBE-BLE2.3.3.0
2024-11-30 13:23:18,407 [WARN] PackLoader:240 - Cannot read IP mode file for STMicroelectronics.X-CUBE-DISPLAY.2.2.0
2024-11-30 13:23:18,533 [WARN] PackLoader:240 - Cannot read IP mode file for STMicroelectronics.X-CUBE-NFC9.1.0.0
2024-11-30 13:23:18,616 [WARN] PackLoader:240 - Cannot read IP mode file for STMicroelectronics.X-CUBE-AZRTOS-H7.2.1.0
2024-11-30 13:23:18,666 [WARN] PackLoader:240 - Cannot read IP mode file for STMicroelectronics.X-CUBE-TCPP.4.1.0
2024-11-30 13:23:18,728 [WARN] PackLoader:240 - Cannot read IP mode file for STMicroelectronics.X-CUBE-ALGOBUILD.1.3.0
2024-11-30 13:23:18,760 [WARN] PackLoader:240 - Cannot read IP mode file for STMicroelectronics.X-CUBE-AZRTOS-G0.1.1.0
2024-11-30 13:23:18,782 [WARN] PackLoader:240 - Cannot read IP mode file for STMicroelectronics.X-CUBE-SAFEA1.1.2.2
2024-11-30 13:23:18,939 [WARN] PackLoader:240 - Cannot read IP mode file for STMicroelectronics.X-CUBE-NFC4.3.0.0
2024-11-30 13:23:19,030 [WARN] PackLoader:240 - Cannot read IP mode file for SEGGER.I-CUBE-embOS.1.2.0
2024-11-30 13:23:19,133 [WARN] PackLoader:240 - Cannot read IP mode file for EmbeddedOffice.I-CUBE-FS-RTOS.1.0.1
2024-11-30 13:23:19,133 [ERROR] ConditionMgr:805 - Attr not supported : Dmpu
2024-11-30 13:23:19,134 [ERROR] ConditionMgr:805 - Attr not supported : Dmpu
2024-11-30 13:23:19,134 [ERROR] ConditionMgr:805 - Attr not supported : Dmpu
2024-11-30 13:23:19,134 [ERROR] ConditionMgr:805 - Attr not supported : Dmpu
2024-11-30 13:23:19,134 [ERROR] ConditionMgr:805 - Attr not supported : Dmpu
2024-11-30 13:23:19,134 [ERROR] ConditionMgr:805 - Attr not supported : Dmpu
2024-11-30 13:23:19,134 [ERROR] ConditionMgr:805 - Attr not supported : Dmpu
2024-11-30 13:23:19,134 [ERROR] ConditionMgr:805 - Attr not supported : Dmpu
2024-11-30 13:23:19,135 [ERROR] ConditionMgr:805 - Attr not supported : Dmpu
2024-11-30 13:23:19,135 [ERROR] ConditionMgr:805 - Attr not supported : Dmpu
2024-11-30 13:23:19,135 [ERROR] ConditionMgr:805 - Attr not supported : Dmpu
2024-11-30 13:23:19,135 [ERROR] ConditionMgr:805 - Attr not supported : Dmpu
2024-11-30 13:23:19,135 [ERROR] ConditionMgr:805 - Attr not supported : Dmpu
2024-11-30 13:23:19,135 [ERROR] ConditionMgr:805 - Attr not supported : Dmpu
2024-11-30 13:23:19,135 [ERROR] ConditionMgr:805 - Attr not supported : Dmpu
2024-11-30 13:23:19,136 [ERROR] ConditionMgr:805 - Attr not supported : Dmpu
2024-11-30 13:23:19,140 [ERROR] ConditionMgr:805 - Attr not supported : Dmpu
2024-11-30 13:23:19,157 [ERROR] ConditionMgr:805 - Attr not supported : Dmpu
2024-11-30 13:23:19,163 [ERROR] ConditionMgr:805 - Attr not supported : Dmpu
2024-11-30 13:23:19,163 [ERROR] ConditionMgr:805 - Attr not supported : Dmpu
2024-11-30 13:23:19,163 [ERROR] ConditionMgr:805 - Attr not supported : Dmpu
2024-11-30 13:23:19,163 [ERROR] ConditionMgr:805 - Attr not supported : Dmpu
2024-11-30 13:23:19,163 [ERROR] ConditionMgr:805 - Attr not supported : Dmpu
2024-11-30 13:23:19,163 [ERROR] ConditionMgr:805 - Attr not supported : Dmpu
2024-11-30 13:23:19,164 [ERROR] ConditionMgr:805 - Attr not supported : Dmpu
2024-11-30 13:23:19,164 [ERROR] ConditionMgr:805 - Attr not supported : Dmpu
2024-11-30 13:23:19,164 [ERROR] ConditionMgr:805 - Attr not supported : Dmpu
2024-11-30 13:23:19,164 [ERROR] ConditionMgr:805 - Attr not supported : Dmpu
2024-11-30 13:23:19,164 [ERROR] ConditionMgr:805 - Attr not supported : Dmpu
2024-11-30 13:23:19,164 [ERROR] ConditionMgr:805 - Attr not supported : Dmpu
2024-11-30 13:23:19,164 [ERROR] ConditionMgr:805 - Attr not supported : Dmpu
2024-11-30 13:23:19,164 [ERROR] ConditionMgr:805 - Attr not supported : Dmpu
2024-11-30 13:23:19,164 [ERROR] ConditionMgr:805 - Attr not supported : Dmpu
2024-11-30 13:23:19,164 [ERROR] ConditionMgr:805 - Attr not supported : Dmpu
2024-11-30 13:23:19,164 [ERROR] ConditionMgr:805 - Attr not supported : Dmpu
2024-11-30 13:23:19,164 [ERROR] ConditionMgr:805 - Attr not supported : Dmpu
2024-11-30 13:23:19,164 [ERROR] ConditionMgr:805 - Attr not supported : Dmpu
2024-11-30 13:23:19,164 [ERROR] ConditionMgr:805 - Attr not supported : Dmpu
2024-11-30 13:23:19,164 [ERROR] ConditionMgr:805 - Attr not supported : Dmpu
2024-11-30 13:23:19,164 [ERROR] ConditionMgr:805 - Attr not supported : Dmpu
2024-11-30 13:23:19,164 [ERROR] ConditionMgr:805 - Attr not supported : Dmpu
2024-11-30 13:23:19,165 [ERROR] ConditionMgr:805 - Attr not supported : Dmpu
2024-11-30 13:23:19,165 [ERROR] ConditionMgr:805 - Attr not supported : Dmpu
2024-11-30 13:23:19,165 [ERROR] ConditionMgr:805 - Attr not supported : Dmpu
2024-11-30 13:23:19,165 [ERROR] ConditionMgr:805 - Attr not supported : Dmpu
2024-11-30 13:23:19,165 [ERROR] ConditionMgr:805 - Attr not supported : Dmpu
2024-11-30 13:23:19,165 [ERROR] ConditionMgr:805 - Attr not supported : Dmpu
2024-11-30 13:23:19,165 [ERROR] ConditionMgr:805 - Attr not supported : Dmpu
2024-11-30 13:23:19,165 [ERROR] ConditionMgr:805 - Attr not supported : Dmpu
2024-11-30 13:23:19,165 [ERROR] ConditionMgr:805 - Attr not supported : Dmpu
2024-11-30 13:23:19,165 [ERROR] ConditionMgr:805 - Attr not supported : Dmpu
2024-11-30 13:23:19,165 [ERROR] ConditionMgr:805 - Attr not supported : Dmpu
2024-11-30 13:23:19,165 [ERROR] ConditionMgr:805 - Attr not supported : Dmpu
2024-11-30 13:23:19,165 [ERROR] ConditionMgr:805 - Attr not supported : Dmpu
2024-11-30 13:23:19,165 [ERROR] ConditionMgr:805 - Attr not supported : Dmpu
2024-11-30 13:23:19,165 [ERROR] ConditionMgr:805 - Attr not supported : Dmpu
2024-11-30 13:23:19,165 [ERROR] ConditionMgr:805 - Attr not supported : Dmpu
2024-11-30 13:23:19,165 [ERROR] ConditionMgr:805 - Attr not supported : Dmpu
2024-11-30 13:23:19,165 [ERROR] ConditionMgr:805 - Attr not supported : Dmpu
2024-11-30 13:23:19,166 [ERROR] ConditionMgr:805 - Attr not supported : Dmpu
2024-11-30 13:23:19,166 [ERROR] ConditionMgr:805 - Attr not supported : Dmpu
2024-11-30 13:23:19,166 [ERROR] ConditionMgr:805 - Attr not supported : Dmpu
2024-11-30 13:23:19,166 [ERROR] ConditionMgr:805 - Attr not supported : Dmpu
2024-11-30 13:23:19,166 [ERROR] ConditionMgr:805 - Attr not supported : Dmpu
2024-11-30 13:23:19,191 [WARN] PackLoader:240 - Cannot read IP mode file for RealThread.X-CUBE-RT-Thread_Nano.4.1.1
2024-11-30 13:23:19,203 [WARN] PackLoader:240 - Cannot read IP mode file for STMicroelectronics.FP-ATR-SIGFOX1.3.2.0
2024-11-30 13:23:19,215 [WARN] ConditionMgr:438 - getConditionDescription Invalid condition id : Cortex-A Device cause : null
2024-11-30 13:23:19,271 [WARN] ConditionMgr:1039 - genDependencies : Invalid condition id : Cortex-A Device cause : null
2024-11-30 13:23:19,271 [WARN] ConditionMgr:1039 - genDependencies : Invalid condition id : Cortex-A Device cause : null
2024-11-30 13:23:19,271 [WARN] ConditionMgr:1039 - genDependencies : Invalid condition id : Cortex-A Device cause : null
2024-11-30 13:23:19,290 [WARN] PackLoader:240 - Cannot read IP mode file for STMicroelectronics.X-CUBE-EEPRMA1.5.1.0
2024-11-30 13:23:19,309 [WARN] PackLoader:240 - Cannot read IP mode file for emotas.I-CUBE-CANOPEN.1.1.2
2024-11-30 13:23:19,330 [WARN] PackLoader:240 - Cannot read IP mode file for STMicroelectronics.X-CUBE-TOUCHGFX.4.20.0
2024-11-30 13:23:19,350 [WARN] PackLoader:240 - Cannot read IP mode file for ITTIA_DB.I-CUBE-ITTIADB.8.9.0
2024-11-30 13:23:19,465 [WARN] PackLoader:240 - Cannot read IP mode file for SEGGER.I-CUBE-embOS.1.3.1
2024-11-30 13:23:19,643 [WARN] PackLoader:240 - Cannot read IP mode file for STMicroelectronics.X-CUBE-ALGOBUILD.1.4.0
2024-11-30 13:23:19,703 [WARN] PackLoader:240 - Cannot read IP mode file for STMicroelectronics.X-CUBE-AI.9.1.0
2024-11-30 13:23:19,728 [WARN] PackLoader:240 - Cannot read IP mode file for STMicroelectronics.X-CUBE-GNSS1.6.0.0
2024-11-30 13:23:19,766 [WARN] PackLoader:240 - Cannot read IP mode file for STMicroelectronics.X-CUBE-AZRTOS-F4.1.1.0
2024-11-30 13:23:19,907 [WARN] PackLoader:240 - Cannot read IP mode file for STMicroelectronics.X-CUBE-ISPU.2.1.0
2024-11-30 13:23:19,938 [WARN] PackLoader:240 - Cannot read IP mode file for STMicroelectronics.X-CUBE-FREERTOS.1.2.0
2024-11-30 13:23:19,977 [WARN] PackLoader:240 - Cannot read IP mode file for STMicroelectronics.X-CUBE-AZRTOS-L5.2.0.0
2024-11-30 13:23:20,009 [WARN] PackLoader:240 - Cannot read IP mode file for STMicroelectronics.X-CUBE-NFC6.3.1.0
2024-11-30 13:23:20,046 [WARN] PackLoader:240 - Cannot read IP mode file for STMicroelectronics.X-CUBE-DPower.1.2.0
2024-11-30 13:23:20,061 [WARN] PackLoader:240 - Cannot read IP mode file for STMicroelectronics.X-CUBE-NFC4.2.0.4
2024-11-30 13:23:20,090 [WARN] PackLoader:240 - Cannot read IP mode file for STMicroelectronics.X-CUBE-AZRTOS-F4.1.0.0
2024-11-30 13:23:20,114 [WARN] PackLoader:240 - Cannot read IP mode file for STMicroelectronics.X-CUBE-NFC7.1.0.1
2024-11-30 13:23:20,138 [WARN] PackLoader:240 - Cannot read IP mode file for STMicroelectronics.X-CUBE-NFC7.1.0.0
2024-11-30 13:23:20,180 [WARN] ConditionMgr:438 - getConditionDescription Invalid condition id : LAN8742 Phy interface Condition cause : null
2024-11-30 13:23:20,180 [WARN] PackLoader:240 - Cannot read IP mode file for STMicroelectronics.X-CUBE-AZRTOS-L4.2.0.0
2024-11-30 13:23:20,181 [WARN] ConditionMgr:1039 - genDependencies : Invalid condition id : LAN8742 Phy interface Condition cause : null
2024-11-30 13:23:20,181 [WARN] ConditionMgr:1039 - genDependencies : Invalid condition id : LAN8742 Phy interface Condition cause : null
2024-11-30 13:23:20,182 [WARN] ConditionMgr:1039 - genDependencies : Invalid condition id : LAN8742 Phy interface Condition cause : null
2024-11-30 13:23:20,205 [WARN] PackLoader:240 - Cannot read IP mode file for STMicroelectronics.X-CUBE-SFXS2LP1.4.0.0
2024-11-30 13:23:20,257 [WARN] PackLoader:240 - Cannot read IP mode file for STMicroelectronics.X-CUBE-AZRTOS-H7.3.3.0
2024-11-30 13:23:20,336 [WARN] PackLoader:240 - Cannot read IP mode file for RoweBots.I-CUBE-UNISONRTOS.5.5.0-4
2024-11-30 13:23:20,397 [WARN] PackLoader:240 - Cannot read IP mode file for wolfSSL.I-CUBE-wolfSSL.5.4.0
2024-11-30 13:23:20,486 [WARN] PackLoader:240 - Cannot read IP mode file for STMicroelectronics.X-CUBE-IPS.3.0.0
2024-11-30 13:23:20,516 [WARN] ConditionMgr:438 - getConditionDescription Invalid condition id : UX DEVICE CLASS RTOS Condition cause : null
2024-11-30 13:23:20,516 [WARN] ConditionMgr:438 - getConditionDescription Invalid condition id : UX DEVICE CLASS RTOS Condition cause : null
2024-11-30 13:23:20,519 [WARN] PackLoader:240 - Cannot read IP mode file for STMicroelectronics.X-CUBE-AZRTOS-WB.2.0.0
2024-11-30 13:23:20,519 [WARN] ConditionMgr:1039 - genDependencies : Invalid condition id : UX DEVICE CLASS RTOS Condition cause : null
2024-11-30 13:23:20,519 [WARN] ConditionMgr:1039 - genDependencies : Invalid condition id : UX DEVICE CLASS RTOS Condition cause : null
2024-11-30 13:23:20,520 [WARN] ConditionMgr:1039 - genDependencies : Invalid condition id : UX DEVICE CLASS RTOS Condition cause : null
2024-11-30 13:23:20,520 [WARN] ConditionMgr:1039 - genDependencies : Invalid condition id : UX DEVICE CLASS RTOS Condition cause : null
2024-11-30 13:23:20,520 [WARN] ConditionMgr:1039 - genDependencies : Invalid condition id : UX DEVICE CLASS RTOS Condition cause : null
2024-11-30 13:23:20,539 [WARN] PackLoader:240 - Cannot read IP mode file for STMicroelectronics.X-CUBE-GNSS1.7.0.0
2024-11-30 13:23:20,580 [WARN] PackLoader:240 - Cannot read IP mode file for STMicroelectronics.X-CUBE-BLEMGR.1.0.0
2024-11-30 13:23:20,602 [WARN] PackLoader:240 - Cannot read IP mode file for STMicroelectronics.FP-SNS-STBOX1.2.0.0
2024-11-30 13:23:20,626 [WARN] PackLoader:240 - Cannot read IP mode file for STMicroelectronics.X-CUBE-SUBG2.5.0.0
2024-11-30 13:23:20,654 [WARN] PackLoader:240 - Cannot read IP mode file for Cesanta.I-CUBE-Mongoose.7.13.0
2024-11-30 13:23:20,684 [WARN] PackLoader:240 - Cannot read IP mode file for STMicroelectronics.X-CUBE-AZRTOS-G4.2.0.0
2024-11-30 13:23:20,701 [WARN] PackLoader:240 - Cannot read IP mode file for STMicroelectronics.FP-ATR-ASTRA1.1.1.0
2024-11-30 13:23:20,729 [WARN] PackLoader:240 - Cannot read IP mode file for STMicroelectronics.X-CUBE-AZRTOS-G4.1.0.0
2024-11-30 13:23:20,790 [WARN] PackLoader:240 - Cannot read IP mode file for STMicroelectronics.X-CUBE-AZRTOS-L4.1.0.0
2024-11-30 13:23:20,811 [WARN] PackLoader:240 - Cannot read IP mode file for STMicroelectronics.X-CUBE-ALS.1.0.2
2024-11-30 13:23:20,861 [WARN] PackLoader:240 - Cannot read IP mode file for STMicroelectronics.X-CUBE-AZRTOS-WL.1.0.0
2024-11-30 13:23:20,900 [WARN] PackLoader:240 - Cannot read IP mode file for STMicroelectronics.X-CUBE-TOUCHGFX.4.24.1
2024-11-30 13:23:20,917 [WARN] PackLoader:240 - Cannot read IP mode file for wolfSSL.I-CUBE-wolfTPM.3.4.0
2024-11-30 13:23:20,959 [WARN] PackLoader:240 - Cannot read IP mode file for portGmbH.I-Cube-SoM-uGOAL.1.1.0
2024-11-30 13:23:20,978 [WARN] PackLoader:240 - Cannot read IP mode file for STMicroelectronics.X-CUBE-ALS.1.0.1
2024-11-30 13:23:21,013 [WARN] PackLoader:240 - Cannot read IP mode file for STMicroelectronics.X-CUBE-AZRTOS-L5.1.0.0
2024-11-30 13:23:21,037 [WARN] PackLoader:240 - Cannot read IP mode file for STMicroelectronics.X-CUBE-EEPRMA1.3.1.1
2024-11-30 13:23:21,105 [WARN] PackLoader:240 - Cannot read IP mode file for STMicroelectronics.X-CUBE-AZRTOS-H7RS.1.0.0
2024-11-30 13:23:21,137 [WARN] PackLoader:240 - Cannot read IP mode file for STMicroelectronics.FP-ATR-ASTRA1.2.0.0
2024-11-30 13:23:21,160 [WARN] PackLoader:240 - Cannot read IP mode file for STMicroelectronics.X-CUBE-TOF1.3.4.2
2024-11-30 13:23:21,230 [WARN] PackLoader:240 - Cannot read IP mode file for Infineon.AIROC-Wi-Fi-Bluetooth-STM32.1.6.1
2024-11-30 13:23:21,245 [WARN] PackLoader:240 - Cannot read IP mode file for wolfSSL.I-CUBE-wolfSSH.1.4.17
2024-11-30 13:23:21,246 [INFO] ThirdParty:978 - Integrity check success = true
2024-11-30 13:23:21,246 [INFO] IntegrityCheckThread:100 - exiting critical section [integrity check]
2024-11-30 13:23:21,247 [INFO] IntegrityCheckThread:103 - End integrity checks thread
2024-11-30 13:23:25,251 [INFO] WebApp:167 - Instantiating new browser for Auth
2024-11-30 13:23:26,378 [INFO] WebApp:448 - Apply proxy settings
2024-11-30 13:23:26,379 [INFO] WebApp:533 - Chromium requires no authentication
2024-11-30 13:23:26,419 [INFO] WebApp:476 - Direct internet connection detected
2024-11-30 13:23:26,501 [INFO] WebApp:869 - Register for checkConnection events
2024-11-30 13:23:26,506 [INFO] WebApp:448 - Apply proxy settings
2024-11-30 13:23:26,506 [INFO] WebApp:533 - Chromium requires no authentication
2024-11-30 13:23:26,507 [INFO] WebApp:476 - Direct internet connection detected
2024-11-30 13:23:26,702 [INFO] WebApp:186 - Connection restablished
2024-11-30 13:23:26,934 [INFO] WebApp:220 - Starting web application
2024-11-30 13:23:26,934 [INFO] WebApp:578 - Web application path used C:\ST\STM32CubeIDE_1.16.1\STM32CubeIDE\plugins\com.st.stm32cube.common.mx_6.12.1.202409122256\db\plugins\mcufinder\reactClient1\index.html
2024-11-30 13:23:27,283 [INFO] UserAuth:417 - Internet connection configuration mode: 1
2024-11-30 13:25:45,364 [ERROR] LogOutputStream:75 - [STDERR_REDIRECT] 
2024-11-30 13:25:50,899 [INFO] Activator:176 - 


2024-11-30 13:25:50,900 [INFO] Activator:177 - !SESSION log4j initialized
2024-11-30 13:25:57,256 [INFO] LogOutputStream:77 - [STDOUT_REDIRECT] 
2024-11-30 13:26:01,502 [INFO] ApplicationProperties:184 - Using Application install path: C:\ST\STM32CubeIDE_1.16.1\STM32CubeIDE\plugins\com.st.stm32cube.common.mx_6.12.1.202409122256
2024-11-30 13:26:01,518 [INFO] DbMcusXml:78 - Set database path to: C:\ST\STM32CubeIDE_1.16.1\STM32CubeIDE\plugins\com.st.stm32cube.common.mx_6.12.1.202409122256\\db\/mcu/
2024-11-30 13:26:01,518 [INFO] ApiDb:274 - Set plugin database path to: C:\ST\STM32CubeIDE_1.16.1\STM32CubeIDE\plugins\com.st.stm32cube.common.mx_6.12.1.202409122256\\db\/plugins/boardmanager/
2024-11-30 13:26:01,519 [WARN] ApiDb:259 - Overriding images path with different value:  => C:\ST\STM32CubeIDE_1.16.1\STM32CubeIDE\plugins\com.st.stm32cube.common.mx_6.12.1.202409122256\\db\/plugins/mcufinder/images/
2024-11-30 13:26:01,527 [INFO] ApiDb:250 - Set database path to: C:\Users\Bruno\.stmcufinder\plugins\mcufinder//mcu/
2024-11-30 13:26:01,529 [INFO] DbMcusAds:125 - Set database path to: C:\Users\Bruno\.stmcufinder\plugins\mcufinder//mcu/
2024-11-30 13:26:01,530 [INFO] CrossReferenceDbSqlite:203 - Set database path to: C:\Users\Bruno\.stmcufinder\plugins\mcufinder//mcu/cs/
2024-11-30 13:26:01,641 [INFO] RulesReader:64 - Compatibility file has been processed (297 Rules)
2024-11-30 13:26:01,710 [INFO] DbMcusXml:78 - Set database path to: C:\ST\STM32CubeIDE_1.16.1\STM32CubeIDE\plugins\com.st.stm32cube.common.mx_6.12.1.202409122256\\db\/mcu/
2024-11-30 13:26:01,710 [INFO] ApiDb:274 - Set plugin database path to: C:\ST\STM32CubeIDE_1.16.1\STM32CubeIDE\plugins\com.st.stm32cube.common.mx_6.12.1.202409122256\\db\/plugins/boardmanager/
2024-11-30 13:26:01,710 [INFO] ApiDb:261 - Set plugin images path to: C:\ST\STM32CubeIDE_1.16.1\STM32CubeIDE\plugins\com.st.stm32cube.common.mx_6.12.1.202409122256\\db\/plugins/mcufinder/images/
2024-11-30 13:26:01,711 [WARN] DbFile:41 - Overriding database path with different value: C:\Users\Bruno\.stmcufinder\plugins\mcufinder/ => C:\Users\Bruno\.stmcufinder\plugins\mcufinder
2024-11-30 13:26:01,711 [INFO] ApiDb:250 - Set database path to: C:\Users\Bruno\.stmcufinder\plugins\mcufinder//mcu/
2024-11-30 13:26:01,711 [WARN] DbFile:41 - Overriding database path with different value: C:\Users\Bruno\.stmcufinder\plugins\mcufinder/ => C:\Users\Bruno\.stmcufinder\plugins\mcufinder
2024-11-30 13:26:01,711 [INFO] DbMcusAds:125 - Set database path to: C:\Users\Bruno\.stmcufinder\plugins\mcufinder//mcu/
2024-11-30 13:26:01,711 [WARN] DbFile:41 - Overriding database path with different value: C:\Users\Bruno\.stmcufinder\plugins\mcufinder/ => C:\Users\Bruno\.stmcufinder\plugins\mcufinder
2024-11-30 13:26:01,711 [WARN] DbFile:41 - Overriding database path with different value: C:\Users\Bruno\.stmcufinder\plugins\mcufinder/ => C:\Users\Bruno\.stmcufinder\plugins\mcufinder
2024-11-30 13:26:01,711 [INFO] CrossReferenceDbSqlite:203 - Set database path to: C:\Users\Bruno\.stmcufinder\plugins\mcufinder//mcu/cs/
2024-11-30 13:26:01,781 [INFO] MainPanel:268 - HeapMemory: 268435456
2024-11-30 13:26:01,860 [INFO] DbMcusXml:78 - Set database path to: C:\ST\STM32CubeIDE_1.16.1\STM32CubeIDE\plugins\com.st.stm32cube.common.mx_6.12.1.202409122256\\db\/mcu/
2024-11-30 13:26:01,860 [INFO] ApiDb:274 - Set plugin database path to: C:\ST\STM32CubeIDE_1.16.1\STM32CubeIDE\plugins\com.st.stm32cube.common.mx_6.12.1.202409122256\\db\/plugins/boardmanager/
2024-11-30 13:26:01,861 [INFO] ApiDb:261 - Set plugin images path to: C:\ST\STM32CubeIDE_1.16.1\STM32CubeIDE\plugins\com.st.stm32cube.common.mx_6.12.1.202409122256\\db\/plugins/mcufinder/images/
2024-11-30 13:26:01,861 [WARN] DbFile:41 - Overriding database path with different value: C:\Users\Bruno\.stmcufinder\plugins\mcufinder/ => C:\Users\Bruno\.stmcufinder\plugins\mcufinder
2024-11-30 13:26:01,861 [INFO] ApiDb:250 - Set database path to: C:\Users\Bruno\.stmcufinder\plugins\mcufinder//mcu/
2024-11-30 13:26:01,861 [WARN] DbFile:41 - Overriding database path with different value: C:\Users\Bruno\.stmcufinder\plugins\mcufinder/ => C:\Users\Bruno\.stmcufinder\plugins\mcufinder
2024-11-30 13:26:01,861 [INFO] DbMcusAds:125 - Set database path to: C:\Users\Bruno\.stmcufinder\plugins\mcufinder//mcu/
2024-11-30 13:26:01,862 [WARN] DbFile:41 - Overriding database path with different value: C:\Users\Bruno\.stmcufinder\plugins\mcufinder/ => C:\Users\Bruno\.stmcufinder\plugins\mcufinder
2024-11-30 13:26:01,862 [WARN] DbFile:41 - Overriding database path with different value: C:\Users\Bruno\.stmcufinder\plugins\mcufinder/ => C:\Users\Bruno\.stmcufinder\plugins\mcufinder
2024-11-30 13:26:01,862 [INFO] CrossReferenceDbSqlite:203 - Set database path to: C:\Users\Bruno\.stmcufinder\plugins\mcufinder//mcu/cs/
2024-11-30 13:26:01,879 [INFO] ApplicationProperties:184 - Using Application install path: C:\ST\STM32CubeIDE_1.16.1\STM32CubeIDE\plugins\com.st.stm32cube.common.mx_6.12.1.202409122256
2024-11-30 13:26:01,880 [INFO] PluginManage:196 - Search for loadable plugins [exclusion list=, ]
2024-11-30 13:26:01,881 [INFO] PluginManage:310 - Check plugin analytics
2024-11-30 13:26:02,046 [INFO] AnalyticsPlugin:253 - Accepted Software Licenses: STM32CubeMX.6.6.1
2024-11-30 13:26:02,046 [INFO] AnalyticsPlugin:255 - Accepted CMSIS Pack Licenses: 
2024-11-30 13:26:02,047 [INFO] AnalyticsPlugin:257 - Accepted Firmware Licenses: FW.G0.1.6.0,FW.F4.1.28.0
2024-11-30 13:26:02,050 [INFO] PluginManage:359 - Loaded plugin analytics (category:tool,tabindex:-1)
2024-11-30 13:26:02,050 [INFO] PluginManage:310 - Check plugin cadmodel
2024-11-30 13:26:02,054 [INFO] CADModel:105 - Init CAD model plugin
2024-11-30 13:26:02,055 [INFO] PluginManage:359 - Loaded plugin cadmodel (category:power,tabindex:5)
2024-11-30 13:26:02,055 [INFO] PluginManage:310 - Check plugin clock
2024-11-30 13:26:02,063 [INFO] PluginManage:359 - Loaded plugin clock (category:base,tabindex:2)
2024-11-30 13:26:02,063 [INFO] PluginManage:310 - Check plugin ddr
2024-11-30 13:26:02,065 [INFO] PluginManage:359 - Loaded plugin ddr (category:tool,tabindex:6)
2024-11-30 13:26:02,065 [INFO] PluginManage:310 - Check plugin filemanager
2024-11-30 13:26:02,196 [INFO] PluginManage:359 - Loaded plugin filemanager (category:base,tabindex:10)
2024-11-30 13:26:02,197 [INFO] PluginManage:310 - Check plugin ipmanager
2024-11-30 13:26:02,203 [INFO] PluginManage:359 - Loaded plugin ipmanager (category:base,tabindex:5)
2024-11-30 13:26:02,203 [INFO] PluginManage:310 - Check plugin lpbam
2024-11-30 13:26:02,211 [INFO] PluginManage:359 - Loaded plugin lpbam (category:base,tabindex:0)
2024-11-30 13:26:02,211 [INFO] PluginManage:310 - Check plugin memorymap
2024-11-30 13:26:02,222 [INFO] PluginManage:359 - Loaded plugin memorymap (category:base,tabindex:4)
2024-11-30 13:26:02,222 [INFO] PluginManage:310 - Check plugin pinoutandconfiguration
2024-11-30 13:26:02,229 [INFO] PluginManage:359 - Loaded plugin pinoutandconfiguration (category:base,tabindex:1)
2024-11-30 13:26:02,229 [INFO] PluginManage:310 - Check plugin pinoutconfig
2024-11-30 13:26:02,310 [WARN] SupportedApi:132 - Cannot load RTOS API schema: s4s-elt-must-match.1: The content of 'definitions' must match (annotation?, (simpleType | complexType)?, (unique | key | keyref)*)). A problem was found starting at: attribute.
2024-11-30 13:26:02,442 [INFO] PluginManage:359 - Loaded plugin pinoutconfig (category:base,tabindex:0)
2024-11-30 13:26:02,442 [INFO] PluginManage:310 - Check plugin power
2024-11-30 13:26:02,450 [INFO] PluginManage:359 - Loaded plugin power (category:power,tabindex:4)
2024-11-30 13:26:02,450 [INFO] PluginManage:310 - Check plugin projectmanager
2024-11-30 13:26:02,466 [INFO] PluginManage:359 - Loaded plugin projectmanager (category:projectmanager,tabindex:4)
2024-11-30 13:26:02,466 [INFO] PluginManage:310 - Check plugin rif
2024-11-30 13:26:02,471 [INFO] PluginManage:359 - Loaded plugin rif (category:base,tabindex:3)
2024-11-30 13:26:02,471 [INFO] PluginManage:310 - Check plugin thirdparty
2024-11-30 13:26:02,590 [INFO] PluginManage:359 - Loaded plugin thirdparty (category:base,tabindex:-1)
2024-11-30 13:26:02,590 [INFO] PluginManage:310 - Check plugin tools
2024-11-30 13:26:02,590 [WARN] IntegrityCheckThread:84 - waiting for thirdparty lock release [integrity check]
2024-11-30 13:26:02,591 [INFO] IntegrityCheckThread:86 - entering critical section [integrity check]
2024-11-30 13:26:02,591 [INFO] ThirdPartyUpdaterWithRetryManager:70 - Updater plugin not ready yet. [1/15]
2024-11-30 13:26:02,593 [INFO] PluginManage:359 - Loaded plugin tools (category:base,tabindex:7)
2024-11-30 13:26:02,593 [INFO] PluginManage:310 - Check plugin tutovideos
2024-11-30 13:26:02,755 [INFO] PluginManage:359 - Loaded plugin tutovideos (category:base,tabindex:-1)
2024-11-30 13:26:02,755 [INFO] PluginManage:310 - Check plugin updater
2024-11-30 13:26:02,770 [INFO] PluginManage:359 - Loaded plugin updater (category:base,tabindex:12)
2024-11-30 13:26:02,770 [INFO] PluginManage:310 - Check plugin userauth
2024-11-30 13:26:02,774 [INFO] UserAuth:113 - Init User Auth plugin
2024-11-30 13:26:02,775 [INFO] PluginManage:359 - Loaded plugin userauth (category:base,tabindex:14)
2024-11-30 13:26:02,775 [INFO] PluginManage:283 - PluginManage : Loaded plugins [18]
2024-11-30 13:26:02,963 [INFO] PinOutPanel:1561 - setPackage(No Configuration,No Configuration)
2024-11-30 13:26:03,051 [INFO] CADModel:165 - CPN selected for project level
2024-11-30 13:26:03,051 [INFO] CADModel:114 - Register for checkConnection events
2024-11-30 13:26:03,065 [INFO] IPUIPlugin:80 - create IPUIPlugin
2024-11-30 13:26:03,065 [INFO] PluginManager:220 - loadIPPluginJar : add adc
2024-11-30 13:26:03,067 [INFO] IPUIPlugin:80 - create IPUIPlugin
2024-11-30 13:26:03,067 [INFO] PluginManager:220 - loadIPPluginJar : add aes
2024-11-30 13:26:03,069 [INFO] IPUIPlugin:80 - create IPUIPlugin
2024-11-30 13:26:03,070 [INFO] PluginManager:220 - loadIPPluginJar : add can
2024-11-30 13:26:03,071 [INFO] IPUIPlugin:80 - create IPUIPlugin
2024-11-30 13:26:03,071 [INFO] PluginManager:220 - loadIPPluginJar : add comp
2024-11-30 13:26:03,073 [INFO] IPUIPlugin:80 - create IPUIPlugin
2024-11-30 13:26:03,073 [INFO] PluginManager:220 - loadIPPluginJar : add cryp
2024-11-30 13:26:03,075 [INFO] IPUIPlugin:80 - create IPUIPlugin
2024-11-30 13:26:03,075 [INFO] PluginManager:220 - loadIPPluginJar : add ddr_ctrl_phy
2024-11-30 13:26:03,077 [INFO] IPUIPlugin:80 - create IPUIPlugin
2024-11-30 13:26:03,077 [INFO] PluginManager:220 - loadIPPluginJar : add dfsdm
2024-11-30 13:26:03,082 [INFO] IPUIPlugin:80 - create IPUIPlugin
2024-11-30 13:26:03,082 [INFO] PluginManager:220 - loadIPPluginJar : add dma
2024-11-30 13:26:03,085 [INFO] IPUIPlugin:80 - create IPUIPlugin
2024-11-30 13:26:03,085 [INFO] PluginManager:220 - loadIPPluginJar : add dma3
2024-11-30 13:26:03,087 [INFO] IPUIPlugin:80 - create IPUIPlugin
2024-11-30 13:26:03,087 [INFO] PluginManager:220 - loadIPPluginJar : add extmemmanager
2024-11-30 13:26:03,089 [INFO] IPUIPlugin:80 - create IPUIPlugin
2024-11-30 13:26:03,089 [INFO] PluginManager:220 - loadIPPluginJar : add fatfs
2024-11-30 13:26:03,093 [INFO] IPUIPlugin:80 - create IPUIPlugin
2024-11-30 13:26:03,093 [INFO] PluginManager:220 - loadIPPluginJar : add fmc
2024-11-30 13:26:03,097 [INFO] IPUIPlugin:80 - create IPUIPlugin
2024-11-30 13:26:03,098 [INFO] PluginManager:220 - loadIPPluginJar : add freertos
2024-11-30 13:26:03,099 [INFO] IPUIPlugin:80 - create IPUIPlugin
2024-11-30 13:26:03,099 [INFO] PluginManager:220 - loadIPPluginJar : add genericplugin
2024-11-30 13:26:03,101 [INFO] IPUIPlugin:80 - create IPUIPlugin
2024-11-30 13:26:03,101 [INFO] PluginManager:220 - loadIPPluginJar : add gfxmmu
2024-11-30 13:26:03,105 [INFO] IPUIPlugin:80 - create IPUIPlugin
2024-11-30 13:26:03,105 [INFO] PluginManager:220 - loadIPPluginJar : add gic
2024-11-30 13:26:03,108 [INFO] IPUIPlugin:80 - create IPUIPlugin
2024-11-30 13:26:03,108 [INFO] PluginManager:220 - loadIPPluginJar : add gpio
2024-11-30 13:26:03,110 [INFO] IPUIPlugin:80 - create IPUIPlugin
2024-11-30 13:26:03,110 [INFO] PluginManager:220 - loadIPPluginJar : add gtzc
2024-11-30 13:26:03,112 [INFO] IPUIPlugin:80 - create IPUIPlugin
2024-11-30 13:26:03,112 [INFO] PluginManager:220 - loadIPPluginJar : add hash
2024-11-30 13:26:03,115 [INFO] IPUIPlugin:80 - create IPUIPlugin
2024-11-30 13:26:03,115 [INFO] PluginManager:220 - loadIPPluginJar : add i2c
2024-11-30 13:26:03,117 [INFO] IPUIPlugin:80 - create IPUIPlugin
2024-11-30 13:26:03,117 [INFO] PluginManager:220 - loadIPPluginJar : add i2s
2024-11-30 13:26:03,119 [INFO] IPUIPlugin:80 - create IPUIPlugin
2024-11-30 13:26:03,120 [INFO] PluginManager:220 - loadIPPluginJar : add i3c
2024-11-30 13:26:03,122 [INFO] IPUIPlugin:80 - create IPUIPlugin
2024-11-30 13:26:03,122 [INFO] PluginManager:220 - loadIPPluginJar : add ipddr
2024-11-30 13:26:03,128 [INFO] IPUIPlugin:80 - create IPUIPlugin
2024-11-30 13:26:03,128 [INFO] PluginManager:220 - loadIPPluginJar : add linkedlist
2024-11-30 13:26:03,131 [INFO] IPUIPlugin:80 - create IPUIPlugin
2024-11-30 13:26:03,131 [INFO] PluginManager:220 - loadIPPluginJar : add lorawan
2024-11-30 13:26:03,133 [INFO] IPUIPlugin:80 - create IPUIPlugin
2024-11-30 13:26:03,133 [INFO] PluginManager:220 - loadIPPluginJar : add ltdc
2024-11-30 13:26:03,138 [INFO] IPUIPlugin:80 - create IPUIPlugin
2024-11-30 13:26:03,138 [INFO] PluginManager:220 - loadIPPluginJar : add mdma
2024-11-30 13:26:03,141 [INFO] IPUIPlugin:80 - create IPUIPlugin
2024-11-30 13:26:03,142 [INFO] PluginManager:220 - loadIPPluginJar : add nvic
2024-11-30 13:26:03,145 [INFO] IPUIPlugin:80 - create IPUIPlugin
2024-11-30 13:26:03,145 [INFO] PluginManager:220 - loadIPPluginJar : add opamp
2024-11-30 13:26:03,148 [INFO] IPUIPlugin:80 - create IPUIPlugin
2024-11-30 13:26:03,148 [INFO] PluginManager:220 - loadIPPluginJar : add openamp
2024-11-30 13:26:03,151 [INFO] IPUIPlugin:80 - create IPUIPlugin
2024-11-30 13:26:03,151 [INFO] PluginManager:220 - loadIPPluginJar : add pdm2pcm
2024-11-30 13:26:03,157 [INFO] IPUIPlugin:80 - create IPUIPlugin
2024-11-30 13:26:03,159 [INFO] PluginManager:220 - loadIPPluginJar : add plateformsettings
2024-11-30 13:26:03,161 [INFO] IPUIPlugin:80 - create IPUIPlugin
2024-11-30 13:26:03,161 [INFO] PluginManager:220 - loadIPPluginJar : add quadspi
2024-11-30 13:26:03,163 [INFO] IPUIPlugin:80 - create IPUIPlugin
2024-11-30 13:26:03,164 [INFO] PluginManager:220 - loadIPPluginJar : add radio
2024-11-30 13:26:03,167 [INFO] IPUIPlugin:80 - create IPUIPlugin
2024-11-30 13:26:03,167 [INFO] PluginManager:220 - loadIPPluginJar : add resmgrutility
2024-11-30 13:26:03,170 [INFO] IPUIPlugin:80 - create IPUIPlugin
2024-11-30 13:26:03,170 [INFO] PluginManager:220 - loadIPPluginJar : add sai
2024-11-30 13:26:03,172 [INFO] IPUIPlugin:80 - create IPUIPlugin
2024-11-30 13:26:03,172 [INFO] PluginManager:220 - loadIPPluginJar : add spi
2024-11-30 13:26:03,178 [INFO] IPUIPlugin:80 - create IPUIPlugin
2024-11-30 13:26:03,178 [INFO] PluginManager:220 - loadIPPluginJar : add stm32_wpan
2024-11-30 13:26:03,180 [INFO] IPUIPlugin:80 - create IPUIPlugin
2024-11-30 13:26:03,180 [INFO] PluginManager:220 - loadIPPluginJar : add tim
2024-11-30 13:26:03,183 [INFO] IPUIPlugin:80 - create IPUIPlugin
2024-11-30 13:26:03,183 [INFO] PluginManager:220 - loadIPPluginJar : add touchsensing
2024-11-30 13:26:03,185 [INFO] IPUIPlugin:80 - create IPUIPlugin
2024-11-30 13:26:03,186 [INFO] PluginManager:220 - loadIPPluginJar : add tracer_emb
2024-11-30 13:26:03,187 [INFO] IPUIPlugin:80 - create IPUIPlugin
2024-11-30 13:26:03,188 [INFO] PluginManager:220 - loadIPPluginJar : add ts
2024-11-30 13:26:03,189 [INFO] IPUIPlugin:80 - create IPUIPlugin
2024-11-30 13:26:03,189 [INFO] PluginManager:220 - loadIPPluginJar : add tsc
2024-11-30 13:26:03,191 [INFO] IPUIPlugin:80 - create IPUIPlugin
2024-11-30 13:26:03,191 [INFO] PluginManager:220 - loadIPPluginJar : add ucpd
2024-11-30 13:26:03,194 [INFO] IPUIPlugin:80 - create IPUIPlugin
2024-11-30 13:26:03,194 [INFO] PluginManager:220 - loadIPPluginJar : add usart
2024-11-30 13:26:03,197 [INFO] IPUIPlugin:80 - create IPUIPlugin
2024-11-30 13:26:03,197 [INFO] PluginManager:220 - loadIPPluginJar : add usbx
2024-11-30 13:26:03,324 [INFO] CADModel:165 - CPN selected for project level
2024-11-30 13:26:03,325 [INFO] CADModel:114 - Register for checkConnection events
2024-11-30 13:26:03,325 [FATAL] Updater:334 - Updater called before beeing initialized
2024-11-30 13:26:03,326 [ERROR] CADModel:125 - Updater not yet initialized, retry later 
2024-11-30 13:26:03,473 [INFO] CADModel:165 - CPN selected for project level
2024-11-30 13:26:03,473 [INFO] CADModel:114 - Register for checkConnection events
2024-11-30 13:26:03,473 [FATAL] Updater:334 - Updater called before beeing initialized
2024-11-30 13:26:03,473 [ERROR] CADModel:125 - Updater not yet initialized, retry later 
2024-11-30 13:26:03,476 [FATAL] Updater:334 - Updater called before beeing initialized
2024-11-30 13:26:03,574 [FATAL] Updater:334 - Updater called before beeing initialized
2024-11-30 13:26:03,578 [INFO] DbMcusAds:53 - JSON generation date=Fri Sep 20 15:04:23 CEST 2024 (1726837463113)
2024-11-30 13:26:03,578 [FATAL] Updater:334 - Updater called before beeing initialized
2024-11-30 13:26:03,611 [WARN] DetailPanel:346 - Failed to get advertising image, set to default
2024-11-30 13:26:03,721 [FATAL] Updater:334 - Updater called before beeing initialized
2024-11-30 13:26:03,723 [FATAL] Updater:334 - Updater called before beeing initialized
2024-11-30 13:26:03,723 [FATAL] Updater:334 - Updater called before beeing initialized
2024-11-30 13:26:03,723 [WARN] DetailPanel:346 - Failed to get advertising image, set to default
2024-11-30 13:26:03,725 [FATAL] Updater:334 - Updater called before beeing initialized
2024-11-30 13:26:03,782 [ERROR] Updater:1164 - MainUpdater not yet initialized. External WinMGr cannot be set.
2024-11-30 13:26:03,796 [INFO] Updater:1100 - Updater Version found : 6.12.1
2024-11-30 13:26:03,813 [INFO] ApplicationProperties:184 - Using Application install path: C:\ST\STM32CubeIDE_1.16.1\STM32CubeIDE\plugins\com.st.stm32cube.common.mx_6.12.1.202409122256
2024-11-30 13:26:04,100 [INFO] MainUpdater:2873 - connection check result : 10
2024-11-30 13:26:04,100 [INFO] MainUpdater:290 - Updater Check For Update Now.
2024-11-30 13:26:04,101 [INFO] MicroXplorer:498 - Change Database Version : DB.6.0.121
2024-11-30 13:26:04,105 [INFO] McuFinderGlobals:63 - Set McuFinder mode to 2 (CubeIDE integrated)
2024-11-30 13:26:04,106 [INFO] UserAuth:417 - Internet connection configuration mode: 1
2024-11-30 13:26:04,117 [INFO] JxBrowserEngine:152 - Initiate JxBrowser Engine with user profile folder
2024-11-30 13:26:04,302 [INFO] CheckServerUpdateThread:120 - End of CheckServer Thread
2024-11-30 13:26:04,664 [INFO] WebApp:167 - Instantiating new browser for Auth
2024-11-30 13:26:05,421 [INFO] WebApp:448 - Apply proxy settings
2024-11-30 13:26:05,421 [INFO] WebApp:533 - Chromium requires no authentication
2024-11-30 13:26:05,428 [INFO] WebApp:476 - Direct internet connection detected
2024-11-30 13:26:05,447 [INFO] WebApp:869 - Register for checkConnection events
2024-11-30 13:26:05,447 [INFO] WebApp:448 - Apply proxy settings
2024-11-30 13:26:05,448 [INFO] WebApp:533 - Chromium requires no authentication
2024-11-30 13:26:05,448 [INFO] WebApp:476 - Direct internet connection detected
2024-11-30 13:26:05,626 [INFO] WebApp:220 - Starting web application
2024-11-30 13:26:05,626 [INFO] WebApp:578 - Web application path used C:\ST\STM32CubeIDE_1.16.1\STM32CubeIDE\plugins\com.st.stm32cube.common.mx_6.12.1.202409122256\db\plugins\mcufinder\reactClient1\index.html
2024-11-30 13:26:05,754 [INFO] UserAuth:417 - Internet connection configuration mode: 1
2024-11-30 13:26:05,894 [WARN] PackLoader:240 - Cannot read IP mode file for STMicroelectronics.FP-SNS-MOTENVWB1.1.4.0
2024-11-30 13:26:05,904 [WARN] PackLoader:240 - Cannot read IP mode file for STMicroelectronics.FP-ATR-ASTRA1.2.0.1
2024-11-30 13:26:05,912 [WARN] PackLoader:240 - Cannot read IP mode file for STMicroelectronics.X-CUBE-SMBUS.2.1.0
2024-11-30 13:26:05,920 [WARN] PackLoader:240 - Cannot read IP mode file for STMicroelectronics.X-CUBE-WB05N.1.1.0
2024-11-30 13:26:05,985 [WARN] PackLoader:240 - Cannot read IP mode file for STMicroelectronics.X-CUBE-MEMS1.9.2.0
2024-11-30 13:26:06,115 [INFO] WebApp:186 - Connection restablished
2024-11-30 13:26:06,158 [WARN] PackLoader:240 - Cannot read IP mode file for STMicroelectronics.X-CUBE-AZRTOS-F7.1.1.0
2024-11-30 13:26:06,168 [WARN] PackLoader:240 - Cannot read IP mode file for STMicroelectronics.X-CUBE-BLE1.6.2.3
2024-11-30 13:26:06,345 [WARN] PackLoader:240 - Cannot read IP mode file for STMicroelectronics.X-CUBE-MEMS1.11.0.0
2024-11-30 13:26:06,472 [WARN] PackLoader:240 - Cannot read IP mode file for STMicroelectronics.FP-SNS-FLIGHT1.5.0.2
2024-11-30 13:26:06,480 [WARN] PackLoader:240 - Cannot read IP mode file for STMicroelectronics.X-CUBE-TOF1.3.1.0
2024-11-30 13:26:06,490 [WARN] PackLoader:240 - Cannot read IP mode file for STMicroelectronics.X-CUBE-DISPLAY.3.0.0
2024-11-30 13:26:06,496 [WARN] PackLoader:240 - Cannot read IP mode file for STMicroelectronics.X-CUBE-BLE1.7.0.0
2024-11-30 13:26:06,513 [WARN] PackLoader:240 - Cannot read IP mode file for STMicroelectronics.X-CUBE-NFC10.1.0.0
2024-11-30 13:26:06,518 [WARN] PackLoader:240 - Cannot read IP mode file for STMicroelectronics.X-CUBE-AI.7.2.0
2024-11-30 13:26:06,526 [WARN] PackLoader:240 - Cannot read IP mode file for STMicroelectronics.X-CUBE-BLEMGR.3.1.0
2024-11-30 13:26:06,541 [WARN] PackLoader:240 - Cannot read IP mode file for STMicroelectronics.FP-SNS-SMARTAG2.1.2.0
2024-11-30 13:26:06,549 [INFO] LogOutputStream:77 - [STDOUT_REDIRECT] 1 : Invalid condition id : UX_CORESTACK_Condition cause : null
2024-11-30 13:26:06,550 [INFO] LogOutputStream:77 - [STDOUT_REDIRECT] 1 : Invalid condition id : UX_CORESTACK_Condition cause : null
2024-11-30 13:26:06,551 [INFO] LogOutputStream:77 - [STDOUT_REDIRECT] 1 : Invalid condition id : UX_CORESTACK_Condition cause : null
2024-11-30 13:26:06,552 [INFO] LogOutputStream:77 - [STDOUT_REDIRECT] 1 : Invalid condition id : UX_CORESTACK_Condition cause : null
2024-11-30 13:26:06,553 [INFO] LogOutputStream:77 - [STDOUT_REDIRECT] 1 : Invalid condition id : UX_CORESTACK_Condition cause : null
2024-11-30 13:26:06,557 [WARN] PackLoader:240 - Cannot read IP mode file for STMicroelectronics.X-CUBE-AZRTOS-WL.2.0.0
2024-11-30 13:26:06,562 [WARN] PackLoader:240 - Cannot read IP mode file for STMicroelectronics.FP-SNS-MOTENV1.5.0.0
2024-11-30 13:26:06,567 [WARN] PackLoader:240 - Cannot read IP mode file for wolfSSL.I-CUBE-wolfMQTT.1.19.0
2024-11-30 13:26:06,573 [WARN] PackLoader:240 - Cannot read IP mode file for WES.I-CUBE-Cesium.1.3.0
2024-11-30 13:26:06,578 [WARN] PackLoader:240 - Cannot read IP mode file for STMicroelectronics.X-CUBE-BLE2.3.3.0
2024-11-30 13:26:06,583 [WARN] PackLoader:240 - Cannot read IP mode file for STMicroelectronics.X-CUBE-DISPLAY.2.2.0
2024-11-30 13:26:06,609 [WARN] PackLoader:240 - Cannot read IP mode file for STMicroelectronics.X-CUBE-NFC9.1.0.0
2024-11-30 13:26:06,625 [WARN] PackLoader:240 - Cannot read IP mode file for STMicroelectronics.X-CUBE-AZRTOS-H7.2.1.0
2024-11-30 13:26:06,633 [WARN] PackLoader:240 - Cannot read IP mode file for STMicroelectronics.X-CUBE-TCPP.4.1.0
2024-11-30 13:26:06,640 [WARN] PackLoader:240 - Cannot read IP mode file for STMicroelectronics.X-CUBE-ALGOBUILD.1.3.0
2024-11-30 13:26:06,653 [WARN] PackLoader:240 - Cannot read IP mode file for STMicroelectronics.X-CUBE-AZRTOS-G0.1.1.0
2024-11-30 13:26:06,660 [WARN] PackLoader:240 - Cannot read IP mode file for STMicroelectronics.X-CUBE-SAFEA1.1.2.2
2024-11-30 13:26:06,666 [WARN] PackLoader:240 - Cannot read IP mode file for STMicroelectronics.X-CUBE-NFC4.3.0.0
2024-11-30 13:26:06,697 [WARN] PackLoader:240 - Cannot read IP mode file for SEGGER.I-CUBE-embOS.1.2.0
2024-11-30 13:26:06,757 [WARN] PackLoader:240 - Cannot read IP mode file for EmbeddedOffice.I-CUBE-FS-RTOS.1.0.1
2024-11-30 13:26:06,758 [ERROR] ConditionMgr:805 - Attr not supported : Dmpu
2024-11-30 13:26:06,758 [ERROR] ConditionMgr:805 - Attr not supported : Dmpu
2024-11-30 13:26:06,758 [ERROR] ConditionMgr:805 - Attr not supported : Dmpu
2024-11-30 13:26:06,758 [ERROR] ConditionMgr:805 - Attr not supported : Dmpu
2024-11-30 13:26:06,758 [ERROR] ConditionMgr:805 - Attr not supported : Dmpu
2024-11-30 13:26:06,758 [ERROR] ConditionMgr:805 - Attr not supported : Dmpu
2024-11-30 13:26:06,758 [ERROR] ConditionMgr:805 - Attr not supported : Dmpu
2024-11-30 13:26:06,758 [ERROR] ConditionMgr:805 - Attr not supported : Dmpu
2024-11-30 13:26:06,758 [ERROR] ConditionMgr:805 - Attr not supported : Dmpu
2024-11-30 13:26:06,758 [ERROR] ConditionMgr:805 - Attr not supported : Dmpu
2024-11-30 13:26:06,758 [ERROR] ConditionMgr:805 - Attr not supported : Dmpu
2024-11-30 13:26:06,758 [ERROR] ConditionMgr:805 - Attr not supported : Dmpu
2024-11-30 13:26:06,759 [ERROR] ConditionMgr:805 - Attr not supported : Dmpu
2024-11-30 13:26:06,759 [ERROR] ConditionMgr:805 - Attr not supported : Dmpu
2024-11-30 13:26:06,759 [ERROR] ConditionMgr:805 - Attr not supported : Dmpu
2024-11-30 13:26:06,759 [ERROR] ConditionMgr:805 - Attr not supported : Dmpu
2024-11-30 13:26:06,759 [ERROR] ConditionMgr:805 - Attr not supported : Dmpu
2024-11-30 13:26:06,759 [ERROR] ConditionMgr:805 - Attr not supported : Dmpu
2024-11-30 13:26:06,759 [ERROR] ConditionMgr:805 - Attr not supported : Dmpu
2024-11-30 13:26:06,759 [ERROR] ConditionMgr:805 - Attr not supported : Dmpu
2024-11-30 13:26:06,759 [ERROR] ConditionMgr:805 - Attr not supported : Dmpu
2024-11-30 13:26:06,759 [ERROR] ConditionMgr:805 - Attr not supported : Dmpu
2024-11-30 13:26:06,759 [ERROR] ConditionMgr:805 - Attr not supported : Dmpu
2024-11-30 13:26:06,759 [ERROR] ConditionMgr:805 - Attr not supported : Dmpu
2024-11-30 13:26:06,759 [ERROR] ConditionMgr:805 - Attr not supported : Dmpu
2024-11-30 13:26:06,759 [ERROR] ConditionMgr:805 - Attr not supported : Dmpu
2024-11-30 13:26:06,759 [ERROR] ConditionMgr:805 - Attr not supported : Dmpu
2024-11-30 13:26:06,760 [ERROR] ConditionMgr:805 - Attr not supported : Dmpu
2024-11-30 13:26:06,760 [ERROR] ConditionMgr:805 - Attr not supported : Dmpu
2024-11-30 13:26:06,760 [ERROR] ConditionMgr:805 - Attr not supported : Dmpu
2024-11-30 13:26:06,760 [ERROR] ConditionMgr:805 - Attr not supported : Dmpu
2024-11-30 13:26:06,760 [ERROR] ConditionMgr:805 - Attr not supported : Dmpu
2024-11-30 13:26:06,760 [ERROR] ConditionMgr:805 - Attr not supported : Dmpu
2024-11-30 13:26:06,760 [ERROR] ConditionMgr:805 - Attr not supported : Dmpu
2024-11-30 13:26:06,760 [ERROR] ConditionMgr:805 - Attr not supported : Dmpu
2024-11-30 13:26:06,760 [ERROR] ConditionMgr:805 - Attr not supported : Dmpu
2024-11-30 13:26:06,760 [ERROR] ConditionMgr:805 - Attr not supported : Dmpu
2024-11-30 13:26:06,760 [ERROR] ConditionMgr:805 - Attr not supported : Dmpu
2024-11-30 13:26:06,760 [ERROR] ConditionMgr:805 - Attr not supported : Dmpu
2024-11-30 13:26:06,760 [ERROR] ConditionMgr:805 - Attr not supported : Dmpu
2024-11-30 13:26:06,761 [ERROR] ConditionMgr:805 - Attr not supported : Dmpu
2024-11-30 13:26:06,761 [ERROR] ConditionMgr:805 - Attr not supported : Dmpu
2024-11-30 13:26:06,761 [ERROR] ConditionMgr:805 - Attr not supported : Dmpu
2024-11-30 13:26:06,761 [ERROR] ConditionMgr:805 - Attr not supported : Dmpu
2024-11-30 13:26:06,761 [ERROR] ConditionMgr:805 - Attr not supported : Dmpu
2024-11-30 13:26:06,761 [ERROR] ConditionMgr:805 - Attr not supported : Dmpu
2024-11-30 13:26:06,761 [ERROR] ConditionMgr:805 - Attr not supported : Dmpu
2024-11-30 13:26:06,761 [ERROR] ConditionMgr:805 - Attr not supported : Dmpu
2024-11-30 13:26:06,761 [ERROR] ConditionMgr:805 - Attr not supported : Dmpu
2024-11-30 13:26:06,761 [ERROR] ConditionMgr:805 - Attr not supported : Dmpu
2024-11-30 13:26:06,761 [ERROR] ConditionMgr:805 - Attr not supported : Dmpu
2024-11-30 13:26:06,761 [ERROR] ConditionMgr:805 - Attr not supported : Dmpu
2024-11-30 13:26:06,762 [ERROR] ConditionMgr:805 - Attr not supported : Dmpu
2024-11-30 13:26:06,762 [ERROR] ConditionMgr:805 - Attr not supported : Dmpu
2024-11-30 13:26:06,762 [ERROR] ConditionMgr:805 - Attr not supported : Dmpu
2024-11-30 13:26:06,762 [ERROR] ConditionMgr:805 - Attr not supported : Dmpu
2024-11-30 13:26:06,762 [ERROR] ConditionMgr:805 - Attr not supported : Dmpu
2024-11-30 13:26:06,762 [ERROR] ConditionMgr:805 - Attr not supported : Dmpu
2024-11-30 13:26:06,762 [ERROR] ConditionMgr:805 - Attr not supported : Dmpu
2024-11-30 13:26:06,762 [ERROR] ConditionMgr:805 - Attr not supported : Dmpu
2024-11-30 13:26:06,762 [ERROR] ConditionMgr:805 - Attr not supported : Dmpu
2024-11-30 13:26:06,762 [ERROR] ConditionMgr:805 - Attr not supported : Dmpu
2024-11-30 13:26:06,762 [ERROR] ConditionMgr:805 - Attr not supported : Dmpu
2024-11-30 13:26:06,763 [ERROR] ConditionMgr:805 - Attr not supported : Dmpu
2024-11-30 13:26:06,768 [WARN] PackLoader:240 - Cannot read IP mode file for RealThread.X-CUBE-RT-Thread_Nano.4.1.1
2024-11-30 13:26:06,771 [WARN] PackLoader:240 - Cannot read IP mode file for STMicroelectronics.FP-ATR-SIGFOX1.3.2.0
2024-11-30 13:26:06,775 [WARN] ConditionMgr:438 - getConditionDescription Invalid condition id : Cortex-A Device cause : null
2024-11-30 13:26:06,795 [WARN] ConditionMgr:1039 - genDependencies : Invalid condition id : Cortex-A Device cause : null
2024-11-30 13:26:06,796 [WARN] ConditionMgr:1039 - genDependencies : Invalid condition id : Cortex-A Device cause : null
2024-11-30 13:26:06,796 [WARN] ConditionMgr:1039 - genDependencies : Invalid condition id : Cortex-A Device cause : null
2024-11-30 13:26:06,802 [WARN] PackLoader:240 - Cannot read IP mode file for STMicroelectronics.X-CUBE-EEPRMA1.5.1.0
2024-11-30 13:26:06,809 [WARN] PackLoader:240 - Cannot read IP mode file for emotas.I-CUBE-CANOPEN.1.1.2
2024-11-30 13:26:06,812 [WARN] PackLoader:240 - Cannot read IP mode file for STMicroelectronics.X-CUBE-TOUCHGFX.4.20.0
2024-11-30 13:26:06,819 [WARN] PackLoader:240 - Cannot read IP mode file for ITTIA_DB.I-CUBE-ITTIADB.8.9.0
2024-11-30 13:26:06,869 [WARN] PackLoader:240 - Cannot read IP mode file for SEGGER.I-CUBE-embOS.1.3.1
2024-11-30 13:26:06,906 [WARN] PackLoader:240 - Cannot read IP mode file for STMicroelectronics.X-CUBE-ALGOBUILD.1.4.0
2024-11-30 13:26:06,909 [WARN] PackLoader:240 - Cannot read IP mode file for STMicroelectronics.X-CUBE-AI.9.1.0
2024-11-30 13:26:06,914 [WARN] PackLoader:240 - Cannot read IP mode file for STMicroelectronics.X-CUBE-GNSS1.6.0.0
2024-11-30 13:26:06,928 [WARN] PackLoader:240 - Cannot read IP mode file for STMicroelectronics.X-CUBE-AZRTOS-F4.1.1.0
2024-11-30 13:26:06,934 [WARN] PackLoader:240 - Cannot read IP mode file for STMicroelectronics.X-CUBE-ISPU.2.1.0
2024-11-30 13:26:06,939 [WARN] PackLoader:240 - Cannot read IP mode file for STMicroelectronics.X-CUBE-FREERTOS.1.2.0
2024-11-30 13:26:06,957 [WARN] PackLoader:240 - Cannot read IP mode file for STMicroelectronics.X-CUBE-AZRTOS-L5.2.0.0
2024-11-30 13:26:06,965 [WARN] PackLoader:240 - Cannot read IP mode file for STMicroelectronics.X-CUBE-NFC6.3.1.0
2024-11-30 13:26:06,991 [WARN] PackLoader:240 - Cannot read IP mode file for STMicroelectronics.X-CUBE-DPower.1.2.0
2024-11-30 13:26:07,007 [WARN] PackLoader:240 - Cannot read IP mode file for STMicroelectronics.X-CUBE-NFC4.2.0.4
2024-11-30 13:26:07,024 [WARN] PackLoader:240 - Cannot read IP mode file for STMicroelectronics.X-CUBE-AZRTOS-F4.1.0.0
2024-11-30 13:26:07,032 [WARN] PackLoader:240 - Cannot read IP mode file for STMicroelectronics.X-CUBE-NFC7.1.0.1
2024-11-30 13:26:07,036 [WARN] PackLoader:240 - Cannot read IP mode file for STMicroelectronics.X-CUBE-NFC7.1.0.0
2024-11-30 13:26:07,052 [WARN] ConditionMgr:438 - getConditionDescription Invalid condition id : LAN8742 Phy interface Condition cause : null
2024-11-30 13:26:07,053 [WARN] PackLoader:240 - Cannot read IP mode file for STMicroelectronics.X-CUBE-AZRTOS-L4.2.0.0
2024-11-30 13:26:07,054 [WARN] ConditionMgr:1039 - genDependencies : Invalid condition id : LAN8742 Phy interface Condition cause : null
2024-11-30 13:26:07,054 [WARN] ConditionMgr:1039 - genDependencies : Invalid condition id : LAN8742 Phy interface Condition cause : null
2024-11-30 13:26:07,055 [WARN] ConditionMgr:1039 - genDependencies : Invalid condition id : LAN8742 Phy interface Condition cause : null
2024-11-30 13:26:07,062 [WARN] PackLoader:240 - Cannot read IP mode file for STMicroelectronics.X-CUBE-SFXS2LP1.4.0.0
2024-11-30 13:26:07,095 [WARN] PackLoader:240 - Cannot read IP mode file for STMicroelectronics.X-CUBE-AZRTOS-H7.3.3.0
2024-11-30 13:26:07,107 [WARN] PackLoader:240 - Cannot read IP mode file for RoweBots.I-CUBE-UNISONRTOS.5.5.0-4
2024-11-30 13:26:07,111 [WARN] PackLoader:240 - Cannot read IP mode file for wolfSSL.I-CUBE-wolfSSL.5.4.0
2024-11-30 13:26:07,140 [WARN] PackLoader:240 - Cannot read IP mode file for STMicroelectronics.X-CUBE-IPS.3.0.0
2024-11-30 13:26:07,157 [WARN] ConditionMgr:438 - getConditionDescription Invalid condition id : UX DEVICE CLASS RTOS Condition cause : null
2024-11-30 13:26:07,157 [WARN] ConditionMgr:438 - getConditionDescription Invalid condition id : UX DEVICE CLASS RTOS Condition cause : null
2024-11-30 13:26:07,159 [WARN] PackLoader:240 - Cannot read IP mode file for STMicroelectronics.X-CUBE-AZRTOS-WB.2.0.0
2024-11-30 13:26:07,160 [WARN] ConditionMgr:1039 - genDependencies : Invalid condition id : UX DEVICE CLASS RTOS Condition cause : null
2024-11-30 13:26:07,160 [WARN] ConditionMgr:1039 - genDependencies : Invalid condition id : UX DEVICE CLASS RTOS Condition cause : null
2024-11-30 13:26:07,161 [WARN] ConditionMgr:1039 - genDependencies : Invalid condition id : UX DEVICE CLASS RTOS Condition cause : null
2024-11-30 13:26:07,161 [WARN] ConditionMgr:1039 - genDependencies : Invalid condition id : UX DEVICE CLASS RTOS Condition cause : null
2024-11-30 13:26:07,161 [WARN] ConditionMgr:1039 - genDependencies : Invalid condition id : UX DEVICE CLASS RTOS Condition cause : null
2024-11-30 13:26:07,167 [WARN] PackLoader:240 - Cannot read IP mode file for STMicroelectronics.X-CUBE-GNSS1.7.0.0
2024-11-30 13:26:07,174 [WARN] PackLoader:240 - Cannot read IP mode file for STMicroelectronics.X-CUBE-BLEMGR.1.0.0
2024-11-30 13:26:07,182 [WARN] PackLoader:240 - Cannot read IP mode file for STMicroelectronics.FP-SNS-STBOX1.2.0.0
2024-11-30 13:26:07,193 [WARN] PackLoader:240 - Cannot read IP mode file for STMicroelectronics.X-CUBE-SUBG2.5.0.0
2024-11-30 13:26:07,202 [WARN] PackLoader:240 - Cannot read IP mode file for Cesanta.I-CUBE-Mongoose.7.13.0
2024-11-30 13:26:07,216 [WARN] PackLoader:240 - Cannot read IP mode file for STMicroelectronics.X-CUBE-AZRTOS-G4.2.0.0
2024-11-30 13:26:07,221 [WARN] PackLoader:240 - Cannot read IP mode file for STMicroelectronics.FP-ATR-ASTRA1.1.1.0
2024-11-30 13:26:07,257 [WARN] PackLoader:240 - Cannot read IP mode file for STMicroelectronics.X-CUBE-AZRTOS-G4.1.0.0
2024-11-30 13:26:07,273 [WARN] PackLoader:240 - Cannot read IP mode file for STMicroelectronics.X-CUBE-AZRTOS-L4.1.0.0
2024-11-30 13:26:07,280 [WARN] PackLoader:240 - Cannot read IP mode file for STMicroelectronics.X-CUBE-ALS.1.0.2
2024-11-30 13:26:07,290 [WARN] PackLoader:240 - Cannot read IP mode file for STMicroelectronics.X-CUBE-AZRTOS-WL.1.0.0
2024-11-30 13:26:07,293 [WARN] PackLoader:240 - Cannot read IP mode file for STMicroelectronics.X-CUBE-TOUCHGFX.4.24.1
2024-11-30 13:26:07,297 [WARN] PackLoader:240 - Cannot read IP mode file for wolfSSL.I-CUBE-wolfTPM.3.4.0
2024-11-30 13:26:07,302 [WARN] PackLoader:240 - Cannot read IP mode file for portGmbH.I-Cube-SoM-uGOAL.1.1.0
2024-11-30 13:26:07,306 [WARN] PackLoader:240 - Cannot read IP mode file for STMicroelectronics.X-CUBE-ALS.1.0.1
2024-11-30 13:26:07,319 [WARN] PackLoader:240 - Cannot read IP mode file for STMicroelectronics.X-CUBE-AZRTOS-L5.1.0.0
2024-11-30 13:26:07,325 [WARN] PackLoader:240 - Cannot read IP mode file for STMicroelectronics.X-CUBE-EEPRMA1.3.1.1
2024-11-30 13:26:07,343 [WARN] PackLoader:240 - Cannot read IP mode file for STMicroelectronics.X-CUBE-AZRTOS-H7RS.1.0.0
2024-11-30 13:26:07,349 [WARN] PackLoader:240 - Cannot read IP mode file for STMicroelectronics.FP-ATR-ASTRA1.2.0.0
2024-11-30 13:26:07,376 [WARN] PackLoader:240 - Cannot read IP mode file for STMicroelectronics.X-CUBE-TOF1.3.4.2
2024-11-30 13:26:07,408 [WARN] PackLoader:240 - Cannot read IP mode file for Infineon.AIROC-Wi-Fi-Bluetooth-STM32.1.6.1
2024-11-30 13:26:07,416 [WARN] PackLoader:240 - Cannot read IP mode file for wolfSSL.I-CUBE-wolfSSH.1.4.17
2024-11-30 13:26:07,416 [INFO] ThirdParty:978 - Integrity check success = true
2024-11-30 13:26:07,417 [INFO] IntegrityCheckThread:100 - exiting critical section [integrity check]
2024-11-30 13:26:07,417 [INFO] IntegrityCheckThread:103 - End integrity checks thread
2024-11-30 13:29:53,524 [INFO] Activator:176 - 


2024-11-30 13:29:53,526 [INFO] Activator:177 - !SESSION log4j initialized
2024-11-30 13:29:59,872 [INFO] LogOutputStream:77 - [STDOUT_REDIRECT] 
2024-11-30 13:30:07,276 [INFO] ApplicationProperties:184 - Using Application install path: C:\ST\STM32CubeIDE_1.16.1\STM32CubeIDE\plugins\com.st.stm32cube.common.mx_6.12.1.202409122256
2024-11-30 13:30:07,291 [INFO] DbMcusXml:78 - Set database path to: C:\ST\STM32CubeIDE_1.16.1\STM32CubeIDE\plugins\com.st.stm32cube.common.mx_6.12.1.202409122256\\db\/mcu/
2024-11-30 13:30:07,292 [INFO] ApiDb:274 - Set plugin database path to: C:\ST\STM32CubeIDE_1.16.1\STM32CubeIDE\plugins\com.st.stm32cube.common.mx_6.12.1.202409122256\\db\/plugins/boardmanager/
2024-11-30 13:30:07,292 [WARN] ApiDb:259 - Overriding images path with different value:  => C:\ST\STM32CubeIDE_1.16.1\STM32CubeIDE\plugins\com.st.stm32cube.common.mx_6.12.1.202409122256\\db\/plugins/mcufinder/images/
2024-11-30 13:30:07,298 [INFO] ApiDb:250 - Set database path to: C:\Users\Bruno\.stmcufinder\plugins\mcufinder//mcu/
2024-11-30 13:30:07,299 [INFO] DbMcusAds:125 - Set database path to: C:\Users\Bruno\.stmcufinder\plugins\mcufinder//mcu/
2024-11-30 13:30:07,301 [INFO] CrossReferenceDbSqlite:203 - Set database path to: C:\Users\Bruno\.stmcufinder\plugins\mcufinder//mcu/cs/
2024-11-30 13:30:07,439 [INFO] RulesReader:64 - Compatibility file has been processed (297 Rules)
2024-11-30 13:30:07,554 [INFO] DbMcusXml:78 - Set database path to: C:\ST\STM32CubeIDE_1.16.1\STM32CubeIDE\plugins\com.st.stm32cube.common.mx_6.12.1.202409122256\\db\/mcu/
2024-11-30 13:30:07,554 [INFO] ApiDb:274 - Set plugin database path to: C:\ST\STM32CubeIDE_1.16.1\STM32CubeIDE\plugins\com.st.stm32cube.common.mx_6.12.1.202409122256\\db\/plugins/boardmanager/
2024-11-30 13:30:07,554 [INFO] ApiDb:261 - Set plugin images path to: C:\ST\STM32CubeIDE_1.16.1\STM32CubeIDE\plugins\com.st.stm32cube.common.mx_6.12.1.202409122256\\db\/plugins/mcufinder/images/
2024-11-30 13:30:07,555 [WARN] DbFile:41 - Overriding database path with different value: C:\Users\Bruno\.stmcufinder\plugins\mcufinder/ => C:\Users\Bruno\.stmcufinder\plugins\mcufinder
2024-11-30 13:30:07,555 [INFO] ApiDb:250 - Set database path to: C:\Users\Bruno\.stmcufinder\plugins\mcufinder//mcu/
2024-11-30 13:30:07,555 [WARN] DbFile:41 - Overriding database path with different value: C:\Users\Bruno\.stmcufinder\plugins\mcufinder/ => C:\Users\Bruno\.stmcufinder\plugins\mcufinder
2024-11-30 13:30:07,555 [INFO] DbMcusAds:125 - Set database path to: C:\Users\Bruno\.stmcufinder\plugins\mcufinder//mcu/
2024-11-30 13:30:07,555 [WARN] DbFile:41 - Overriding database path with different value: C:\Users\Bruno\.stmcufinder\plugins\mcufinder/ => C:\Users\Bruno\.stmcufinder\plugins\mcufinder
2024-11-30 13:30:07,555 [WARN] DbFile:41 - Overriding database path with different value: C:\Users\Bruno\.stmcufinder\plugins\mcufinder/ => C:\Users\Bruno\.stmcufinder\plugins\mcufinder
2024-11-30 13:30:07,555 [INFO] CrossReferenceDbSqlite:203 - Set database path to: C:\Users\Bruno\.stmcufinder\plugins\mcufinder//mcu/cs/
2024-11-30 13:30:07,659 [INFO] MainPanel:268 - HeapMemory: 268435456
2024-11-30 13:30:07,768 [INFO] DbMcusXml:78 - Set database path to: C:\ST\STM32CubeIDE_1.16.1\STM32CubeIDE\plugins\com.st.stm32cube.common.mx_6.12.1.202409122256\\db\/mcu/
2024-11-30 13:30:07,768 [INFO] ApiDb:274 - Set plugin database path to: C:\ST\STM32CubeIDE_1.16.1\STM32CubeIDE\plugins\com.st.stm32cube.common.mx_6.12.1.202409122256\\db\/plugins/boardmanager/
2024-11-30 13:30:07,768 [INFO] ApiDb:261 - Set plugin images path to: C:\ST\STM32CubeIDE_1.16.1\STM32CubeIDE\plugins\com.st.stm32cube.common.mx_6.12.1.202409122256\\db\/plugins/mcufinder/images/
2024-11-30 13:30:07,769 [WARN] DbFile:41 - Overriding database path with different value: C:\Users\Bruno\.stmcufinder\plugins\mcufinder/ => C:\Users\Bruno\.stmcufinder\plugins\mcufinder
2024-11-30 13:30:07,769 [INFO] ApiDb:250 - Set database path to: C:\Users\Bruno\.stmcufinder\plugins\mcufinder//mcu/
2024-11-30 13:30:07,769 [WARN] DbFile:41 - Overriding database path with different value: C:\Users\Bruno\.stmcufinder\plugins\mcufinder/ => C:\Users\Bruno\.stmcufinder\plugins\mcufinder
2024-11-30 13:30:07,769 [INFO] DbMcusAds:125 - Set database path to: C:\Users\Bruno\.stmcufinder\plugins\mcufinder//mcu/
2024-11-30 13:30:07,769 [WARN] DbFile:41 - Overriding database path with different value: C:\Users\Bruno\.stmcufinder\plugins\mcufinder/ => C:\Users\Bruno\.stmcufinder\plugins\mcufinder
2024-11-30 13:30:07,769 [WARN] DbFile:41 - Overriding database path with different value: C:\Users\Bruno\.stmcufinder\plugins\mcufinder/ => C:\Users\Bruno\.stmcufinder\plugins\mcufinder
2024-11-30 13:30:07,769 [INFO] CrossReferenceDbSqlite:203 - Set database path to: C:\Users\Bruno\.stmcufinder\plugins\mcufinder//mcu/cs/
2024-11-30 13:30:07,795 [INFO] ApplicationProperties:184 - Using Application install path: C:\ST\STM32CubeIDE_1.16.1\STM32CubeIDE\plugins\com.st.stm32cube.common.mx_6.12.1.202409122256
2024-11-30 13:30:07,798 [INFO] PluginManage:196 - Search for loadable plugins [exclusion list=, ]
2024-11-30 13:30:07,799 [INFO] PluginManage:310 - Check plugin analytics
2024-11-30 13:30:08,019 [INFO] AnalyticsPlugin:253 - Accepted Software Licenses: STM32CubeMX.6.6.1
2024-11-30 13:30:08,019 [INFO] AnalyticsPlugin:255 - Accepted CMSIS Pack Licenses: 
2024-11-30 13:30:08,019 [INFO] AnalyticsPlugin:257 - Accepted Firmware Licenses: FW.G0.1.6.0,FW.F4.1.28.0
2024-11-30 13:30:08,022 [INFO] PluginManage:359 - Loaded plugin analytics (category:tool,tabindex:-1)
2024-11-30 13:30:08,023 [INFO] PluginManage:310 - Check plugin cadmodel
2024-11-30 13:30:08,026 [INFO] CADModel:105 - Init CAD model plugin
2024-11-30 13:30:08,027 [INFO] PluginManage:359 - Loaded plugin cadmodel (category:power,tabindex:5)
2024-11-30 13:30:08,027 [INFO] PluginManage:310 - Check plugin clock
2024-11-30 13:30:08,037 [INFO] PluginManage:359 - Loaded plugin clock (category:base,tabindex:2)
2024-11-30 13:30:08,038 [INFO] PluginManage:310 - Check plugin ddr
2024-11-30 13:30:08,040 [INFO] PluginManage:359 - Loaded plugin ddr (category:tool,tabindex:6)
2024-11-30 13:30:08,040 [INFO] PluginManage:310 - Check plugin filemanager
2024-11-30 13:30:08,224 [INFO] PluginManage:359 - Loaded plugin filemanager (category:base,tabindex:10)
2024-11-30 13:30:08,224 [INFO] PluginManage:310 - Check plugin ipmanager
2024-11-30 13:30:08,233 [INFO] PluginManage:359 - Loaded plugin ipmanager (category:base,tabindex:5)
2024-11-30 13:30:08,233 [INFO] PluginManage:310 - Check plugin lpbam
2024-11-30 13:30:08,241 [INFO] PluginManage:359 - Loaded plugin lpbam (category:base,tabindex:0)
2024-11-30 13:30:08,242 [INFO] PluginManage:310 - Check plugin memorymap
2024-11-30 13:30:08,254 [INFO] PluginManage:359 - Loaded plugin memorymap (category:base,tabindex:4)
2024-11-30 13:30:08,254 [INFO] PluginManage:310 - Check plugin pinoutandconfiguration
2024-11-30 13:30:08,263 [INFO] PluginManage:359 - Loaded plugin pinoutandconfiguration (category:base,tabindex:1)
2024-11-30 13:30:08,264 [INFO] PluginManage:310 - Check plugin pinoutconfig
2024-11-30 13:30:08,362 [WARN] SupportedApi:132 - Cannot load RTOS API schema: s4s-elt-must-match.1: The content of 'definitions' must match (annotation?, (simpleType | complexType)?, (unique | key | keyref)*)). A problem was found starting at: attribute.
2024-11-30 13:30:08,526 [INFO] PluginManage:359 - Loaded plugin pinoutconfig (category:base,tabindex:0)
2024-11-30 13:30:08,526 [INFO] PluginManage:310 - Check plugin power
2024-11-30 13:30:08,534 [INFO] PluginManage:359 - Loaded plugin power (category:power,tabindex:4)
2024-11-30 13:30:08,534 [INFO] PluginManage:310 - Check plugin projectmanager
2024-11-30 13:30:08,562 [INFO] PluginManage:359 - Loaded plugin projectmanager (category:projectmanager,tabindex:4)
2024-11-30 13:30:08,562 [INFO] PluginManage:310 - Check plugin rif
2024-11-30 13:30:08,568 [INFO] PluginManage:359 - Loaded plugin rif (category:base,tabindex:3)
2024-11-30 13:30:08,568 [INFO] PluginManage:310 - Check plugin thirdparty
2024-11-30 13:30:08,740 [INFO] PluginManage:359 - Loaded plugin thirdparty (category:base,tabindex:-1)
2024-11-30 13:30:08,741 [INFO] PluginManage:310 - Check plugin tools
2024-11-30 13:30:08,743 [INFO] PluginManage:359 - Loaded plugin tools (category:base,tabindex:7)
2024-11-30 13:30:08,744 [INFO] PluginManage:310 - Check plugin tutovideos
2024-11-30 13:30:08,775 [WARN] IntegrityCheckThread:84 - waiting for thirdparty lock release [integrity check]
2024-11-30 13:30:08,776 [INFO] IntegrityCheckThread:86 - entering critical section [integrity check]
2024-11-30 13:30:08,777 [INFO] ThirdPartyUpdaterWithRetryManager:70 - Updater plugin not ready yet. [1/15]
2024-11-30 13:30:08,947 [INFO] PluginManage:359 - Loaded plugin tutovideos (category:base,tabindex:-1)
2024-11-30 13:30:08,947 [INFO] PluginManage:310 - Check plugin updater
2024-11-30 13:30:09,011 [INFO] PluginManage:359 - Loaded plugin updater (category:base,tabindex:12)
2024-11-30 13:30:09,011 [INFO] PluginManage:310 - Check plugin userauth
2024-11-30 13:30:09,015 [INFO] UserAuth:113 - Init User Auth plugin
2024-11-30 13:30:09,015 [INFO] PluginManage:359 - Loaded plugin userauth (category:base,tabindex:14)
2024-11-30 13:30:09,016 [INFO] PluginManage:283 - PluginManage : Loaded plugins [18]
2024-11-30 13:30:09,418 [INFO] PinOutPanel:1561 - setPackage(No Configuration,No Configuration)
2024-11-30 13:30:09,527 [INFO] CADModel:165 - CPN selected for project level
2024-11-30 13:30:09,527 [INFO] CADModel:114 - Register for checkConnection events
2024-11-30 13:30:09,543 [INFO] IPUIPlugin:80 - create IPUIPlugin
2024-11-30 13:30:09,545 [INFO] PluginManager:220 - loadIPPluginJar : add adc
2024-11-30 13:30:09,548 [INFO] IPUIPlugin:80 - create IPUIPlugin
2024-11-30 13:30:09,548 [INFO] PluginManager:220 - loadIPPluginJar : add aes
2024-11-30 13:30:09,551 [INFO] IPUIPlugin:80 - create IPUIPlugin
2024-11-30 13:30:09,552 [INFO] PluginManager:220 - loadIPPluginJar : add can
2024-11-30 13:30:09,554 [INFO] IPUIPlugin:80 - create IPUIPlugin
2024-11-30 13:30:09,554 [INFO] PluginManager:220 - loadIPPluginJar : add comp
2024-11-30 13:30:09,557 [INFO] IPUIPlugin:80 - create IPUIPlugin
2024-11-30 13:30:09,557 [INFO] PluginManager:220 - loadIPPluginJar : add cryp
2024-11-30 13:30:09,559 [INFO] IPUIPlugin:80 - create IPUIPlugin
2024-11-30 13:30:09,559 [INFO] PluginManager:220 - loadIPPluginJar : add ddr_ctrl_phy
2024-11-30 13:30:09,584 [INFO] IPUIPlugin:80 - create IPUIPlugin
2024-11-30 13:30:09,584 [INFO] PluginManager:220 - loadIPPluginJar : add dfsdm
2024-11-30 13:30:09,589 [INFO] IPUIPlugin:80 - create IPUIPlugin
2024-11-30 13:30:09,590 [INFO] PluginManager:220 - loadIPPluginJar : add dma
2024-11-30 13:30:09,592 [INFO] IPUIPlugin:80 - create IPUIPlugin
2024-11-30 13:30:09,592 [INFO] PluginManager:220 - loadIPPluginJar : add dma3
2024-11-30 13:30:09,595 [INFO] IPUIPlugin:80 - create IPUIPlugin
2024-11-30 13:30:09,596 [INFO] PluginManager:220 - loadIPPluginJar : add extmemmanager
2024-11-30 13:30:09,597 [INFO] IPUIPlugin:80 - create IPUIPlugin
2024-11-30 13:30:09,598 [INFO] PluginManager:220 - loadIPPluginJar : add fatfs
2024-11-30 13:30:09,603 [INFO] IPUIPlugin:80 - create IPUIPlugin
2024-11-30 13:30:09,604 [INFO] PluginManager:220 - loadIPPluginJar : add fmc
2024-11-30 13:30:09,608 [INFO] IPUIPlugin:80 - create IPUIPlugin
2024-11-30 13:30:09,609 [INFO] PluginManager:220 - loadIPPluginJar : add freertos
2024-11-30 13:30:09,610 [INFO] IPUIPlugin:80 - create IPUIPlugin
2024-11-30 13:30:09,610 [INFO] PluginManager:220 - loadIPPluginJar : add genericplugin
2024-11-30 13:30:09,612 [INFO] IPUIPlugin:80 - create IPUIPlugin
2024-11-30 13:30:09,613 [INFO] PluginManager:220 - loadIPPluginJar : add gfxmmu
2024-11-30 13:30:09,621 [INFO] IPUIPlugin:80 - create IPUIPlugin
2024-11-30 13:30:09,621 [INFO] PluginManager:220 - loadIPPluginJar : add gic
2024-11-30 13:30:09,625 [INFO] IPUIPlugin:80 - create IPUIPlugin
2024-11-30 13:30:09,625 [INFO] PluginManager:220 - loadIPPluginJar : add gpio
2024-11-30 13:30:09,628 [INFO] IPUIPlugin:80 - create IPUIPlugin
2024-11-30 13:30:09,628 [INFO] PluginManager:220 - loadIPPluginJar : add gtzc
2024-11-30 13:30:09,632 [INFO] IPUIPlugin:80 - create IPUIPlugin
2024-11-30 13:30:09,632 [INFO] PluginManager:220 - loadIPPluginJar : add hash
2024-11-30 13:30:09,636 [INFO] IPUIPlugin:80 - create IPUIPlugin
2024-11-30 13:30:09,636 [INFO] PluginManager:220 - loadIPPluginJar : add i2c
2024-11-30 13:30:09,639 [INFO] IPUIPlugin:80 - create IPUIPlugin
2024-11-30 13:30:09,640 [INFO] PluginManager:220 - loadIPPluginJar : add i2s
2024-11-30 13:30:09,642 [INFO] IPUIPlugin:80 - create IPUIPlugin
2024-11-30 13:30:09,643 [INFO] PluginManager:220 - loadIPPluginJar : add i3c
2024-11-30 13:30:09,645 [INFO] IPUIPlugin:80 - create IPUIPlugin
2024-11-30 13:30:09,646 [INFO] PluginManager:220 - loadIPPluginJar : add ipddr
2024-11-30 13:30:09,652 [INFO] IPUIPlugin:80 - create IPUIPlugin
2024-11-30 13:30:09,652 [INFO] PluginManager:220 - loadIPPluginJar : add linkedlist
2024-11-30 13:30:09,671 [INFO] IPUIPlugin:80 - create IPUIPlugin
2024-11-30 13:30:09,671 [INFO] PluginManager:220 - loadIPPluginJar : add lorawan
2024-11-30 13:30:09,673 [INFO] IPUIPlugin:80 - create IPUIPlugin
2024-11-30 13:30:09,673 [INFO] PluginManager:220 - loadIPPluginJar : add ltdc
2024-11-30 13:30:09,679 [INFO] IPUIPlugin:80 - create IPUIPlugin
2024-11-30 13:30:09,679 [INFO] PluginManager:220 - loadIPPluginJar : add mdma
2024-11-30 13:30:09,686 [INFO] IPUIPlugin:80 - create IPUIPlugin
2024-11-30 13:30:09,686 [INFO] PluginManager:220 - loadIPPluginJar : add nvic
2024-11-30 13:30:09,689 [INFO] IPUIPlugin:80 - create IPUIPlugin
2024-11-30 13:30:09,689 [INFO] PluginManager:220 - loadIPPluginJar : add opamp
2024-11-30 13:30:09,692 [INFO] IPUIPlugin:80 - create IPUIPlugin
2024-11-30 13:30:09,692 [INFO] PluginManager:220 - loadIPPluginJar : add openamp
2024-11-30 13:30:09,695 [INFO] IPUIPlugin:80 - create IPUIPlugin
2024-11-30 13:30:09,695 [INFO] PluginManager:220 - loadIPPluginJar : add pdm2pcm
2024-11-30 13:30:09,701 [INFO] IPUIPlugin:80 - create IPUIPlugin
2024-11-30 13:30:09,703 [INFO] PluginManager:220 - loadIPPluginJar : add plateformsettings
2024-11-30 13:30:09,705 [INFO] IPUIPlugin:80 - create IPUIPlugin
2024-11-30 13:30:09,705 [INFO] PluginManager:220 - loadIPPluginJar : add quadspi
2024-11-30 13:30:09,713 [INFO] IPUIPlugin:80 - create IPUIPlugin
2024-11-30 13:30:09,714 [INFO] PluginManager:220 - loadIPPluginJar : add radio
2024-11-30 13:30:09,730 [INFO] IPUIPlugin:80 - create IPUIPlugin
2024-11-30 13:30:09,731 [INFO] PluginManager:220 - loadIPPluginJar : add resmgrutility
2024-11-30 13:30:09,735 [INFO] IPUIPlugin:80 - create IPUIPlugin
2024-11-30 13:30:09,735 [INFO] PluginManager:220 - loadIPPluginJar : add sai
2024-11-30 13:30:09,739 [INFO] IPUIPlugin:80 - create IPUIPlugin
2024-11-30 13:30:09,739 [INFO] PluginManager:220 - loadIPPluginJar : add spi
2024-11-30 13:30:09,744 [INFO] IPUIPlugin:80 - create IPUIPlugin
2024-11-30 13:30:09,744 [INFO] PluginManager:220 - loadIPPluginJar : add stm32_wpan
2024-11-30 13:30:09,746 [INFO] IPUIPlugin:80 - create IPUIPlugin
2024-11-30 13:30:09,746 [INFO] PluginManager:220 - loadIPPluginJar : add tim
2024-11-30 13:30:09,750 [INFO] IPUIPlugin:80 - create IPUIPlugin
2024-11-30 13:30:09,750 [INFO] PluginManager:220 - loadIPPluginJar : add touchsensing
2024-11-30 13:30:09,752 [INFO] IPUIPlugin:80 - create IPUIPlugin
2024-11-30 13:30:09,752 [INFO] PluginManager:220 - loadIPPluginJar : add tracer_emb
2024-11-30 13:30:09,754 [INFO] IPUIPlugin:80 - create IPUIPlugin
2024-11-30 13:30:09,754 [INFO] PluginManager:220 - loadIPPluginJar : add ts
2024-11-30 13:30:09,756 [INFO] IPUIPlugin:80 - create IPUIPlugin
2024-11-30 13:30:09,756 [INFO] PluginManager:220 - loadIPPluginJar : add tsc
2024-11-30 13:30:09,758 [INFO] IPUIPlugin:80 - create IPUIPlugin
2024-11-30 13:30:09,758 [INFO] PluginManager:220 - loadIPPluginJar : add ucpd
2024-11-30 13:30:09,761 [INFO] IPUIPlugin:80 - create IPUIPlugin
2024-11-30 13:30:09,761 [INFO] PluginManager:220 - loadIPPluginJar : add usart
2024-11-30 13:30:09,764 [INFO] IPUIPlugin:80 - create IPUIPlugin
2024-11-30 13:30:09,764 [INFO] PluginManager:220 - loadIPPluginJar : add usbx
2024-11-30 13:30:09,923 [INFO] CADModel:165 - CPN selected for project level
2024-11-30 13:30:09,924 [INFO] CADModel:114 - Register for checkConnection events
2024-11-30 13:30:09,924 [FATAL] Updater:334 - Updater called before beeing initialized
2024-11-30 13:30:09,924 [ERROR] CADModel:125 - Updater not yet initialized, retry later 
2024-11-30 13:30:10,053 [INFO] CADModel:165 - CPN selected for project level
2024-11-30 13:30:10,054 [INFO] CADModel:114 - Register for checkConnection events
2024-11-30 13:30:10,054 [FATAL] Updater:334 - Updater called before beeing initialized
2024-11-30 13:30:10,054 [ERROR] CADModel:125 - Updater not yet initialized, retry later 
2024-11-30 13:30:10,057 [FATAL] Updater:334 - Updater called before beeing initialized
2024-11-30 13:30:10,179 [FATAL] Updater:334 - Updater called before beeing initialized
2024-11-30 13:30:10,183 [INFO] DbMcusAds:53 - JSON generation date=Fri Sep 20 15:04:23 CEST 2024 (1726837463113)
2024-11-30 13:30:10,183 [FATAL] Updater:334 - Updater called before beeing initialized
2024-11-30 13:30:10,217 [WARN] DetailPanel:346 - Failed to get advertising image, set to default
2024-11-30 13:30:10,354 [FATAL] Updater:334 - Updater called before beeing initialized
2024-11-30 13:30:10,358 [FATAL] Updater:334 - Updater called before beeing initialized
2024-11-30 13:30:10,358 [FATAL] Updater:334 - Updater called before beeing initialized
2024-11-30 13:30:10,358 [WARN] DetailPanel:346 - Failed to get advertising image, set to default
2024-11-30 13:30:10,359 [FATAL] Updater:334 - Updater called before beeing initialized
2024-11-30 13:30:10,428 [ERROR] Updater:1164 - MainUpdater not yet initialized. External WinMGr cannot be set.
2024-11-30 13:30:10,430 [INFO] Updater:1100 - Updater Version found : 6.12.1
2024-11-30 13:30:10,445 [INFO] ApplicationProperties:184 - Using Application install path: C:\ST\STM32CubeIDE_1.16.1\STM32CubeIDE\plugins\com.st.stm32cube.common.mx_6.12.1.202409122256
2024-11-30 13:30:10,766 [INFO] MainUpdater:2873 - connection check result : 10
2024-11-30 13:30:10,767 [INFO] MainUpdater:290 - Updater Check For Update Now.
2024-11-30 13:30:10,767 [INFO] MicroXplorer:498 - Change Database Version : DB.6.0.121
2024-11-30 13:30:10,772 [INFO] McuFinderGlobals:63 - Set McuFinder mode to 2 (CubeIDE integrated)
2024-11-30 13:30:10,773 [INFO] UserAuth:417 - Internet connection configuration mode: 1
2024-11-30 13:30:10,786 [INFO] JxBrowserEngine:152 - Initiate JxBrowser Engine with user profile folder
2024-11-30 13:30:11,074 [INFO] CheckServerUpdateThread:120 - End of CheckServer Thread
2024-11-30 13:30:12,084 [WARN] PackLoader:240 - Cannot read IP mode file for STMicroelectronics.FP-SNS-MOTENVWB1.1.4.0
2024-11-30 13:30:12,093 [WARN] PackLoader:240 - Cannot read IP mode file for STMicroelectronics.FP-ATR-ASTRA1.2.0.1
2024-11-30 13:30:12,101 [WARN] PackLoader:240 - Cannot read IP mode file for STMicroelectronics.X-CUBE-SMBUS.2.1.0
2024-11-30 13:30:12,104 [INFO] WebApp:167 - Instantiating new browser for Auth
2024-11-30 13:30:12,109 [WARN] PackLoader:240 - Cannot read IP mode file for STMicroelectronics.X-CUBE-WB05N.1.1.0
2024-11-30 13:30:12,212 [WARN] PackLoader:240 - Cannot read IP mode file for STMicroelectronics.X-CUBE-MEMS1.9.2.0
2024-11-30 13:30:12,440 [WARN] PackLoader:240 - Cannot read IP mode file for STMicroelectronics.X-CUBE-AZRTOS-F7.1.1.0
2024-11-30 13:30:12,448 [WARN] PackLoader:240 - Cannot read IP mode file for STMicroelectronics.X-CUBE-BLE1.6.2.3
2024-11-30 13:30:12,534 [WARN] PackLoader:240 - Cannot read IP mode file for STMicroelectronics.X-CUBE-MEMS1.11.0.0
2024-11-30 13:30:12,699 [WARN] PackLoader:240 - Cannot read IP mode file for STMicroelectronics.FP-SNS-FLIGHT1.5.0.2
2024-11-30 13:30:12,708 [WARN] PackLoader:240 - Cannot read IP mode file for STMicroelectronics.X-CUBE-TOF1.3.1.0
2024-11-30 13:30:12,723 [WARN] PackLoader:240 - Cannot read IP mode file for STMicroelectronics.X-CUBE-DISPLAY.3.0.0
2024-11-30 13:30:12,747 [WARN] PackLoader:240 - Cannot read IP mode file for STMicroelectronics.X-CUBE-BLE1.7.0.0
2024-11-30 13:30:12,771 [WARN] PackLoader:240 - Cannot read IP mode file for STMicroelectronics.X-CUBE-NFC10.1.0.0
2024-11-30 13:30:12,783 [WARN] PackLoader:240 - Cannot read IP mode file for STMicroelectronics.X-CUBE-AI.7.2.0
2024-11-30 13:30:12,966 [WARN] PackLoader:240 - Cannot read IP mode file for STMicroelectronics.X-CUBE-BLEMGR.3.1.0
2024-11-30 13:30:12,975 [WARN] PackLoader:240 - Cannot read IP mode file for STMicroelectronics.FP-SNS-SMARTAG2.1.2.0
2024-11-30 13:30:12,986 [INFO] LogOutputStream:77 - [STDOUT_REDIRECT] 1 : Invalid condition id : UX_CORESTACK_Condition cause : null
2024-11-30 13:30:12,986 [INFO] LogOutputStream:77 - [STDOUT_REDIRECT] 1 : Invalid condition id : UX_CORESTACK_Condition cause : null
2024-11-30 13:30:12,987 [INFO] LogOutputStream:77 - [STDOUT_REDIRECT] 1 : Invalid condition id : UX_CORESTACK_Condition cause : null
2024-11-30 13:30:12,990 [INFO] LogOutputStream:77 - [STDOUT_REDIRECT] 1 : Invalid condition id : UX_CORESTACK_Condition cause : null
2024-11-30 13:30:12,991 [INFO] LogOutputStream:77 - [STDOUT_REDIRECT] 1 : Invalid condition id : UX_CORESTACK_Condition cause : null
2024-11-30 13:30:12,994 [WARN] PackLoader:240 - Cannot read IP mode file for STMicroelectronics.X-CUBE-AZRTOS-WL.2.0.0
2024-11-30 13:30:13,000 [WARN] PackLoader:240 - Cannot read IP mode file for STMicroelectronics.FP-SNS-MOTENV1.5.0.0
2024-11-30 13:30:13,005 [WARN] PackLoader:240 - Cannot read IP mode file for wolfSSL.I-CUBE-wolfMQTT.1.19.0
2024-11-30 13:30:13,013 [WARN] PackLoader:240 - Cannot read IP mode file for WES.I-CUBE-Cesium.1.3.0
2024-11-30 13:30:13,019 [WARN] PackLoader:240 - Cannot read IP mode file for STMicroelectronics.X-CUBE-BLE2.3.3.0
2024-11-30 13:30:13,024 [WARN] PackLoader:240 - Cannot read IP mode file for STMicroelectronics.X-CUBE-DISPLAY.2.2.0
2024-11-30 13:30:13,033 [WARN] PackLoader:240 - Cannot read IP mode file for STMicroelectronics.X-CUBE-NFC9.1.0.0
2024-11-30 13:30:13,055 [WARN] PackLoader:240 - Cannot read IP mode file for STMicroelectronics.X-CUBE-AZRTOS-H7.2.1.0
2024-11-30 13:30:13,064 [WARN] PackLoader:240 - Cannot read IP mode file for STMicroelectronics.X-CUBE-TCPP.4.1.0
2024-11-30 13:30:13,090 [WARN] PackLoader:240 - Cannot read IP mode file for STMicroelectronics.X-CUBE-ALGOBUILD.1.3.0
2024-11-30 13:30:13,191 [WARN] PackLoader:240 - Cannot read IP mode file for STMicroelectronics.X-CUBE-AZRTOS-G0.1.1.0
2024-11-30 13:30:13,205 [WARN] PackLoader:240 - Cannot read IP mode file for STMicroelectronics.X-CUBE-SAFEA1.1.2.2
2024-11-30 13:30:13,212 [WARN] PackLoader:240 - Cannot read IP mode file for STMicroelectronics.X-CUBE-NFC4.3.0.0
2024-11-30 13:30:13,243 [WARN] PackLoader:240 - Cannot read IP mode file for SEGGER.I-CUBE-embOS.1.2.0
2024-11-30 13:30:13,298 [WARN] PackLoader:240 - Cannot read IP mode file for EmbeddedOffice.I-CUBE-FS-RTOS.1.0.1
2024-11-30 13:30:13,298 [ERROR] ConditionMgr:805 - Attr not supported : Dmpu
2024-11-30 13:30:13,298 [ERROR] ConditionMgr:805 - Attr not supported : Dmpu
2024-11-30 13:30:13,298 [ERROR] ConditionMgr:805 - Attr not supported : Dmpu
2024-11-30 13:30:13,298 [ERROR] ConditionMgr:805 - Attr not supported : Dmpu
2024-11-30 13:30:13,298 [ERROR] ConditionMgr:805 - Attr not supported : Dmpu
2024-11-30 13:30:13,298 [ERROR] ConditionMgr:805 - Attr not supported : Dmpu
2024-11-30 13:30:13,298 [ERROR] ConditionMgr:805 - Attr not supported : Dmpu
2024-11-30 13:30:13,299 [ERROR] ConditionMgr:805 - Attr not supported : Dmpu
2024-11-30 13:30:13,299 [ERROR] ConditionMgr:805 - Attr not supported : Dmpu
2024-11-30 13:30:13,299 [ERROR] ConditionMgr:805 - Attr not supported : Dmpu
2024-11-30 13:30:13,299 [ERROR] ConditionMgr:805 - Attr not supported : Dmpu
2024-11-30 13:30:13,299 [ERROR] ConditionMgr:805 - Attr not supported : Dmpu
2024-11-30 13:30:13,299 [ERROR] ConditionMgr:805 - Attr not supported : Dmpu
2024-11-30 13:30:13,299 [ERROR] ConditionMgr:805 - Attr not supported : Dmpu
2024-11-30 13:30:13,300 [ERROR] ConditionMgr:805 - Attr not supported : Dmpu
2024-11-30 13:30:13,300 [ERROR] ConditionMgr:805 - Attr not supported : Dmpu
2024-11-30 13:30:13,300 [ERROR] ConditionMgr:805 - Attr not supported : Dmpu
2024-11-30 13:30:13,300 [ERROR] ConditionMgr:805 - Attr not supported : Dmpu
2024-11-30 13:30:13,300 [ERROR] ConditionMgr:805 - Attr not supported : Dmpu
2024-11-30 13:30:13,300 [ERROR] ConditionMgr:805 - Attr not supported : Dmpu
2024-11-30 13:30:13,301 [ERROR] ConditionMgr:805 - Attr not supported : Dmpu
2024-11-30 13:30:13,301 [ERROR] ConditionMgr:805 - Attr not supported : Dmpu
2024-11-30 13:30:13,301 [ERROR] ConditionMgr:805 - Attr not supported : Dmpu
2024-11-30 13:30:13,301 [ERROR] ConditionMgr:805 - Attr not supported : Dmpu
2024-11-30 13:30:13,301 [ERROR] ConditionMgr:805 - Attr not supported : Dmpu
2024-11-30 13:30:13,301 [ERROR] ConditionMgr:805 - Attr not supported : Dmpu
2024-11-30 13:30:13,302 [ERROR] ConditionMgr:805 - Attr not supported : Dmpu
2024-11-30 13:30:13,302 [ERROR] ConditionMgr:805 - Attr not supported : Dmpu
2024-11-30 13:30:13,302 [ERROR] ConditionMgr:805 - Attr not supported : Dmpu
2024-11-30 13:30:13,302 [ERROR] ConditionMgr:805 - Attr not supported : Dmpu
2024-11-30 13:30:13,302 [ERROR] ConditionMgr:805 - Attr not supported : Dmpu
2024-11-30 13:30:13,302 [ERROR] ConditionMgr:805 - Attr not supported : Dmpu
2024-11-30 13:30:13,302 [ERROR] ConditionMgr:805 - Attr not supported : Dmpu
2024-11-30 13:30:13,302 [ERROR] ConditionMgr:805 - Attr not supported : Dmpu
2024-11-30 13:30:13,302 [ERROR] ConditionMgr:805 - Attr not supported : Dmpu
2024-11-30 13:30:13,302 [ERROR] ConditionMgr:805 - Attr not supported : Dmpu
2024-11-30 13:30:13,302 [ERROR] ConditionMgr:805 - Attr not supported : Dmpu
2024-11-30 13:30:13,302 [ERROR] ConditionMgr:805 - Attr not supported : Dmpu
2024-11-30 13:30:13,302 [ERROR] ConditionMgr:805 - Attr not supported : Dmpu
2024-11-30 13:30:13,302 [ERROR] ConditionMgr:805 - Attr not supported : Dmpu
2024-11-30 13:30:13,302 [ERROR] ConditionMgr:805 - Attr not supported : Dmpu
2024-11-30 13:30:13,302 [ERROR] ConditionMgr:805 - Attr not supported : Dmpu
2024-11-30 13:30:13,303 [ERROR] ConditionMgr:805 - Attr not supported : Dmpu
2024-11-30 13:30:13,303 [ERROR] ConditionMgr:805 - Attr not supported : Dmpu
2024-11-30 13:30:13,303 [ERROR] ConditionMgr:805 - Attr not supported : Dmpu
2024-11-30 13:30:13,303 [ERROR] ConditionMgr:805 - Attr not supported : Dmpu
2024-11-30 13:30:13,303 [ERROR] ConditionMgr:805 - Attr not supported : Dmpu
2024-11-30 13:30:13,303 [ERROR] ConditionMgr:805 - Attr not supported : Dmpu
2024-11-30 13:30:13,303 [ERROR] ConditionMgr:805 - Attr not supported : Dmpu
2024-11-30 13:30:13,303 [ERROR] ConditionMgr:805 - Attr not supported : Dmpu
2024-11-30 13:30:13,303 [ERROR] ConditionMgr:805 - Attr not supported : Dmpu
2024-11-30 13:30:13,303 [ERROR] ConditionMgr:805 - Attr not supported : Dmpu
2024-11-30 13:30:13,303 [ERROR] ConditionMgr:805 - Attr not supported : Dmpu
2024-11-30 13:30:13,303 [ERROR] ConditionMgr:805 - Attr not supported : Dmpu
2024-11-30 13:30:13,303 [ERROR] ConditionMgr:805 - Attr not supported : Dmpu
2024-11-30 13:30:13,303 [ERROR] ConditionMgr:805 - Attr not supported : Dmpu
2024-11-30 13:30:13,303 [ERROR] ConditionMgr:805 - Attr not supported : Dmpu
2024-11-30 13:30:13,304 [ERROR] ConditionMgr:805 - Attr not supported : Dmpu
2024-11-30 13:30:13,304 [ERROR] ConditionMgr:805 - Attr not supported : Dmpu
2024-11-30 13:30:13,304 [ERROR] ConditionMgr:805 - Attr not supported : Dmpu
2024-11-30 13:30:13,304 [ERROR] ConditionMgr:805 - Attr not supported : Dmpu
2024-11-30 13:30:13,304 [ERROR] ConditionMgr:805 - Attr not supported : Dmpu
2024-11-30 13:30:13,304 [ERROR] ConditionMgr:805 - Attr not supported : Dmpu
2024-11-30 13:30:13,304 [ERROR] ConditionMgr:805 - Attr not supported : Dmpu
2024-11-30 13:30:13,309 [WARN] PackLoader:240 - Cannot read IP mode file for RealThread.X-CUBE-RT-Thread_Nano.4.1.1
2024-11-30 13:30:13,313 [WARN] PackLoader:240 - Cannot read IP mode file for STMicroelectronics.FP-ATR-SIGFOX1.3.2.0
2024-11-30 13:30:13,319 [WARN] ConditionMgr:438 - getConditionDescription Invalid condition id : Cortex-A Device cause : null
2024-11-30 13:30:13,342 [WARN] ConditionMgr:1039 - genDependencies : Invalid condition id : Cortex-A Device cause : null
2024-11-30 13:30:13,342 [WARN] ConditionMgr:1039 - genDependencies : Invalid condition id : Cortex-A Device cause : null
2024-11-30 13:30:13,342 [WARN] ConditionMgr:1039 - genDependencies : Invalid condition id : Cortex-A Device cause : null
2024-11-30 13:30:13,348 [WARN] PackLoader:240 - Cannot read IP mode file for STMicroelectronics.X-CUBE-EEPRMA1.5.1.0
2024-11-30 13:30:13,355 [WARN] PackLoader:240 - Cannot read IP mode file for emotas.I-CUBE-CANOPEN.1.1.2
2024-11-30 13:30:13,359 [WARN] PackLoader:240 - Cannot read IP mode file for STMicroelectronics.X-CUBE-TOUCHGFX.4.20.0
2024-11-30 13:30:13,364 [WARN] PackLoader:240 - Cannot read IP mode file for ITTIA_DB.I-CUBE-ITTIADB.8.9.0
2024-11-30 13:30:13,387 [WARN] PackLoader:240 - Cannot read IP mode file for SEGGER.I-CUBE-embOS.1.3.1
2024-11-30 13:30:13,448 [WARN] PackLoader:240 - Cannot read IP mode file for STMicroelectronics.X-CUBE-ALGOBUILD.1.4.0
2024-11-30 13:30:13,451 [WARN] PackLoader:240 - Cannot read IP mode file for STMicroelectronics.X-CUBE-AI.9.1.0
2024-11-30 13:30:13,456 [WARN] PackLoader:240 - Cannot read IP mode file for STMicroelectronics.X-CUBE-GNSS1.6.0.0
2024-11-30 13:30:13,472 [WARN] PackLoader:240 - Cannot read IP mode file for STMicroelectronics.X-CUBE-AZRTOS-F4.1.1.0
2024-11-30 13:30:13,478 [WARN] PackLoader:240 - Cannot read IP mode file for STMicroelectronics.X-CUBE-ISPU.2.1.0
2024-11-30 13:30:13,483 [WARN] PackLoader:240 - Cannot read IP mode file for STMicroelectronics.X-CUBE-FREERTOS.1.2.0
2024-11-30 13:30:13,498 [WARN] PackLoader:240 - Cannot read IP mode file for STMicroelectronics.X-CUBE-AZRTOS-L5.2.0.0
2024-11-30 13:30:13,511 [WARN] PackLoader:240 - Cannot read IP mode file for STMicroelectronics.X-CUBE-NFC6.3.1.0
2024-11-30 13:30:13,518 [WARN] PackLoader:240 - Cannot read IP mode file for STMicroelectronics.X-CUBE-DPower.1.2.0
2024-11-30 13:30:13,522 [WARN] PackLoader:240 - Cannot read IP mode file for STMicroelectronics.X-CUBE-NFC4.2.0.4
2024-11-30 13:30:13,548 [WARN] PackLoader:240 - Cannot read IP mode file for STMicroelectronics.X-CUBE-AZRTOS-F4.1.0.0
2024-11-30 13:30:13,557 [WARN] PackLoader:240 - Cannot read IP mode file for STMicroelectronics.X-CUBE-NFC7.1.0.1
2024-11-30 13:30:13,561 [WARN] PackLoader:240 - Cannot read IP mode file for STMicroelectronics.X-CUBE-NFC7.1.0.0
2024-11-30 13:30:13,589 [WARN] ConditionMgr:438 - getConditionDescription Invalid condition id : LAN8742 Phy interface Condition cause : null
2024-11-30 13:30:13,590 [WARN] PackLoader:240 - Cannot read IP mode file for STMicroelectronics.X-CUBE-AZRTOS-L4.2.0.0
2024-11-30 13:30:13,590 [WARN] ConditionMgr:1039 - genDependencies : Invalid condition id : LAN8742 Phy interface Condition cause : null
2024-11-30 13:30:13,591 [WARN] ConditionMgr:1039 - genDependencies : Invalid condition id : LAN8742 Phy interface Condition cause : null
2024-11-30 13:30:13,591 [WARN] ConditionMgr:1039 - genDependencies : Invalid condition id : LAN8742 Phy interface Condition cause : null
2024-11-30 13:30:13,612 [WARN] PackLoader:240 - Cannot read IP mode file for STMicroelectronics.X-CUBE-SFXS2LP1.4.0.0
2024-11-30 13:30:13,642 [WARN] PackLoader:240 - Cannot read IP mode file for STMicroelectronics.X-CUBE-AZRTOS-H7.3.3.0
2024-11-30 13:30:13,650 [WARN] PackLoader:240 - Cannot read IP mode file for RoweBots.I-CUBE-UNISONRTOS.5.5.0-4
2024-11-30 13:30:13,656 [WARN] PackLoader:240 - Cannot read IP mode file for wolfSSL.I-CUBE-wolfSSL.5.4.0
2024-11-30 13:30:13,680 [WARN] PackLoader:240 - Cannot read IP mode file for STMicroelectronics.X-CUBE-IPS.3.0.0
2024-11-30 13:30:13,696 [WARN] ConditionMgr:438 - getConditionDescription Invalid condition id : UX DEVICE CLASS RTOS Condition cause : null
2024-11-30 13:30:13,696 [WARN] ConditionMgr:438 - getConditionDescription Invalid condition id : UX DEVICE CLASS RTOS Condition cause : null
2024-11-30 13:30:13,698 [WARN] PackLoader:240 - Cannot read IP mode file for STMicroelectronics.X-CUBE-AZRTOS-WB.2.0.0
2024-11-30 13:30:13,698 [WARN] ConditionMgr:1039 - genDependencies : Invalid condition id : UX DEVICE CLASS RTOS Condition cause : null
2024-11-30 13:30:13,698 [WARN] ConditionMgr:1039 - genDependencies : Invalid condition id : UX DEVICE CLASS RTOS Condition cause : null
2024-11-30 13:30:13,699 [WARN] ConditionMgr:1039 - genDependencies : Invalid condition id : UX DEVICE CLASS RTOS Condition cause : null
2024-11-30 13:30:13,699 [WARN] ConditionMgr:1039 - genDependencies : Invalid condition id : UX DEVICE CLASS RTOS Condition cause : null
2024-11-30 13:30:13,699 [WARN] ConditionMgr:1039 - genDependencies : Invalid condition id : UX DEVICE CLASS RTOS Condition cause : null
2024-11-30 13:30:13,753 [WARN] PackLoader:240 - Cannot read IP mode file for STMicroelectronics.X-CUBE-GNSS1.7.0.0
2024-11-30 13:30:13,762 [WARN] PackLoader:240 - Cannot read IP mode file for STMicroelectronics.X-CUBE-BLEMGR.1.0.0
2024-11-30 13:30:13,769 [WARN] PackLoader:240 - Cannot read IP mode file for STMicroelectronics.FP-SNS-STBOX1.2.0.0
2024-11-30 13:30:13,781 [WARN] PackLoader:240 - Cannot read IP mode file for STMicroelectronics.X-CUBE-SUBG2.5.0.0
2024-11-30 13:30:13,788 [WARN] PackLoader:240 - Cannot read IP mode file for Cesanta.I-CUBE-Mongoose.7.13.0
2024-11-30 13:30:13,801 [WARN] PackLoader:240 - Cannot read IP mode file for STMicroelectronics.X-CUBE-AZRTOS-G4.2.0.0
2024-11-30 13:30:13,805 [WARN] PackLoader:240 - Cannot read IP mode file for STMicroelectronics.FP-ATR-ASTRA1.1.1.0
2024-11-30 13:30:13,817 [WARN] PackLoader:240 - Cannot read IP mode file for STMicroelectronics.X-CUBE-AZRTOS-G4.1.0.0
2024-11-30 13:30:13,840 [WARN] PackLoader:240 - Cannot read IP mode file for STMicroelectronics.X-CUBE-AZRTOS-L4.1.0.0
2024-11-30 13:30:13,850 [WARN] PackLoader:240 - Cannot read IP mode file for STMicroelectronics.X-CUBE-ALS.1.0.2
2024-11-30 13:30:13,860 [WARN] PackLoader:240 - Cannot read IP mode file for STMicroelectronics.X-CUBE-AZRTOS-WL.1.0.0
2024-11-30 13:30:13,865 [WARN] PackLoader:240 - Cannot read IP mode file for STMicroelectronics.X-CUBE-TOUCHGFX.4.24.1
2024-11-30 13:30:13,891 [WARN] PackLoader:240 - Cannot read IP mode file for wolfSSL.I-CUBE-wolfTPM.3.4.0
2024-11-30 13:30:13,898 [WARN] PackLoader:240 - Cannot read IP mode file for portGmbH.I-Cube-SoM-uGOAL.1.1.0
2024-11-30 13:30:13,904 [WARN] PackLoader:240 - Cannot read IP mode file for STMicroelectronics.X-CUBE-ALS.1.0.1
2024-11-30 13:30:13,925 [WARN] PackLoader:240 - Cannot read IP mode file for STMicroelectronics.X-CUBE-AZRTOS-L5.1.0.0
2024-11-30 13:30:13,930 [WARN] PackLoader:240 - Cannot read IP mode file for STMicroelectronics.X-CUBE-EEPRMA1.3.1.1
2024-11-30 13:30:13,947 [WARN] PackLoader:240 - Cannot read IP mode file for STMicroelectronics.X-CUBE-AZRTOS-H7RS.1.0.0
2024-11-30 13:30:13,952 [WARN] PackLoader:240 - Cannot read IP mode file for STMicroelectronics.FP-ATR-ASTRA1.2.0.0
2024-11-30 13:30:13,962 [WARN] PackLoader:240 - Cannot read IP mode file for STMicroelectronics.X-CUBE-TOF1.3.4.2
2024-11-30 13:30:13,991 [WARN] PackLoader:240 - Cannot read IP mode file for Infineon.AIROC-Wi-Fi-Bluetooth-STM32.1.6.1
2024-11-30 13:30:13,996 [WARN] PackLoader:240 - Cannot read IP mode file for wolfSSL.I-CUBE-wolfSSH.1.4.17
2024-11-30 13:30:13,997 [INFO] ThirdParty:978 - Integrity check success = true
2024-11-30 13:30:13,997 [INFO] IntegrityCheckThread:100 - exiting critical section [integrity check]
2024-11-30 13:30:13,997 [INFO] IntegrityCheckThread:103 - End integrity checks thread
2024-11-30 13:30:15,331 [INFO] WebApp:448 - Apply proxy settings
2024-11-30 13:30:15,332 [INFO] WebApp:533 - Chromium requires no authentication
2024-11-30 13:30:15,339 [INFO] WebApp:476 - Direct internet connection detected
2024-11-30 13:30:15,370 [INFO] WebApp:869 - Register for checkConnection events
2024-11-30 13:30:15,370 [INFO] WebApp:448 - Apply proxy settings
2024-11-30 13:30:15,370 [INFO] WebApp:533 - Chromium requires no authentication
2024-11-30 13:30:15,372 [INFO] WebApp:476 - Direct internet connection detected
2024-11-30 13:30:15,615 [INFO] WebApp:220 - Starting web application
2024-11-30 13:30:15,616 [INFO] WebApp:578 - Web application path used C:\ST\STM32CubeIDE_1.16.1\STM32CubeIDE\plugins\com.st.stm32cube.common.mx_6.12.1.202409122256\db\plugins\mcufinder\reactClient1\index.html
2024-11-30 13:30:15,768 [INFO] UserAuth:417 - Internet connection configuration mode: 1
2024-11-30 13:30:16,562 [INFO] WebApp:186 - Connection restablished
